id,layer,templateId,tags,question,optionA,optionB,optionC,optionD,axes,sensitivity
"L1-L1-10-065-1403f7a8","L1","L1-10","习惯|提醒","如果只能选一个更贴近的：关于「晚睡」，什么样的提醒我比较能接受？","点到为止的一句","用关心口吻，别用命令","写在消息里，别反复电话","先问我是否需要提醒","short|tone|channel|ask","normal"
"L1-L1-10-066-7dc10fe3","L1","L1-10","习惯|提醒","最近这段时间，关于「晚睡」，什么样的提醒我比较能接受？","点到为止的一句","用关心口吻，别用命令","写在消息里，别反复电话","先问我是否需要提醒","short|tone|channel|ask","normal"
"L1-L1-10-063-65443715","L1","L1-10","习惯|提醒","在我们家沟通里，关于「周末睡到中午」，什么样的提醒我比较能接受？","点到为止的一句","用关心口吻，别用命令","写在消息里，别反复电话","先问我是否需要提醒","short|tone|channel|ask","normal"
"L1-L1-10-064-647d6b7c","L1","L1-10","习惯|提醒","关于「晚睡」，什么样的提醒我比较能接受？","点到为止的一句","用关心口吻，别用命令","写在消息里，别反复电话","先问我是否需要提醒","short|tone|channel|ask","normal"
"L1-L1-10-067-b266712f","L1","L1-10","习惯|提醒","在我们家沟通里，关于「晚睡」，什么样的提醒我比较能接受？","点到为止的一句","用关心口吻，别用命令","写在消息里，别反复电话","先问我是否需要提醒","short|tone|channel|ask","normal"
"L1-L1-10-070-bc7341a2","L1","L1-10","习惯|提醒","最近这段时间，关于「作息和家里不一致」，什么样的提醒我比较能接受？","点到为止的一句","用关心口吻，别用命令","写在消息里，别反复电话","先问我是否需要提醒","short|tone|channel|ask","normal"
"L1-L1-10-071-ab5cc916","L1","L1-10","习惯|提醒","在我们家沟通里，关于「作息和家里不一致」，什么样的提醒我比较能接受？","点到为止的一句","用关心口吻，别用命令","写在消息里，别反复电话","先问我是否需要提醒","short|tone|channel|ask","normal"
"L1-L1-10-068-49e23643","L1","L1-10","习惯|提醒","关于「作息和家里不一致」，什么样的提醒我比较能接受？","点到为止的一句","用关心口吻，别用命令","写在消息里，别反复电话","先问我是否需要提醒","short|tone|channel|ask","normal"
"L1-L1-10-069-46ee71cb","L1","L1-10","习惯|提醒","如果只能选一个更贴近的：关于「作息和家里不一致」，什么样的提醒我比较能接受？","点到为止的一句","用关心口吻，别用命令","写在消息里，别反复电话","先问我是否需要提醒","short|tone|channel|ask","normal"
"L1-L1-10-062-5b67bd76","L1","L1-10","习惯|提醒","最近这段时间，关于「周末睡到中午」，什么样的提醒我比较能接受？","点到为止的一句","用关心口吻，别用命令","写在消息里，别反复电话","先问我是否需要提醒","short|tone|channel|ask","normal"
"L1-L1-10-055-74154190","L1","L1-10","习惯|提醒","在我们家沟通里，关于「穿得更随性」，什么样的提醒我比较能接受？","点到为止的一句","用关心口吻，别用命令","写在消息里，别反复电话","先问我是否需要提醒","short|tone|channel|ask","normal"
"L1-L1-10-056-7158181a","L1","L1-10","习惯|提醒","关于「玩手机时间变长」，什么样的提醒我比较能接受？","点到为止的一句","用关心口吻，别用命令","写在消息里，别反复电话","先问我是否需要提醒","short|tone|channel|ask","normal"
"L1-L1-10-053-636413f6","L1","L1-10","习惯|提醒","如果只能选一个更贴近的：关于「穿得更随性」，什么样的提醒我比较能接受？","点到为止的一句","用关心口吻，别用命令","写在消息里，别反复电话","先问我是否需要提醒","short|tone|channel|ask","normal"
"L1-L1-10-054-06bef7c0","L1","L1-10","习惯|提醒","最近这段时间，关于「穿得更随性」，什么样的提醒我比较能接受？","点到为止的一句","用关心口吻，别用命令","写在消息里，别反复电话","先问我是否需要提醒","short|tone|channel|ask","normal"
"L1-L1-10-057-1915fb01","L1","L1-10","习惯|提醒","如果只能选一个更贴近的：关于「玩手机时间变长」，什么样的提醒我比较能接受？","点到为止的一句","用关心口吻，别用命令","写在消息里，别反复电话","先问我是否需要提醒","short|tone|channel|ask","normal"
"L1-L1-10-060-df6d590f","L1","L1-10","习惯|提醒","关于「周末睡到中午」，什么样的提醒我比较能接受？","点到为止的一句","用关心口吻，别用命令","写在消息里，别反复电话","先问我是否需要提醒","short|tone|channel|ask","normal"
"L1-L1-10-061-c2093db2","L1","L1-10","习惯|提醒","如果只能选一个更贴近的：关于「周末睡到中午」，什么样的提醒我比较能接受？","点到为止的一句","用关心口吻，别用命令","写在消息里，别反复电话","先问我是否需要提醒","short|tone|channel|ask","normal"
"L1-L1-10-058-7c14e296","L1","L1-10","习惯|提醒","最近这段时间，关于「玩手机时间变长」，什么样的提醒我比较能接受？","点到为止的一句","用关心口吻，别用命令","写在消息里，别反复电话","先问我是否需要提醒","short|tone|channel|ask","normal"
"L1-L1-10-059-e2ea0e5d","L1","L1-10","习惯|提醒","在我们家沟通里，关于「玩手机时间变长」，什么样的提醒我比较能接受？","点到为止的一句","用关心口吻，别用命令","写在消息里，别反复电话","先问我是否需要提醒","short|tone|channel|ask","normal"
"L1-L1-11-000-d69ce244","L1","L1-11","饮食","家里聊到「深夜想吃点东西」时，我更希望？","别上升到身体健康焦虑","尊重我的口味变化","给我选项，别替我点餐决定","当作小事，别反复提","deescalate|respect|choice|light","normal"
"L1-L1-11-013-bc9cdfc5","L1","L1-11","饮食","如果只能选一个更贴近的：家里聊到「想跳过某一餐」时，我更希望？","别上升到身体健康焦虑","尊重我的口味变化","给我选项，别替我点餐决定","当作小事，别反复提","deescalate|respect|choice|light","normal"
"L1-L1-11-014-3b06efc5","L1","L1-11","饮食","最近这段时间，家里聊到「想跳过某一餐」时，我更希望？","别上升到身体健康焦虑","尊重我的口味变化","给我选项，别替我点餐决定","当作小事，别反复提","deescalate|respect|choice|light","normal"
"L1-L1-11-011-967b2e3f","L1","L1-11","饮食","在我们家沟通里，家里聊到「减脂或控制饮食」时，我更希望？","别上升到身体健康焦虑","尊重我的口味变化","给我选项，别替我点餐决定","当作小事，别反复提","deescalate|respect|choice|light","normal"
"L1-L1-11-012-606bbde6","L1","L1-11","饮食","家里聊到「想跳过某一餐」时，我更希望？","别上升到身体健康焦虑","尊重我的口味变化","给我选项，别替我点餐决定","当作小事，别反复提","deescalate|respect|choice|light","normal"
"L1-L1-11-015-b8dd71b6","L1","L1-11","饮食","在我们家沟通里，家里聊到「想跳过某一餐」时，我更希望？","别上升到身体健康焦虑","尊重我的口味变化","给我选项，别替我点餐决定","当作小事，别反复提","deescalate|respect|choice|light","normal"
"L1-L1-11-018-4e395bbb","L1","L1-11","饮食","最近这段时间，家里聊到「想吃辣或重口」时，我更希望？","别上升到身体健康焦虑","尊重我的口味变化","给我选项，别替我点餐决定","当作小事，别反复提","deescalate|respect|choice|light","normal"
"L1-L1-11-019-cbeef44f","L1","L1-11","饮食","在我们家沟通里，家里聊到「想吃辣或重口」时，我更希望？","别上升到身体健康焦虑","尊重我的口味变化","给我选项，别替我点餐决定","当作小事，别反复提","deescalate|respect|choice|light","normal"
"L1-L1-11-016-4490a2ec","L1","L1-11","饮食","家里聊到「想吃辣或重口」时，我更希望？","别上升到身体健康焦虑","尊重我的口味变化","给我选项，别替我点餐决定","当作小事，别反复提","deescalate|respect|choice|light","normal"
"L1-L1-11-017-ee861748","L1","L1-11","饮食","如果只能选一个更贴近的：家里聊到「想吃辣或重口」时，我更希望？","别上升到身体健康焦虑","尊重我的口味变化","给我选项，别替我点餐决定","当作小事，别反复提","deescalate|respect|choice|light","normal"
"L1-L1-11-010-cb208944","L1","L1-11","饮食","最近这段时间，家里聊到「减脂或控制饮食」时，我更希望？","别上升到身体健康焦虑","尊重我的口味变化","给我选项，别替我点餐决定","当作小事，别反复提","deescalate|respect|choice|light","normal"
"L1-L1-11-003-2a3a01f3","L1","L1-11","饮食","在我们家沟通里，家里聊到「深夜想吃点东西」时，我更希望？","别上升到身体健康焦虑","尊重我的口味变化","给我选项，别替我点餐决定","当作小事，别反复提","deescalate|respect|choice|light","normal"
"L1-L1-11-004-4ec9404e","L1","L1-11","饮食","家里聊到「口味突然变了」时，我更希望？","别上升到身体健康焦虑","尊重我的口味变化","给我选项，别替我点餐决定","当作小事，别反复提","deescalate|respect|choice|light","normal"
"L1-L1-11-001-1e663af4","L1","L1-11","饮食","如果只能选一个更贴近的：家里聊到「深夜想吃点东西」时，我更希望？","别上升到身体健康焦虑","尊重我的口味变化","给我选项，别替我点餐决定","当作小事，别反复提","deescalate|respect|choice|light","normal"
"L1-L1-11-002-d69466ad","L1","L1-11","饮食","最近这段时间，家里聊到「深夜想吃点东西」时，我更希望？","别上升到身体健康焦虑","尊重我的口味变化","给我选项，别替我点餐决定","当作小事，别反复提","deescalate|respect|choice|light","normal"
"L1-L1-11-005-e03e5d4e","L1","L1-11","饮食","如果只能选一个更贴近的：家里聊到「口味突然变了」时，我更希望？","别上升到身体健康焦虑","尊重我的口味变化","给我选项，别替我点餐决定","当作小事，别反复提","deescalate|respect|choice|light","normal"
"L1-L1-11-008-232c3e1c","L1","L1-11","饮食","家里聊到「减脂或控制饮食」时，我更希望？","别上升到身体健康焦虑","尊重我的口味变化","给我选项，别替我点餐决定","当作小事，别反复提","deescalate|respect|choice|light","normal"
"L1-L1-11-009-1bbf537a","L1","L1-11","饮食","如果只能选一个更贴近的：家里聊到「减脂或控制饮食」时，我更希望？","别上升到身体健康焦虑","尊重我的口味变化","给我选项，别替我点餐决定","当作小事，别反复提","deescalate|respect|choice|light","normal"
"L1-L1-11-006-df12c96c","L1","L1-11","饮食","最近这段时间，家里聊到「口味突然变了」时，我更希望？","别上升到身体健康焦虑","尊重我的口味变化","给我选项，别替我点餐决定","当作小事，别反复提","deescalate|respect|choice|light","normal"
"L1-L1-11-007-464bf8f9","L1","L1-11","饮食","在我们家沟通里，家里聊到「口味突然变了」时，我更希望？","别上升到身体健康焦虑","尊重我的口味变化","给我选项，别替我点餐决定","当作小事，别反复提","deescalate|respect|choice|light","normal"
"L1-L1-10-052-f55f58ea","L1","L1-10","习惯|提醒","关于「穿得更随性」，什么样的提醒我比较能接受？","点到为止的一句","用关心口吻，别用命令","写在消息里，别反复电话","先问我是否需要提醒","short|tone|channel|ask","normal"
"L1-L1-10-025-a33fc52d","L1","L1-10","习惯|提醒","如果只能选一个更贴近的：关于「周末不回家」，什么样的提醒我比较能接受？","点到为止的一句","用关心口吻，别用命令","写在消息里，别反复电话","先问我是否需要提醒","short|tone|channel|ask","normal"
"L1-L1-10-026-d30c90f8","L1","L1-10","习惯|提醒","最近这段时间，关于「周末不回家」，什么样的提醒我比较能接受？","点到为止的一句","用关心口吻，别用命令","写在消息里，别反复电话","先问我是否需要提醒","short|tone|channel|ask","normal"
"L1-L1-10-023-9bfba5ff","L1","L1-10","习惯|提醒","在我们家沟通里，关于「很少发家庭群消息」，什么样的提醒我比较能接受？","点到为止的一句","用关心口吻，别用命令","写在消息里，别反复电话","先问我是否需要提醒","short|tone|channel|ask","normal"
"L1-L1-10-024-49006d31","L1","L1-10","习惯|提醒","关于「周末不回家」，什么样的提醒我比较能接受？","点到为止的一句","用关心口吻，别用命令","写在消息里，别反复电话","先问我是否需要提醒","short|tone|channel|ask","normal"
"L1-L1-10-027-786e86d6","L1","L1-10","习惯|提醒","在我们家沟通里，关于「周末不回家」，什么样的提醒我比较能接受？","点到为止的一句","用关心口吻，别用命令","写在消息里，别反复电话","先问我是否需要提醒","short|tone|channel|ask","normal"
"L1-L1-10-030-b30693e6","L1","L1-10","习惯|提醒","最近这段时间，关于「花小钱买喜欢的东西」，什么样的提醒我比较能接受？","点到为止的一句","用关心口吻，别用命令","写在消息里，别反复电话","先问我是否需要提醒","short|tone|channel|ask","normal"
"L1-L1-10-031-5e1a13e4","L1","L1-10","习惯|提醒","在我们家沟通里，关于「花小钱买喜欢的东西」，什么样的提醒我比较能接受？","点到为止的一句","用关心口吻，别用命令","写在消息里，别反复电话","先问我是否需要提醒","short|tone|channel|ask","normal"
"L1-L1-10-028-df906ff9","L1","L1-10","习惯|提醒","关于「花小钱买喜欢的东西」，什么样的提醒我比较能接受？","点到为止的一句","用关心口吻，别用命令","写在消息里，别反复电话","先问我是否需要提醒","short|tone|channel|ask","normal"
"L1-L1-10-029-37a73f34","L1","L1-10","习惯|提醒","如果只能选一个更贴近的：关于「花小钱买喜欢的东西」，什么样的提醒我比较能接受？","点到为止的一句","用关心口吻，别用命令","写在消息里，别反复电话","先问我是否需要提醒","short|tone|channel|ask","normal"
"L1-L1-10-022-74bfe88c","L1","L1-10","习惯|提醒","最近这段时间，关于「很少发家庭群消息」，什么样的提醒我比较能接受？","点到为止的一句","用关心口吻，别用命令","写在消息里，别反复电话","先问我是否需要提醒","short|tone|channel|ask","normal"
"L1-L1-10-015-95f952a9","L1","L1-10","习惯|提醒","在我们家沟通里，关于「房间有点乱」，什么样的提醒我比较能接受？","点到为止的一句","用关心口吻，别用命令","写在消息里，别反复电话","先问我是否需要提醒","short|tone|channel|ask","normal"
"L1-L1-10-016-922980a4","L1","L1-10","习惯|提醒","关于「染了或换了发型」，什么样的提醒我比较能接受？","点到为止的一句","用关心口吻，别用命令","写在消息里，别反复电话","先问我是否需要提醒","short|tone|channel|ask","normal"
"L1-L1-10-013-61dbaee0","L1","L1-10","习惯|提醒","如果只能选一个更贴近的：关于「房间有点乱」，什么样的提醒我比较能接受？","点到为止的一句","用关心口吻，别用命令","写在消息里，别反复电话","先问我是否需要提醒","short|tone|channel|ask","normal"
"L1-L1-10-014-0be28938","L1","L1-10","习惯|提醒","最近这段时间，关于「房间有点乱」，什么样的提醒我比较能接受？","点到为止的一句","用关心口吻，别用命令","写在消息里，别反复电话","先问我是否需要提醒","short|tone|channel|ask","normal"
"L1-L1-10-017-2a175f52","L1","L1-10","习惯|提醒","如果只能选一个更贴近的：关于「染了或换了发型」，什么样的提醒我比较能接受？","点到为止的一句","用关心口吻，别用命令","写在消息里，别反复电话","先问我是否需要提醒","short|tone|channel|ask","normal"
"L1-L1-10-020-b4f0db49","L1","L1-10","习惯|提醒","关于「很少发家庭群消息」，什么样的提醒我比较能接受？","点到为止的一句","用关心口吻，别用命令","写在消息里，别反复电话","先问我是否需要提醒","short|tone|channel|ask","normal"
"L1-L1-10-021-1f9f459d","L1","L1-10","习惯|提醒","如果只能选一个更贴近的：关于「很少发家庭群消息」，什么样的提醒我比较能接受？","点到为止的一句","用关心口吻，别用命令","写在消息里，别反复电话","先问我是否需要提醒","short|tone|channel|ask","normal"
"L1-L1-10-018-3d06e725","L1","L1-10","习惯|提醒","最近这段时间，关于「染了或换了发型」，什么样的提醒我比较能接受？","点到为止的一句","用关心口吻，别用命令","写在消息里，别反复电话","先问我是否需要提醒","short|tone|channel|ask","normal"
"L1-L1-10-019-e8d4a0a3","L1","L1-10","习惯|提醒","在我们家沟通里，关于「染了或换了发型」，什么样的提醒我比较能接受？","点到为止的一句","用关心口吻，别用命令","写在消息里，别反复电话","先问我是否需要提醒","short|tone|channel|ask","normal"
"L1-L1-10-032-b8358470","L1","L1-10","习惯|提醒","关于「购物偏线上」，什么样的提醒我比较能接受？","点到为止的一句","用关心口吻，别用命令","写在消息里，别反复电话","先问我是否需要提醒","short|tone|channel|ask","normal"
"L1-L1-10-045-bd78e178","L1","L1-10","习惯|提醒","如果只能选一个更贴近的：关于「喜欢戴耳机独处」，什么样的提醒我比较能接受？","点到为止的一句","用关心口吻，别用命令","写在消息里，别反复电话","先问我是否需要提醒","short|tone|channel|ask","normal"
"L1-L1-10-046-f8c88603","L1","L1-10","习惯|提醒","最近这段时间，关于「喜欢戴耳机独处」，什么样的提醒我比较能接受？","点到为止的一句","用关心口吻，别用命令","写在消息里，别反复电话","先问我是否需要提醒","short|tone|channel|ask","normal"
"L1-L1-10-043-3981b9af","L1","L1-10","习惯|提醒","在我们家沟通里，关于「喝咖啡提神」，什么样的提醒我比较能接受？","点到为止的一句","用关心口吻，别用命令","写在消息里，别反复电话","先问我是否需要提醒","short|tone|channel|ask","normal"
"L1-L1-10-044-9f877e11","L1","L1-10","习惯|提醒","关于「喜欢戴耳机独处」，什么样的提醒我比较能接受？","点到为止的一句","用关心口吻，别用命令","写在消息里，别反复电话","先问我是否需要提醒","short|tone|channel|ask","normal"
"L1-L1-10-047-a5c871e1","L1","L1-10","习惯|提醒","在我们家沟通里，关于「喜欢戴耳机独处」，什么样的提醒我比较能接受？","点到为止的一句","用关心口吻，别用命令","写在消息里，别反复电话","先问我是否需要提醒","short|tone|channel|ask","normal"
"L1-L1-10-050-138b5c0b","L1","L1-10","习惯|提醒","最近这段时间，关于「不吃早饭」，什么样的提醒我比较能接受？","点到为止的一句","用关心口吻，别用命令","写在消息里，别反复电话","先问我是否需要提醒","short|tone|channel|ask","normal"
"L1-L1-10-051-7bf55ecc","L1","L1-10","习惯|提醒","在我们家沟通里，关于「不吃早饭」，什么样的提醒我比较能接受？","点到为止的一句","用关心口吻，别用命令","写在消息里，别反复电话","先问我是否需要提醒","short|tone|channel|ask","normal"
"L1-L1-10-048-835d6859","L1","L1-10","习惯|提醒","关于「不吃早饭」，什么样的提醒我比较能接受？","点到为止的一句","用关心口吻，别用命令","写在消息里，别反复电话","先问我是否需要提醒","short|tone|channel|ask","normal"
"L1-L1-10-049-dcd9f970","L1","L1-10","习惯|提醒","如果只能选一个更贴近的：关于「不吃早饭」，什么样的提醒我比较能接受？","点到为止的一句","用关心口吻，别用命令","写在消息里，别反复电话","先问我是否需要提醒","short|tone|channel|ask","normal"
"L1-L1-10-042-a5dee018","L1","L1-10","习惯|提醒","最近这段时间，关于「喝咖啡提神」，什么样的提醒我比较能接受？","点到为止的一句","用关心口吻，别用命令","写在消息里，别反复电话","先问我是否需要提醒","short|tone|channel|ask","normal"
"L1-L1-10-035-fe1fc81a","L1","L1-10","习惯|提醒","在我们家沟通里，关于「购物偏线上」，什么样的提醒我比较能接受？","点到为止的一句","用关心口吻，别用命令","写在消息里，别反复电话","先问我是否需要提醒","short|tone|channel|ask","normal"
"L1-L1-10-036-52943252","L1","L1-10","习惯|提醒","关于「养了兴趣班之外的爱好」，什么样的提醒我比较能接受？","点到为止的一句","用关心口吻，别用命令","写在消息里，别反复电话","先问我是否需要提醒","short|tone|channel|ask","normal"
"L1-L1-10-033-d9901ad9","L1","L1-10","习惯|提醒","如果只能选一个更贴近的：关于「购物偏线上」，什么样的提醒我比较能接受？","点到为止的一句","用关心口吻，别用命令","写在消息里，别反复电话","先问我是否需要提醒","short|tone|channel|ask","normal"
"L1-L1-10-034-35e768fa","L1","L1-10","习惯|提醒","最近这段时间，关于「购物偏线上」，什么样的提醒我比较能接受？","点到为止的一句","用关心口吻，别用命令","写在消息里，别反复电话","先问我是否需要提醒","short|tone|channel|ask","normal"
"L1-L1-10-037-49202751","L1","L1-10","习惯|提醒","如果只能选一个更贴近的：关于「养了兴趣班之外的爱好」，什么样的提醒我比较能接受？","点到为止的一句","用关心口吻，别用命令","写在消息里，别反复电话","先问我是否需要提醒","short|tone|channel|ask","normal"
"L1-L1-10-040-f989d360","L1","L1-10","习惯|提醒","关于「喝咖啡提神」，什么样的提醒我比较能接受？","点到为止的一句","用关心口吻，别用命令","写在消息里，别反复电话","先问我是否需要提醒","short|tone|channel|ask","normal"
"L1-L1-10-041-7e027c5d","L1","L1-10","习惯|提醒","如果只能选一个更贴近的：关于「喝咖啡提神」，什么样的提醒我比较能接受？","点到为止的一句","用关心口吻，别用命令","写在消息里，别反复电话","先问我是否需要提醒","short|tone|channel|ask","normal"
"L1-L1-10-038-171bf1c3","L1","L1-10","习惯|提醒","最近这段时间，关于「养了兴趣班之外的爱好」，什么样的提醒我比较能接受？","点到为止的一句","用关心口吻，别用命令","写在消息里，别反复电话","先问我是否需要提醒","short|tone|channel|ask","normal"
"L1-L1-10-039-843e7579","L1","L1-10","习惯|提醒","在我们家沟通里，关于「养了兴趣班之外的爱好」，什么样的提醒我比较能接受？","点到为止的一句","用关心口吻，别用命令","写在消息里，别反复电话","先问我是否需要提醒","short|tone|channel|ask","normal"
"L1-L1-12-012-401e4fb8","L1","L1-12","作息","我「白天补觉」，你们怎样解读更贴近我？","我在用自己的方式恢复","阶段性状态，不代表堕落","我需要边界，不是故意对抗","我知道利害，请少一点压力","recover|phase|boundary|pressure","normal"
"L1-L1-12-013-9c36a228","L1","L1-12","作息","如果只能选一个更贴近的：我「白天补觉」，你们怎样解读更贴近我？","我在用自己的方式恢复","阶段性状态，不代表堕落","我需要边界，不是故意对抗","我知道利害，请少一点压力","recover|phase|boundary|pressure","normal"
"L1-L1-12-010-52044753","L1","L1-12","作息","最近这段时间，我「失眠躺着睡不着」，你们怎样解读更贴近我？","我在用自己的方式恢复","阶段性状态，不代表堕落","我需要边界，不是故意对抗","我知道利害，请少一点压力","recover|phase|boundary|pressure","normal"
"L1-L1-12-011-22d87032","L1","L1-12","作息","在我们家沟通里，我「失眠躺着睡不着」，你们怎样解读更贴近我？","我在用自己的方式恢复","阶段性状态，不代表堕落","我需要边界，不是故意对抗","我知道利害，请少一点压力","recover|phase|boundary|pressure","normal"
"L1-L1-12-014-6747c5a0","L1","L1-12","作息","最近这段时间，我「白天补觉」，你们怎样解读更贴近我？","我在用自己的方式恢复","阶段性状态，不代表堕落","我需要边界，不是故意对抗","我知道利害，请少一点压力","recover|phase|boundary|pressure","normal"
"L1-L1-12-017-fc023cbc","L1","L1-12","作息","如果只能选一个更贴近的：我「倒时差睡乱了」，你们怎样解读更贴近我？","我在用自己的方式恢复","阶段性状态，不代表堕落","我需要边界，不是故意对抗","我知道利害，请少一点压力","recover|phase|boundary|pressure","normal"
"L1-L1-12-018-3f4d5b11","L1","L1-12","作息","最近这段时间，我「倒时差睡乱了」，你们怎样解读更贴近我？","我在用自己的方式恢复","阶段性状态，不代表堕落","我需要边界，不是故意对抗","我知道利害，请少一点压力","recover|phase|boundary|pressure","normal"
"L1-L1-12-015-deaa7f6e","L1","L1-12","作息","在我们家沟通里，我「白天补觉」，你们怎样解读更贴近我？","我在用自己的方式恢复","阶段性状态，不代表堕落","我需要边界，不是故意对抗","我知道利害，请少一点压力","recover|phase|boundary|pressure","normal"
"L1-L1-12-016-18222904","L1","L1-12","作息","我「倒时差睡乱了」，你们怎样解读更贴近我？","我在用自己的方式恢复","阶段性状态，不代表堕落","我需要边界，不是故意对抗","我知道利害，请少一点压力","recover|phase|boundary|pressure","normal"
"L1-L1-12-009-ff420e29","L1","L1-12","作息","如果只能选一个更贴近的：我「失眠躺着睡不着」，你们怎样解读更贴近我？","我在用自己的方式恢复","阶段性状态，不代表堕落","我需要边界，不是故意对抗","我知道利害，请少一点压力","recover|phase|boundary|pressure","normal"
"L1-L1-12-002-f8894029","L1","L1-12","作息","最近这段时间，我「想把作息往前调」，你们怎样解读更贴近我？","我在用自己的方式恢复","阶段性状态，不代表堕落","我需要边界，不是故意对抗","我知道利害，请少一点压力","recover|phase|boundary|pressure","normal"
"L1-L1-12-003-b03a6c31","L1","L1-12","作息","在我们家沟通里，我「想把作息往前调」，你们怎样解读更贴近我？","我在用自己的方式恢复","阶段性状态，不代表堕落","我需要边界，不是故意对抗","我知道利害，请少一点压力","recover|phase|boundary|pressure","normal"
"L1-L1-12-000-89899f90","L1","L1-12","作息","我「想把作息往前调」，你们怎样解读更贴近我？","我在用自己的方式恢复","阶段性状态，不代表堕落","我需要边界，不是故意对抗","我知道利害，请少一点压力","recover|phase|boundary|pressure","normal"
"L1-L1-12-001-9c176eb5","L1","L1-12","作息","如果只能选一个更贴近的：我「想把作息往前调」，你们怎样解读更贴近我？","我在用自己的方式恢复","阶段性状态，不代表堕落","我需要边界，不是故意对抗","我知道利害，请少一点压力","recover|phase|boundary|pressure","normal"
"L1-L1-12-004-98b80a9c","L1","L1-12","作息","我「想把作息往后调」，你们怎样解读更贴近我？","我在用自己的方式恢复","阶段性状态，不代表堕落","我需要边界，不是故意对抗","我知道利害，请少一点压力","recover|phase|boundary|pressure","normal"
"L1-L1-12-007-dad04bcd","L1","L1-12","作息","在我们家沟通里，我「想把作息往后调」，你们怎样解读更贴近我？","我在用自己的方式恢复","阶段性状态，不代表堕落","我需要边界，不是故意对抗","我知道利害，请少一点压力","recover|phase|boundary|pressure","normal"
"L1-L1-12-008-7ebf3edb","L1","L1-12","作息","我「失眠躺着睡不着」，你们怎样解读更贴近我？","我在用自己的方式恢复","阶段性状态，不代表堕落","我需要边界，不是故意对抗","我知道利害，请少一点压力","recover|phase|boundary|pressure","normal"
"L1-L1-12-005-c47a68df","L1","L1-12","作息","如果只能选一个更贴近的：我「想把作息往后调」，你们怎样解读更贴近我？","我在用自己的方式恢复","阶段性状态，不代表堕落","我需要边界，不是故意对抗","我知道利害，请少一点压力","recover|phase|boundary|pressure","normal"
"L1-L1-12-006-a87948af","L1","L1-12","作息","最近这段时间，我「想把作息往后调」，你们怎样解读更贴近我？","我在用自己的方式恢复","阶段性状态，不代表堕落","我需要边界，不是故意对抗","我知道利害，请少一点压力","recover|phase|boundary|pressure","normal"
"L1-L1-12-019-c3ebb78c","L1","L1-12","作息","在我们家沟通里，我「倒时差睡乱了」，你们怎样解读更贴近我？","我在用自己的方式恢复","阶段性状态，不代表堕落","我需要边界，不是故意对抗","我知道利害，请少一点压力","recover|phase|boundary|pressure","normal"
"L1-L1-12-032-fa5bb42f","L1","L1-12","作息","我「周末想睡到自然醒」，你们怎样解读更贴近我？","我在用自己的方式恢复","阶段性状态，不代表堕落","我需要边界，不是故意对抗","我知道利害，请少一点压力","recover|phase|boundary|pressure","normal"
"L1-L1-12-033-15771263","L1","L1-12","作息","如果只能选一个更贴近的：我「周末想睡到自然醒」，你们怎样解读更贴近我？","我在用自己的方式恢复","阶段性状态，不代表堕落","我需要边界，不是故意对抗","我知道利害，请少一点压力","recover|phase|boundary|pressure","normal"
"L1-L1-12-030-e13c31ce","L1","L1-12","作息","最近这段时间，我「想晚睡一会」，你们怎样解读更贴近我？","我在用自己的方式恢复","阶段性状态，不代表堕落","我需要边界，不是故意对抗","我知道利害，请少一点压力","recover|phase|boundary|pressure","normal"
"L1-L1-12-031-e1c68b2a","L1","L1-12","作息","在我们家沟通里，我「想晚睡一会」，你们怎样解读更贴近我？","我在用自己的方式恢复","阶段性状态，不代表堕落","我需要边界，不是故意对抗","我知道利害，请少一点压力","recover|phase|boundary|pressure","normal"
"L1-L1-12-034-d7db3774","L1","L1-12","作息","最近这段时间，我「周末想睡到自然醒」，你们怎样解读更贴近我？","我在用自己的方式恢复","阶段性状态，不代表堕落","我需要边界，不是故意对抗","我知道利害，请少一点压力","recover|phase|boundary|pressure","normal"
"L1-L1-12-037-81511c0e","L1","L1-12","作息","如果只能选一个更贴近的：我「被早起电话吵醒」，你们怎样解读更贴近我？","我在用自己的方式恢复","阶段性状态，不代表堕落","我需要边界，不是故意对抗","我知道利害，请少一点压力","recover|phase|boundary|pressure","normal"
"L1-L1-12-038-cae0590d","L1","L1-12","作息","最近这段时间，我「被早起电话吵醒」，你们怎样解读更贴近我？","我在用自己的方式恢复","阶段性状态，不代表堕落","我需要边界，不是故意对抗","我知道利害，请少一点压力","recover|phase|boundary|pressure","normal"
"L1-L1-12-035-82abb7a9","L1","L1-12","作息","在我们家沟通里，我「周末想睡到自然醒」，你们怎样解读更贴近我？","我在用自己的方式恢复","阶段性状态，不代表堕落","我需要边界，不是故意对抗","我知道利害，请少一点压力","recover|phase|boundary|pressure","normal"
"L1-L1-12-036-d5efc57d","L1","L1-12","作息","我「被早起电话吵醒」，你们怎样解读更贴近我？","我在用自己的方式恢复","阶段性状态，不代表堕落","我需要边界，不是故意对抗","我知道利害，请少一点压力","recover|phase|boundary|pressure","normal"
"L1-L1-12-029-dfbe0949","L1","L1-12","作息","如果只能选一个更贴近的：我「想晚睡一会」，你们怎样解读更贴近我？","我在用自己的方式恢复","阶段性状态，不代表堕落","我需要边界，不是故意对抗","我知道利害，请少一点压力","recover|phase|boundary|pressure","normal"
"L1-L1-12-022-dca82876","L1","L1-12","作息","最近这段时间，我「需要午睡恢复精力」，你们怎样解读更贴近我？","我在用自己的方式恢复","阶段性状态，不代表堕落","我需要边界，不是故意对抗","我知道利害，请少一点压力","recover|phase|boundary|pressure","normal"
"L1-L1-12-023-3e60343a","L1","L1-12","作息","在我们家沟通里，我「需要午睡恢复精力」，你们怎样解读更贴近我？","我在用自己的方式恢复","阶段性状态，不代表堕落","我需要边界，不是故意对抗","我知道利害，请少一点压力","recover|phase|boundary|pressure","normal"
"L1-L1-12-020-e1164fd3","L1","L1-12","作息","我「需要午睡恢复精力」，你们怎样解读更贴近我？","我在用自己的方式恢复","阶段性状态，不代表堕落","我需要边界，不是故意对抗","我知道利害，请少一点压力","recover|phase|boundary|pressure","normal"
"L1-L1-12-021-e008163d","L1","L1-12","作息","如果只能选一个更贴近的：我「需要午睡恢复精力」，你们怎样解读更贴近我？","我在用自己的方式恢复","阶段性状态，不代表堕落","我需要边界，不是故意对抗","我知道利害，请少一点压力","recover|phase|boundary|pressure","normal"
"L1-L1-12-024-36e91976","L1","L1-12","作息","我「出差住酒店睡不好」，你们怎样解读更贴近我？","我在用自己的方式恢复","阶段性状态，不代表堕落","我需要边界，不是故意对抗","我知道利害，请少一点压力","recover|phase|boundary|pressure","normal"
"L1-L1-12-027-3cbaa691","L1","L1-12","作息","在我们家沟通里，我「出差住酒店睡不好」，你们怎样解读更贴近我？","我在用自己的方式恢复","阶段性状态，不代表堕落","我需要边界，不是故意对抗","我知道利害，请少一点压力","recover|phase|boundary|pressure","normal"
"L1-L1-12-028-e674506a","L1","L1-12","作息","我「想晚睡一会」，你们怎样解读更贴近我？","我在用自己的方式恢复","阶段性状态，不代表堕落","我需要边界，不是故意对抗","我知道利害，请少一点压力","recover|phase|boundary|pressure","normal"
"L1-L1-12-025-b559a927","L1","L1-12","作息","如果只能选一个更贴近的：我「出差住酒店睡不好」，你们怎样解读更贴近我？","我在用自己的方式恢复","阶段性状态，不代表堕落","我需要边界，不是故意对抗","我知道利害，请少一点压力","recover|phase|boundary|pressure","normal"
"L1-L1-12-026-33e0f2be","L1","L1-12","作息","最近这段时间，我「出差住酒店睡不好」，你们怎样解读更贴近我？","我在用自己的方式恢复","阶段性状态，不代表堕落","我需要边界，不是故意对抗","我知道利害，请少一点压力","recover|phase|boundary|pressure","normal"
"L1-L1-11-059-556c1ef4","L1","L1-11","饮食","在我们家沟通里，家里聊到「想自己做饭但不想被指导」时，我更希望？","别上升到身体健康焦虑","尊重我的口味变化","给我选项，别替我点餐决定","当作小事，别反复提","deescalate|respect|choice|light","normal"
"L1-L1-11-032-528eb219","L1","L1-11","饮食","家里聊到「想尝试新餐厅」时，我更希望？","别上升到身体健康焦虑","尊重我的口味变化","给我选项，别替我点餐决定","当作小事，别反复提","deescalate|respect|choice|light","normal"
"L1-L1-11-033-d581de64","L1","L1-11","饮食","如果只能选一个更贴近的：家里聊到「想尝试新餐厅」时，我更希望？","别上升到身体健康焦虑","尊重我的口味变化","给我选项，别替我点餐决定","当作小事，别反复提","deescalate|respect|choice|light","normal"
"L1-L1-11-030-50a3d291","L1","L1-11","饮食","最近这段时间，家里聊到「节食后反弹焦虑」时，我更希望？","别上升到身体健康焦虑","尊重我的口味变化","给我选项，别替我点餐决定","当作小事，别反复提","deescalate|respect|choice|light","normal"
"L1-L1-11-031-0d071024","L1","L1-11","饮食","在我们家沟通里，家里聊到「节食后反弹焦虑」时，我更希望？","别上升到身体健康焦虑","尊重我的口味变化","给我选项，别替我点餐决定","当作小事，别反复提","deescalate|respect|choice|light","normal"
"L1-L1-11-034-10fb48d9","L1","L1-11","饮食","最近这段时间，家里聊到「想尝试新餐厅」时，我更希望？","别上升到身体健康焦虑","尊重我的口味变化","给我选项，别替我点餐决定","当作小事，别反复提","deescalate|respect|choice|light","normal"
"L1-L1-11-037-32d17356","L1","L1-11","饮食","如果只能选一个更贴近的：家里聊到「和朋友约饭到很晚」时，我更希望？","别上升到身体健康焦虑","尊重我的口味变化","给我选项，别替我点餐决定","当作小事，别反复提","deescalate|respect|choice|light","normal"
"L1-L1-11-038-74080ec9","L1","L1-11","饮食","最近这段时间，家里聊到「和朋友约饭到很晚」时，我更希望？","别上升到身体健康焦虑","尊重我的口味变化","给我选项，别替我点餐决定","当作小事，别反复提","deescalate|respect|choice|light","normal"
"L1-L1-11-035-66158375","L1","L1-11","饮食","在我们家沟通里，家里聊到「想尝试新餐厅」时，我更希望？","别上升到身体健康焦虑","尊重我的口味变化","给我选项，别替我点餐决定","当作小事，别反复提","deescalate|respect|choice|light","normal"
"L1-L1-11-036-98330956","L1","L1-11","饮食","家里聊到「和朋友约饭到很晚」时，我更希望？","别上升到身体健康焦虑","尊重我的口味变化","给我选项，别替我点餐决定","当作小事，别反复提","deescalate|respect|choice|light","normal"
"L1-L1-11-029-5d90e3a3","L1","L1-11","饮食","如果只能选一个更贴近的：家里聊到「节食后反弹焦虑」时，我更希望？","别上升到身体健康焦虑","尊重我的口味变化","给我选项，别替我点餐决定","当作小事，别反复提","deescalate|respect|choice|light","normal"
"L1-L1-11-022-36f5d1f1","L1","L1-11","饮食","最近这段时间，家里聊到「只想吃清淡的」时，我更希望？","别上升到身体健康焦虑","尊重我的口味变化","给我选项，别替我点餐决定","当作小事，别反复提","deescalate|respect|choice|light","normal"
"L1-L1-11-023-61c55823","L1","L1-11","饮食","在我们家沟通里，家里聊到「只想吃清淡的」时，我更希望？","别上升到身体健康焦虑","尊重我的口味变化","给我选项，别替我点餐决定","当作小事，别反复提","deescalate|respect|choice|light","normal"
"L1-L1-11-020-69b95085","L1","L1-11","饮食","家里聊到「只想吃清淡的」时，我更希望？","别上升到身体健康焦虑","尊重我的口味变化","给我选项，别替我点餐决定","当作小事，别反复提","deescalate|respect|choice|light","normal"
"L1-L1-11-021-6a300acc","L1","L1-11","饮食","如果只能选一个更贴近的：家里聊到「只想吃清淡的」时，我更希望？","别上升到身体健康焦虑","尊重我的口味变化","给我选项，别替我点餐决定","当作小事，别反复提","deescalate|respect|choice|light","normal"
"L1-L1-11-024-efd95f5c","L1","L1-11","饮食","家里聊到「不想吃剩菜被劝」时，我更希望？","别上升到身体健康焦虑","尊重我的口味变化","给我选项，别替我点餐决定","当作小事，别反复提","deescalate|respect|choice|light","normal"
"L1-L1-11-027-352506c2","L1","L1-11","饮食","在我们家沟通里，家里聊到「不想吃剩菜被劝」时，我更希望？","别上升到身体健康焦虑","尊重我的口味变化","给我选项，别替我点餐决定","当作小事，别反复提","deescalate|respect|choice|light","normal"
"L1-L1-11-028-06083450","L1","L1-11","饮食","家里聊到「节食后反弹焦虑」时，我更希望？","别上升到身体健康焦虑","尊重我的口味变化","给我选项，别替我点餐决定","当作小事，别反复提","deescalate|respect|choice|light","normal"
"L1-L1-11-025-e4359554","L1","L1-11","饮食","如果只能选一个更贴近的：家里聊到「不想吃剩菜被劝」时，我更希望？","别上升到身体健康焦虑","尊重我的口味变化","给我选项，别替我点餐决定","当作小事，别反复提","deescalate|respect|choice|light","normal"
"L1-L1-11-026-b8f89e03","L1","L1-11","饮食","最近这段时间，家里聊到「不想吃剩菜被劝」时，我更希望？","别上升到身体健康焦虑","尊重我的口味变化","给我选项，别替我点餐决定","当作小事，别反复提","deescalate|respect|choice|light","normal"
"L1-L1-11-039-229453b4","L1","L1-11","饮食","在我们家沟通里，家里聊到「和朋友约饭到很晚」时，我更希望？","别上升到身体健康焦虑","尊重我的口味变化","给我选项，别替我点餐决定","当作小事，别反复提","deescalate|respect|choice|light","normal"
"L1-L1-11-052-611cfce5","L1","L1-11","饮食","家里聊到「想点外卖解决」时，我更希望？","别上升到身体健康焦虑","尊重我的口味变化","给我选项，别替我点餐决定","当作小事，别反复提","deescalate|respect|choice|light","normal"
"L1-L1-11-053-e4f4e1a1","L1","L1-11","饮食","如果只能选一个更贴近的：家里聊到「想点外卖解决」时，我更希望？","别上升到身体健康焦虑","尊重我的口味变化","给我选项，别替我点餐决定","当作小事，别反复提","deescalate|respect|choice|light","normal"
"L1-L1-11-050-6a646b2b","L1","L1-11","饮食","最近这段时间，家里聊到「肠胃不适只能喝粥」时，我更希望？","别上升到身体健康焦虑","尊重我的口味变化","给我选项，别替我点餐决定","当作小事，别反复提","deescalate|respect|choice|light","normal"
"L1-L1-11-051-f16fbd5d","L1","L1-11","饮食","在我们家沟通里，家里聊到「肠胃不适只能喝粥」时，我更希望？","别上升到身体健康焦虑","尊重我的口味变化","给我选项，别替我点餐决定","当作小事，别反复提","deescalate|respect|choice|light","normal"
"L1-L1-11-054-4c6b2666","L1","L1-11","饮食","最近这段时间，家里聊到「想点外卖解决」时，我更希望？","别上升到身体健康焦虑","尊重我的口味变化","给我选项，别替我点餐决定","当作小事，别反复提","deescalate|respect|choice|light","normal"
"L1-L1-11-057-489af3b0","L1","L1-11","饮食","如果只能选一个更贴近的：家里聊到「想自己做饭但不想被指导」时，我更希望？","别上升到身体健康焦虑","尊重我的口味变化","给我选项，别替我点餐决定","当作小事，别反复提","deescalate|respect|choice|light","normal"
"L1-L1-11-058-57c5fdd0","L1","L1-11","饮食","最近这段时间，家里聊到「想自己做饭但不想被指导」时，我更希望？","别上升到身体健康焦虑","尊重我的口味变化","给我选项，别替我点餐决定","当作小事，别反复提","deescalate|respect|choice|light","normal"
"L1-L1-11-055-678fd6fc","L1","L1-11","饮食","在我们家沟通里，家里聊到「想点外卖解决」时，我更希望？","别上升到身体健康焦虑","尊重我的口味变化","给我选项，别替我点餐决定","当作小事，别反复提","deescalate|respect|choice|light","normal"
"L1-L1-11-056-09e7db79","L1","L1-11","饮食","家里聊到「想自己做饭但不想被指导」时，我更希望？","别上升到身体健康焦虑","尊重我的口味变化","给我选项，别替我点餐决定","当作小事，别反复提","deescalate|respect|choice|light","normal"
"L1-L1-11-049-39badd1f","L1","L1-11","饮食","如果只能选一个更贴近的：家里聊到「肠胃不适只能喝粥」时，我更希望？","别上升到身体健康焦虑","尊重我的口味变化","给我选项，别替我点餐决定","当作小事，别反复提","deescalate|respect|choice|light","normal"
"L1-L1-11-042-8cfff781","L1","L1-11","饮食","最近这段时间，家里聊到「聚餐被劝酒或劝菜」时，我更希望？","别上升到身体健康焦虑","尊重我的口味变化","给我选项，别替我点餐决定","当作小事，别反复提","deescalate|respect|choice|light","normal"
"L1-L1-11-043-b8cfd65f","L1","L1-11","饮食","在我们家沟通里，家里聊到「聚餐被劝酒或劝菜」时，我更希望？","别上升到身体健康焦虑","尊重我的口味变化","给我选项，别替我点餐决定","当作小事，别反复提","deescalate|respect|choice|light","normal"
"L1-L1-11-040-004f9012","L1","L1-11","饮食","家里聊到「聚餐被劝酒或劝菜」时，我更希望？","别上升到身体健康焦虑","尊重我的口味变化","给我选项，别替我点餐决定","当作小事，别反复提","deescalate|respect|choice|light","normal"
"L1-L1-11-041-15c3c387","L1","L1-11","饮食","如果只能选一个更贴近的：家里聊到「聚餐被劝酒或劝菜」时，我更希望？","别上升到身体健康焦虑","尊重我的口味变化","给我选项，别替我点餐决定","当作小事，别反复提","deescalate|respect|choice|light","normal"
"L1-L1-11-044-d7ea9d8a","L1","L1-11","饮食","家里聊到「不想按时吃饭」时，我更希望？","别上升到身体健康焦虑","尊重我的口味变化","给我选项，别替我点餐决定","当作小事，别反复提","deescalate|respect|choice|light","normal"
"L1-L1-11-047-b4fd1f2b","L1","L1-11","饮食","在我们家沟通里，家里聊到「不想按时吃饭」时，我更希望？","别上升到身体健康焦虑","尊重我的口味变化","给我选项，别替我点餐决定","当作小事，别反复提","deescalate|respect|choice|light","normal"
"L1-L1-11-048-8f160971","L1","L1-11","饮食","家里聊到「肠胃不适只能喝粥」时，我更希望？","别上升到身体健康焦虑","尊重我的口味变化","给我选项，别替我点餐决定","当作小事，别反复提","deescalate|respect|choice|light","normal"
"L1-L1-11-045-4470c86b","L1","L1-11","饮食","如果只能选一个更贴近的：家里聊到「不想按时吃饭」时，我更希望？","别上升到身体健康焦虑","尊重我的口味变化","给我选项，别替我点餐决定","当作小事，别反复提","deescalate|respect|choice|light","normal"
"L1-L1-11-046-616748eb","L1","L1-11","饮食","最近这段时间，家里聊到「不想按时吃饭」时，我更希望？","别上升到身体健康焦虑","尊重我的口味变化","给我选项，别替我点餐决定","当作小事，别反复提","deescalate|respect|choice|light","normal"
"L1-L1-10-012-401dc99e","L1","L1-10","习惯|提醒","关于「房间有点乱」，什么样的提醒我比较能接受？","点到为止的一句","用关心口吻，别用命令","写在消息里，别反复电话","先问我是否需要提醒","short|tone|channel|ask","normal"
"L1-L1-07-018-5a23794d","L1","L1-07","家务|空间","最近这段时间，关于「家庭群里要不要秒回」，我更认同哪种说法？","我想有更多自主权","可以商量，但别单方面规定","有底线就好，细节我自己定","希望你们先问我的想法","autonomy|negotiate|boundary|ask","normal"
"L1-L1-07-019-63269010","L1","L1-07","家务|空间","在我们家沟通里，关于「家庭群里要不要秒回」，我更认同哪种说法？","我想有更多自主权","可以商量，但别单方面规定","有底线就好，细节我自己定","希望你们先问我的想法","autonomy|negotiate|boundary|ask","normal"
"L1-L1-07-016-6ceebf16","L1","L1-07","家务|空间","关于「家庭群里要不要秒回」，我更认同哪种说法？","我想有更多自主权","可以商量，但别单方面规定","有底线就好，细节我自己定","希望你们先问我的想法","autonomy|negotiate|boundary|ask","normal"
"L1-L1-07-017-69ed3bab","L1","L1-07","家务|空间","如果只能选一个更贴近的：关于「家庭群里要不要秒回」，我更认同哪种说法？","我想有更多自主权","可以商量，但别单方面规定","有底线就好，细节我自己定","希望你们先问我的想法","autonomy|negotiate|boundary|ask","normal"
"L1-L1-07-020-ec005732","L1","L1-07","家务|空间","关于「是否公开工资细节」，我更认同哪种说法？","我想有更多自主权","可以商量，但别单方面规定","有底线就好，细节我自己定","希望你们先问我的想法","autonomy|negotiate|boundary|ask","normal"
"L1-L1-07-023-6503f111","L1","L1-07","家务|空间","在我们家沟通里，关于「是否公开工资细节」，我更认同哪种说法？","我想有更多自主权","可以商量，但别单方面规定","有底线就好，细节我自己定","希望你们先问我的想法","autonomy|negotiate|boundary|ask","normal"
"L1-L1-07-024-f0b1ef45","L1","L1-07","家务|空间","关于「门锁和隐私边界」，我更认同哪种说法？","我想有更多自主权","可以商量，但别单方面规定","有底线就好，细节我自己定","希望你们先问我的想法","autonomy|negotiate|boundary|ask","normal"
"L1-L1-07-021-94a12357","L1","L1-07","家务|空间","如果只能选一个更贴近的：关于「是否公开工资细节」，我更认同哪种说法？","我想有更多自主权","可以商量，但别单方面规定","有底线就好，细节我自己定","希望你们先问我的想法","autonomy|negotiate|boundary|ask","normal"
"L1-L1-07-022-5aa345b1","L1","L1-07","家务|空间","最近这段时间，关于「是否公开工资细节」，我更认同哪种说法？","我想有更多自主权","可以商量，但别单方面规定","有底线就好，细节我自己定","希望你们先问我的想法","autonomy|negotiate|boundary|ask","normal"
"L1-L1-07-015-267a79b7","L1","L1-07","家务|空间","在我们家沟通里，关于「周末是否必须回家吃饭」，我更认同哪种说法？","我想有更多自主权","可以商量，但别单方面规定","有底线就好，细节我自己定","希望你们先问我的想法","autonomy|negotiate|boundary|ask","normal"
"L1-L1-07-008-4db52963","L1","L1-07","家务|空间","关于「家务分工」，我更认同哪种说法？","我想有更多自主权","可以商量，但别单方面规定","有底线就好，细节我自己定","希望你们先问我的想法","autonomy|negotiate|boundary|ask","normal"
"L1-L1-07-009-7f0f2403","L1","L1-07","家务|空间","如果只能选一个更贴近的：关于「家务分工」，我更认同哪种说法？","我想有更多自主权","可以商量，但别单方面规定","有底线就好，细节我自己定","希望你们先问我的想法","autonomy|negotiate|boundary|ask","normal"
"L1-L1-07-006-22c22ad1","L1","L1-07","家务|空间","最近这段时间，关于「视频通话时长」，我更认同哪种说法？","我想有更多自主权","可以商量，但别单方面规定","有底线就好，细节我自己定","希望你们先问我的想法","autonomy|negotiate|boundary|ask","normal"
"L1-L1-07-007-d6084634","L1","L1-07","家务|空间","在我们家沟通里，关于「视频通话时长」，我更认同哪种说法？","我想有更多自主权","可以商量，但别单方面规定","有底线就好，细节我自己定","希望你们先问我的想法","autonomy|negotiate|boundary|ask","normal"
"L1-L1-07-010-82735afb","L1","L1-07","家务|空间","最近这段时间，关于「家务分工」，我更认同哪种说法？","我想有更多自主权","可以商量，但别单方面规定","有底线就好，细节我自己定","希望你们先问我的想法","autonomy|negotiate|boundary|ask","normal"
"L1-L1-07-013-80f6156d","L1","L1-07","家务|空间","如果只能选一个更贴近的：关于「周末是否必须回家吃饭」，我更认同哪种说法？","我想有更多自主权","可以商量，但别单方面规定","有底线就好，细节我自己定","希望你们先问我的想法","autonomy|negotiate|boundary|ask","normal"
"L1-L1-07-014-bbb6477a","L1","L1-07","家务|空间","最近这段时间，关于「周末是否必须回家吃饭」，我更认同哪种说法？","我想有更多自主权","可以商量，但别单方面规定","有底线就好，细节我自己定","希望你们先问我的想法","autonomy|negotiate|boundary|ask","normal"
"L1-L1-07-011-722fa6ce","L1","L1-07","家务|空间","在我们家沟通里，关于「家务分工」，我更认同哪种说法？","我想有更多自主权","可以商量，但别单方面规定","有底线就好，细节我自己定","希望你们先问我的想法","autonomy|negotiate|boundary|ask","normal"
"L1-L1-07-012-0d79a69a","L1","L1-07","家务|空间","关于「周末是否必须回家吃饭」，我更认同哪种说法？","我想有更多自主权","可以商量，但别单方面规定","有底线就好，细节我自己定","希望你们先问我的想法","autonomy|negotiate|boundary|ask","normal"
"L1-L1-07-025-dcb3e541","L1","L1-07","家务|空间","如果只能选一个更贴近的：关于「门锁和隐私边界」，我更认同哪种说法？","我想有更多自主权","可以商量，但别单方面规定","有底线就好，细节我自己定","希望你们先问我的想法","autonomy|negotiate|boundary|ask","normal"
"L1-L1-07-038-8e40f396","L1","L1-07","家务|空间","最近这段时间，关于「家里相册是否能随便发」，我更认同哪种说法？","我想有更多自主权","可以商量，但别单方面规定","有底线就好，细节我自己定","希望你们先问我的想法","autonomy|negotiate|boundary|ask","normal"
"L1-L1-07-039-5ac00b7d","L1","L1-07","家务|空间","在我们家沟通里，关于「家里相册是否能随便发」，我更认同哪种说法？","我想有更多自主权","可以商量，但别单方面规定","有底线就好，细节我自己定","希望你们先问我的想法","autonomy|negotiate|boundary|ask","normal"
"L1-L1-07-036-d88da31a","L1","L1-07","家务|空间","关于「家里相册是否能随便发」，我更认同哪种说法？","我想有更多自主权","可以商量，但别单方面规定","有底线就好，细节我自己定","希望你们先问我的想法","autonomy|negotiate|boundary|ask","normal"
"L1-L1-07-037-93fe08dc","L1","L1-07","家务|空间","如果只能选一个更贴近的：关于「家里相册是否能随便发」，我更认同哪种说法？","我想有更多自主权","可以商量，但别单方面规定","有底线就好，细节我自己定","希望你们先问我的想法","autonomy|negotiate|boundary|ask","normal"
"L1-L1-08-000-3c1e1243","L1","L1-08","出行","我「和朋友过夜」时，报平安的方式我更偏好？","短消息就好","语音简明说重点","有空再视频","发照片比文字轻松","short|voice|video|photo","normal"
"L1-L1-08-003-474fdf5f","L1","L1-08","出行","在我们家沟通里，我「和朋友过夜」时，报平安的方式我更偏好？","短消息就好","语音简明说重点","有空再视频","发照片比文字轻松","short|voice|video|photo","normal"
"L1-L1-08-004-80820325","L1","L1-08","出行","我「一个人过夜行程」时，报平安的方式我更偏好？","短消息就好","语音简明说重点","有空再视频","发照片比文字轻松","short|voice|video|photo","normal"
"L1-L1-08-001-8686d06e","L1","L1-08","出行","如果只能选一个更贴近的：我「和朋友过夜」时，报平安的方式我更偏好？","短消息就好","语音简明说重点","有空再视频","发照片比文字轻松","short|voice|video|photo","normal"
"L1-L1-08-002-0528ff32","L1","L1-08","出行","最近这段时间，我「和朋友过夜」时，报平安的方式我更偏好？","短消息就好","语音简明说重点","有空再视频","发照片比文字轻松","short|voice|video|photo","normal"
"L1-L1-07-035-c5a5f00d","L1","L1-07","家务|空间","在我们家沟通里，关于「房间布置的自主权」，我更认同哪种说法？","我想有更多自主权","可以商量，但别单方面规定","有底线就好，细节我自己定","希望你们先问我的想法","autonomy|negotiate|boundary|ask","normal"
"L1-L1-07-028-b67d3f3c","L1","L1-07","家务|空间","关于「亲戚问询怎么回应」，我更认同哪种说法？","我想有更多自主权","可以商量，但别单方面规定","有底线就好，细节我自己定","希望你们先问我的想法","autonomy|negotiate|boundary|ask","normal"
"L1-L1-07-029-c66bc319","L1","L1-07","家务|空间","如果只能选一个更贴近的：关于「亲戚问询怎么回应」，我更认同哪种说法？","我想有更多自主权","可以商量，但别单方面规定","有底线就好，细节我自己定","希望你们先问我的想法","autonomy|negotiate|boundary|ask","normal"
"L1-L1-07-026-38202510","L1","L1-07","家务|空间","最近这段时间，关于「门锁和隐私边界」，我更认同哪种说法？","我想有更多自主权","可以商量，但别单方面规定","有底线就好，细节我自己定","希望你们先问我的想法","autonomy|negotiate|boundary|ask","normal"
"L1-L1-07-027-3a75a703","L1","L1-07","家务|空间","在我们家沟通里，关于「门锁和隐私边界」，我更认同哪种说法？","我想有更多自主权","可以商量，但别单方面规定","有底线就好，细节我自己定","希望你们先问我的想法","autonomy|negotiate|boundary|ask","normal"
"L1-L1-07-030-dd205160","L1","L1-07","家务|空间","最近这段时间，关于「亲戚问询怎么回应」，我更认同哪种说法？","我想有更多自主权","可以商量，但别单方面规定","有底线就好，细节我自己定","希望你们先问我的想法","autonomy|negotiate|boundary|ask","normal"
"L1-L1-07-033-c37aee65","L1","L1-07","家务|空间","如果只能选一个更贴近的：关于「房间布置的自主权」，我更认同哪种说法？","我想有更多自主权","可以商量，但别单方面规定","有底线就好，细节我自己定","希望你们先问我的想法","autonomy|negotiate|boundary|ask","normal"
"L1-L1-07-034-cbfdf4a6","L1","L1-07","家务|空间","最近这段时间，关于「房间布置的自主权」，我更认同哪种说法？","我想有更多自主权","可以商量，但别单方面规定","有底线就好，细节我自己定","希望你们先问我的想法","autonomy|negotiate|boundary|ask","normal"
"L1-L1-07-031-e0ca7149","L1","L1-07","家务|空间","在我们家沟通里，关于「亲戚问询怎么回应」，我更认同哪种说法？","我想有更多自主权","可以商量，但别单方面规定","有底线就好，细节我自己定","希望你们先问我的想法","autonomy|negotiate|boundary|ask","normal"
"L1-L1-07-032-3d8391a5","L1","L1-07","家务|空间","关于「房间布置的自主权」，我更认同哪种说法？","我想有更多自主权","可以商量，但别单方面规定","有底线就好，细节我自己定","希望你们先问我的想法","autonomy|negotiate|boundary|ask","normal"
"L1-L1-07-005-fb863d91","L1","L1-07","家务|空间","如果只能选一个更贴近的：关于「视频通话时长」，我更认同哪种说法？","我想有更多自主权","可以商量，但别单方面规定","有底线就好，细节我自己定","希望你们先问我的想法","autonomy|negotiate|boundary|ask","normal"
"L1-L1-06-010-83a6030e","L1","L1-06","健康","最近这段时间，我身体「运动拉伤」时，最需要的是？","关心但不夸大病情","给我实用建议就好","让我自己判断要不要去医院","陪我，但别一直追问难受等级","calm|practical|autonomy|company","normal"
"L1-L1-06-011-5b1236b6","L1","L1-06","健康","在我们家沟通里，我身体「运动拉伤」时，最需要的是？","关心但不夸大病情","给我实用建议就好","让我自己判断要不要去医院","陪我，但别一直追问难受等级","calm|practical|autonomy|company","normal"
"L1-L1-06-008-c1b6ac5e","L1","L1-06","健康","我身体「运动拉伤」时，最需要的是？","关心但不夸大病情","给我实用建议就好","让我自己判断要不要去医院","陪我，但别一直追问难受等级","calm|practical|autonomy|company","normal"
"L1-L1-06-009-c319780b","L1","L1-06","健康","如果只能选一个更贴近的：我身体「运动拉伤」时，最需要的是？","关心但不夸大病情","给我实用建议就好","让我自己判断要不要去医院","陪我，但别一直追问难受等级","calm|practical|autonomy|company","normal"
"L1-L1-06-012-f225e7ce","L1","L1-06","健康","我身体「头痛乏力」时，最需要的是？","关心但不夸大病情","给我实用建议就好","让我自己判断要不要去医院","陪我，但别一直追问难受等级","calm|practical|autonomy|company","normal"
"L1-L1-06-015-35c91dbd","L1","L1-06","健康","在我们家沟通里，我身体「头痛乏力」时，最需要的是？","关心但不夸大病情","给我实用建议就好","让我自己判断要不要去医院","陪我，但别一直追问难受等级","calm|practical|autonomy|company","normal"
"L1-L1-06-016-bb10e73f","L1","L1-06","健康","我身体「有点感冒」时，最需要的是？","关心但不夸大病情","给我实用建议就好","让我自己判断要不要去医院","陪我，但别一直追问难受等级","calm|practical|autonomy|company","normal"
"L1-L1-06-013-16e0f7d6","L1","L1-06","健康","如果只能选一个更贴近的：我身体「头痛乏力」时，最需要的是？","关心但不夸大病情","给我实用建议就好","让我自己判断要不要去医院","陪我，但别一直追问难受等级","calm|practical|autonomy|company","normal"
"L1-L1-06-014-f5b19b98","L1","L1-06","健康","最近这段时间，我身体「头痛乏力」时，最需要的是？","关心但不夸大病情","给我实用建议就好","让我自己判断要不要去医院","陪我，但别一直追问难受等级","calm|practical|autonomy|company","normal"
"L1-L1-06-007-46b21a72","L1","L1-06","健康","在我们家沟通里，我身体「生理期难受」时，最需要的是？","关心但不夸大病情","给我实用建议就好","让我自己判断要不要去医院","陪我，但别一直追问难受等级","calm|practical|autonomy|company","normal"
"L1-L1-06-000-320c04ee","L1","L1-06","健康","我身体「肠胃不适」时，最需要的是？","关心但不夸大病情","给我实用建议就好","让我自己判断要不要去医院","陪我，但别一直追问难受等级","calm|practical|autonomy|company","normal"
"L1-L1-06-001-1abe056d","L1","L1-06","健康","如果只能选一个更贴近的：我身体「肠胃不适」时，最需要的是？","关心但不夸大病情","给我实用建议就好","让我自己判断要不要去医院","陪我，但别一直追问难受等级","calm|practical|autonomy|company","normal"
"L1-L1-05-038-528527cc","L1","L1-05","消费|习惯","最近这段时间，如果我「旅行花一笔预算」，我更希望你们的第一反应是？","先问问我为什么喜欢","相信我有预算概念","提醒即可，别否定","一起看看值不值得","curious|trust|soft|discuss","normal"
"L1-L1-05-039-eb75b2c7","L1","L1-05","消费|习惯","在我们家沟通里，如果我「旅行花一笔预算」，我更希望你们的第一反应是？","先问问我为什么喜欢","相信我有预算概念","提醒即可，别否定","一起看看值不值得","curious|trust|soft|discuss","normal"
"L1-L1-06-002-6dc8eb20","L1","L1-06","健康","最近这段时间，我身体「肠胃不适」时，最需要的是？","关心但不夸大病情","给我实用建议就好","让我自己判断要不要去医院","陪我，但别一直追问难受等级","calm|practical|autonomy|company","normal"
"L1-L1-06-005-a8f3df7d","L1","L1-06","健康","如果只能选一个更贴近的：我身体「生理期难受」时，最需要的是？","关心但不夸大病情","给我实用建议就好","让我自己判断要不要去医院","陪我，但别一直追问难受等级","calm|practical|autonomy|company","normal"
"L1-L1-06-006-9d3e4b77","L1","L1-06","健康","最近这段时间，我身体「生理期难受」时，最需要的是？","关心但不夸大病情","给我实用建议就好","让我自己判断要不要去医院","陪我，但别一直追问难受等级","calm|practical|autonomy|company","normal"
"L1-L1-06-003-dd213008","L1","L1-06","健康","在我们家沟通里，我身体「肠胃不适」时，最需要的是？","关心但不夸大病情","给我实用建议就好","让我自己判断要不要去医院","陪我，但别一直追问难受等级","calm|practical|autonomy|company","normal"
"L1-L1-06-004-3bdad266","L1","L1-06","健康","我身体「生理期难受」时，最需要的是？","关心但不夸大病情","给我实用建议就好","让我自己判断要不要去医院","陪我，但别一直追问难受等级","calm|practical|autonomy|company","normal"
"L1-L1-06-017-255b047d","L1","L1-06","健康","如果只能选一个更贴近的：我身体「有点感冒」时，最需要的是？","关心但不夸大病情","给我实用建议就好","让我自己判断要不要去医院","陪我，但别一直追问难受等级","calm|practical|autonomy|company","normal"
"L1-L1-06-030-d5ab723b","L1","L1-06","健康","最近这段时间，我身体「睡眠严重不足」时，最需要的是？","关心但不夸大病情","给我实用建议就好","让我自己判断要不要去医院","陪我，但别一直追问难受等级","calm|practical|autonomy|company","normal"
"L1-L1-06-031-b7dd058d","L1","L1-06","健康","在我们家沟通里，我身体「睡眠严重不足」时，最需要的是？","关心但不夸大病情","给我实用建议就好","让我自己判断要不要去医院","陪我，但别一直追问难受等级","calm|practical|autonomy|company","normal"
"L1-L1-06-028-56b488be","L1","L1-06","健康","我身体「睡眠严重不足」时，最需要的是？","关心但不夸大病情","给我实用建议就好","让我自己判断要不要去医院","陪我，但别一直追问难受等级","calm|practical|autonomy|company","normal"
"L1-L1-06-029-681d71d5","L1","L1-06","健康","如果只能选一个更贴近的：我身体「睡眠严重不足」时，最需要的是？","关心但不夸大病情","给我实用建议就好","让我自己判断要不要去医院","陪我，但别一直追问难受等级","calm|practical|autonomy|company","normal"
"L1-L1-07-000-6095b977","L1","L1-07","家务|空间","关于「回老家频率」，我更认同哪种说法？","我想有更多自主权","可以商量，但别单方面规定","有底线就好，细节我自己定","希望你们先问我的想法","autonomy|negotiate|boundary|ask","normal"
"L1-L1-07-003-42c74c04","L1","L1-07","家务|空间","在我们家沟通里，关于「回老家频率」，我更认同哪种说法？","我想有更多自主权","可以商量，但别单方面规定","有底线就好，细节我自己定","希望你们先问我的想法","autonomy|negotiate|boundary|ask","normal"
"L1-L1-07-004-804f7b75","L1","L1-07","家务|空间","关于「视频通话时长」，我更认同哪种说法？","我想有更多自主权","可以商量，但别单方面规定","有底线就好，细节我自己定","希望你们先问我的想法","autonomy|negotiate|boundary|ask","normal"
"L1-L1-07-001-6676c98b","L1","L1-07","家务|空间","如果只能选一个更贴近的：关于「回老家频率」，我更认同哪种说法？","我想有更多自主权","可以商量，但别单方面规定","有底线就好，细节我自己定","希望你们先问我的想法","autonomy|negotiate|boundary|ask","normal"
"L1-L1-07-002-b9af86dc","L1","L1-07","家务|空间","最近这段时间，关于「回老家频率」，我更认同哪种说法？","我想有更多自主权","可以商量，但别单方面规定","有底线就好，细节我自己定","希望你们先问我的想法","autonomy|negotiate|boundary|ask","normal"
"L1-L1-06-027-8e424b66","L1","L1-06","健康","在我们家沟通里，我身体「不太舒服」时，最需要的是？","关心但不夸大病情","给我实用建议就好","让我自己判断要不要去医院","陪我，但别一直追问难受等级","calm|practical|autonomy|company","normal"
"L1-L1-06-020-524f7c97","L1","L1-06","健康","我身体「过敏或皮肤不适」时，最需要的是？","关心但不夸大病情","给我实用建议就好","让我自己判断要不要去医院","陪我，但别一直追问难受等级","calm|practical|autonomy|company","normal"
"L1-L1-06-021-910472bb","L1","L1-06","健康","如果只能选一个更贴近的：我身体「过敏或皮肤不适」时，最需要的是？","关心但不夸大病情","给我实用建议就好","让我自己判断要不要去医院","陪我，但别一直追问难受等级","calm|practical|autonomy|company","normal"
"L1-L1-06-018-c4db6685","L1","L1-06","健康","最近这段时间，我身体「有点感冒」时，最需要的是？","关心但不夸大病情","给我实用建议就好","让我自己判断要不要去医院","陪我，但别一直追问难受等级","calm|practical|autonomy|company","normal"
"L1-L1-06-019-a3d182f4","L1","L1-06","健康","在我们家沟通里，我身体「有点感冒」时，最需要的是？","关心但不夸大病情","给我实用建议就好","让我自己判断要不要去医院","陪我，但别一直追问难受等级","calm|practical|autonomy|company","normal"
"L1-L1-06-022-9e82994a","L1","L1-06","健康","最近这段时间，我身体「过敏或皮肤不适」时，最需要的是？","关心但不夸大病情","给我实用建议就好","让我自己判断要不要去医院","陪我，但别一直追问难受等级","calm|practical|autonomy|company","normal"
"L1-L1-06-025-ea2e33bf","L1","L1-06","健康","如果只能选一个更贴近的：我身体「不太舒服」时，最需要的是？","关心但不夸大病情","给我实用建议就好","让我自己判断要不要去医院","陪我，但别一直追问难受等级","calm|practical|autonomy|company","normal"
"L1-L1-06-026-0caab9b1","L1","L1-06","健康","最近这段时间，我身体「不太舒服」时，最需要的是？","关心但不夸大病情","给我实用建议就好","让我自己判断要不要去医院","陪我，但别一直追问难受等级","calm|practical|autonomy|company","normal"
"L1-L1-06-023-f4cfea43","L1","L1-06","健康","在我们家沟通里，我身体「过敏或皮肤不适」时，最需要的是？","关心但不夸大病情","给我实用建议就好","让我自己判断要不要去医院","陪我，但别一直追问难受等级","calm|practical|autonomy|company","normal"
"L1-L1-06-024-47f5937e","L1","L1-06","健康","我身体「不太舒服」时，最需要的是？","关心但不夸大病情","给我实用建议就好","让我自己判断要不要去医院","陪我，但别一直追问难受等级","calm|practical|autonomy|company","normal"
"L1-L1-09-025-c304228e","L1","L1-09","穿衣|外观","如果只能选一个更贴近的：如果我「尝试中性风穿搭」，我希望你们先看到的是？","我开心和自信","这是我的自我表达","我做过考虑，不是冲动","可以担心，但请先别否定","joy|identity|thoughtful|soft_worry","sensitive"
"L1-L1-09-026-fe109733","L1","L1-09","穿衣|外观","最近这段时间，如果我「尝试中性风穿搭」，我希望你们先看到的是？","我开心和自信","这是我的自我表达","我做过考虑，不是冲动","可以担心，但请先别否定","joy|identity|thoughtful|soft_worry","sensitive"
"L1-L1-09-023-50bb37ed","L1","L1-09","穿衣|外观","在我们家沟通里，如果我「戴彩色美瞳」，我希望你们先看到的是？","我开心和自信","这是我的自我表达","我做过考虑，不是冲动","可以担心，但请先别否定","joy|identity|thoughtful|soft_worry","sensitive"
"L1-L1-09-024-6926c4b1","L1","L1-09","穿衣|外观","如果我「尝试中性风穿搭」，我希望你们先看到的是？","我开心和自信","这是我的自我表达","我做过考虑，不是冲动","可以担心，但请先别否定","joy|identity|thoughtful|soft_worry","sensitive"
"L1-L1-09-027-9f523c03","L1","L1-09","穿衣|外观","在我们家沟通里，如果我「尝试中性风穿搭」，我希望你们先看到的是？","我开心和自信","这是我的自我表达","我做过考虑，不是冲动","可以担心，但请先别否定","joy|identity|thoughtful|soft_worry","sensitive"
"L1-L1-09-030-8ec623b7","L1","L1-09","穿衣|外观","最近这段时间，如果我「化妆变浓一点」，我希望你们先看到的是？","我开心和自信","这是我的自我表达","我做过考虑，不是冲动","可以担心，但请先别否定","joy|identity|thoughtful|soft_worry","sensitive"
"L1-L1-09-031-1614cad9","L1","L1-09","穿衣|外观","在我们家沟通里，如果我「化妆变浓一点」，我希望你们先看到的是？","我开心和自信","这是我的自我表达","我做过考虑，不是冲动","可以担心，但请先别否定","joy|identity|thoughtful|soft_worry","sensitive"
"L1-L1-09-028-e6113b11","L1","L1-09","穿衣|外观","如果我「化妆变浓一点」，我希望你们先看到的是？","我开心和自信","这是我的自我表达","我做过考虑，不是冲动","可以担心，但请先别否定","joy|identity|thoughtful|soft_worry","sensitive"
"L1-L1-09-029-39d81b30","L1","L1-09","穿衣|外观","如果只能选一个更贴近的：如果我「化妆变浓一点」，我希望你们先看到的是？","我开心和自信","这是我的自我表达","我做过考虑，不是冲动","可以担心，但请先别否定","joy|identity|thoughtful|soft_worry","sensitive"
"L1-L1-09-022-1da81b10","L1","L1-09","穿衣|外观","最近这段时间，如果我「戴彩色美瞳」，我希望你们先看到的是？","我开心和自信","这是我的自我表达","我做过考虑，不是冲动","可以担心，但请先别否定","joy|identity|thoughtful|soft_worry","sensitive"
"L1-L1-09-015-244ca7e8","L1","L1-09","穿衣|外观","在我们家沟通里，如果我「纹身或贴饰（若相关）」，我希望你们先看到的是？","我开心和自信","这是我的自我表达","我做过考虑，不是冲动","可以担心，但请先别否定","joy|identity|thoughtful|soft_worry","sensitive"
"L1-L1-09-016-5a493ca1","L1","L1-09","穿衣|外观","如果我「穿更个性的衣服」，我希望你们先看到的是？","我开心和自信","这是我的自我表达","我做过考虑，不是冲动","可以担心，但请先别否定","joy|identity|thoughtful|soft_worry","sensitive"
"L1-L1-09-013-1a0a1d56","L1","L1-09","穿衣|外观","如果只能选一个更贴近的：如果我「纹身或贴饰（若相关）」，我希望你们先看到的是？","我开心和自信","这是我的自我表达","我做过考虑，不是冲动","可以担心，但请先别否定","joy|identity|thoughtful|soft_worry","sensitive"
"L1-L1-09-014-35664297","L1","L1-09","穿衣|外观","最近这段时间，如果我「纹身或贴饰（若相关）」，我希望你们先看到的是？","我开心和自信","这是我的自我表达","我做过考虑，不是冲动","可以担心，但请先别否定","joy|identity|thoughtful|soft_worry","sensitive"
"L1-L1-09-017-0d20608b","L1","L1-09","穿衣|外观","如果只能选一个更贴近的：如果我「穿更个性的衣服」，我希望你们先看到的是？","我开心和自信","这是我的自我表达","我做过考虑，不是冲动","可以担心，但请先别否定","joy|identity|thoughtful|soft_worry","sensitive"
"L1-L1-09-020-deaf6052","L1","L1-09","穿衣|外观","如果我「戴彩色美瞳」，我希望你们先看到的是？","我开心和自信","这是我的自我表达","我做过考虑，不是冲动","可以担心，但请先别否定","joy|identity|thoughtful|soft_worry","sensitive"
"L1-L1-09-021-1fecd0ba","L1","L1-09","穿衣|外观","如果只能选一个更贴近的：如果我「戴彩色美瞳」，我希望你们先看到的是？","我开心和自信","这是我的自我表达","我做过考虑，不是冲动","可以担心，但请先别否定","joy|identity|thoughtful|soft_worry","sensitive"
"L1-L1-09-018-831339da","L1","L1-09","穿衣|外观","最近这段时间，如果我「穿更个性的衣服」，我希望你们先看到的是？","我开心和自信","这是我的自我表达","我做过考虑，不是冲动","可以担心，但请先别否定","joy|identity|thoughtful|soft_worry","sensitive"
"L1-L1-09-019-ba9db344","L1","L1-09","穿衣|外观","在我们家沟通里，如果我「穿更个性的衣服」，我希望你们先看到的是？","我开心和自信","这是我的自我表达","我做过考虑，不是冲动","可以担心，但请先别否定","joy|identity|thoughtful|soft_worry","sensitive"
"L1-L1-09-032-1a3f5b6f","L1","L1-09","穿衣|外观","如果我「打耳洞或小饰品」，我希望你们先看到的是？","我开心和自信","这是我的自我表达","我做过考虑，不是冲动","可以担心，但请先别否定","joy|identity|thoughtful|soft_worry","sensitive"
"L1-L1-10-005-7bcf3f3f","L1","L1-10","习惯|提醒","如果只能选一个更贴近的：关于「运动变少」，什么样的提醒我比较能接受？","点到为止的一句","用关心口吻，别用命令","写在消息里，别反复电话","先问我是否需要提醒","short|tone|channel|ask","normal"
"L1-L1-10-006-7b9d402f","L1","L1-10","习惯|提醒","最近这段时间，关于「运动变少」，什么样的提醒我比较能接受？","点到为止的一句","用关心口吻，别用命令","写在消息里，别反复电话","先问我是否需要提醒","short|tone|channel|ask","normal"
"L1-L1-10-003-55b1ffab","L1","L1-10","习惯|提醒","在我们家沟通里，关于「自己做决定不先报备」，什么样的提醒我比较能接受？","点到为止的一句","用关心口吻，别用命令","写在消息里，别反复电话","先问我是否需要提醒","short|tone|channel|ask","normal"
"L1-L1-10-004-6b0e5fed","L1","L1-10","习惯|提醒","关于「运动变少」，什么样的提醒我比较能接受？","点到为止的一句","用关心口吻，别用命令","写在消息里，别反复电话","先问我是否需要提醒","short|tone|channel|ask","normal"
"L1-L1-10-007-e2664a3f","L1","L1-10","习惯|提醒","在我们家沟通里，关于「运动变少」，什么样的提醒我比较能接受？","点到为止的一句","用关心口吻，别用命令","写在消息里，别反复电话","先问我是否需要提醒","short|tone|channel|ask","normal"
"L1-L1-10-010-e812289a","L1","L1-10","习惯|提醒","最近这段时间，关于「点外卖」，什么样的提醒我比较能接受？","点到为止的一句","用关心口吻，别用命令","写在消息里，别反复电话","先问我是否需要提醒","short|tone|channel|ask","normal"
"L1-L1-10-011-dea119d2","L1","L1-10","习惯|提醒","在我们家沟通里，关于「点外卖」，什么样的提醒我比较能接受？","点到为止的一句","用关心口吻，别用命令","写在消息里，别反复电话","先问我是否需要提醒","short|tone|channel|ask","normal"
"L1-L1-10-008-6c3bc8b0","L1","L1-10","习惯|提醒","关于「点外卖」，什么样的提醒我比较能接受？","点到为止的一句","用关心口吻，别用命令","写在消息里，别反复电话","先问我是否需要提醒","short|tone|channel|ask","normal"
"L1-L1-10-009-5e88482f","L1","L1-10","习惯|提醒","如果只能选一个更贴近的：关于「点外卖」，什么样的提醒我比较能接受？","点到为止的一句","用关心口吻，别用命令","写在消息里，别反复电话","先问我是否需要提醒","short|tone|channel|ask","normal"
"L1-L1-10-002-6c23965a","L1","L1-10","习惯|提醒","最近这段时间，关于「自己做决定不先报备」，什么样的提醒我比较能接受？","点到为止的一句","用关心口吻，别用命令","写在消息里，别反复电话","先问我是否需要提醒","short|tone|channel|ask","normal"
"L1-L1-09-035-d3e5a4f5","L1","L1-09","穿衣|外观","在我们家沟通里，如果我「打耳洞或小饰品」，我希望你们先看到的是？","我开心和自信","这是我的自我表达","我做过考虑，不是冲动","可以担心，但请先别否定","joy|identity|thoughtful|soft_worry","sensitive"
"L1-L1-09-036-b589a20e","L1","L1-09","穿衣|外观","如果我「剪去很长时间留的头发」，我希望你们先看到的是？","我开心和自信","这是我的自我表达","我做过考虑，不是冲动","可以担心，但请先别否定","joy|identity|thoughtful|soft_worry","sensitive"
"L1-L1-09-033-299668cb","L1","L1-09","穿衣|外观","如果只能选一个更贴近的：如果我「打耳洞或小饰品」，我希望你们先看到的是？","我开心和自信","这是我的自我表达","我做过考虑，不是冲动","可以担心，但请先别否定","joy|identity|thoughtful|soft_worry","sensitive"
"L1-L1-09-034-9e8c0638","L1","L1-09","穿衣|外观","最近这段时间，如果我「打耳洞或小饰品」，我希望你们先看到的是？","我开心和自信","这是我的自我表达","我做过考虑，不是冲动","可以担心，但请先别否定","joy|identity|thoughtful|soft_worry","sensitive"
"L1-L1-09-037-ed032df8","L1","L1-09","穿衣|外观","如果只能选一个更贴近的：如果我「剪去很长时间留的头发」，我希望你们先看到的是？","我开心和自信","这是我的自我表达","我做过考虑，不是冲动","可以担心，但请先别否定","joy|identity|thoughtful|soft_worry","sensitive"
"L1-L1-10-000-62cc5396","L1","L1-10","习惯|提醒","关于「自己做决定不先报备」，什么样的提醒我比较能接受？","点到为止的一句","用关心口吻，别用命令","写在消息里，别反复电话","先问我是否需要提醒","short|tone|channel|ask","normal"
"L1-L1-10-001-b1c6a625","L1","L1-10","习惯|提醒","如果只能选一个更贴近的：关于「自己做决定不先报备」，什么样的提醒我比较能接受？","点到为止的一句","用关心口吻，别用命令","写在消息里，别反复电话","先问我是否需要提醒","short|tone|channel|ask","normal"
"L1-L1-09-038-f9e52bf7","L1","L1-09","穿衣|外观","最近这段时间，如果我「剪去很长时间留的头发」，我希望你们先看到的是？","我开心和自信","这是我的自我表达","我做过考虑，不是冲动","可以担心，但请先别否定","joy|identity|thoughtful|soft_worry","sensitive"
"L1-L1-09-039-31622511","L1","L1-09","穿衣|外观","在我们家沟通里，如果我「剪去很长时间留的头发」，我希望你们先看到的是？","我开心和自信","这是我的自我表达","我做过考虑，不是冲动","可以担心，但请先别否定","joy|identity|thoughtful|soft_worry","sensitive"
"L1-L1-09-012-103167de","L1","L1-09","穿衣|外观","如果我「纹身或贴饰（若相关）」，我希望你们先看到的是？","我开心和自信","这是我的自我表达","我做过考虑，不是冲动","可以担心，但请先别否定","joy|identity|thoughtful|soft_worry","sensitive"
"L1-L1-08-017-587ac387","L1","L1-08","出行","如果只能选一个更贴近的：我「临时改变路线」时，报平安的方式我更偏好？","短消息就好","语音简明说重点","有空再视频","发照片比文字轻松","short|voice|video|photo","normal"
"L1-L1-08-018-d919781f","L1","L1-08","出行","最近这段时间，我「临时改变路线」时，报平安的方式我更偏好？","短消息就好","语音简明说重点","有空再视频","发照片比文字轻松","short|voice|video|photo","normal"
"L1-L1-08-015-ed45061d","L1","L1-08","出行","在我们家沟通里，我「出城玩」时，报平安的方式我更偏好？","短消息就好","语音简明说重点","有空再视频","发照片比文字轻松","short|voice|video|photo","normal"
"L1-L1-08-016-633a164b","L1","L1-08","出行","我「临时改变路线」时，报平安的方式我更偏好？","短消息就好","语音简明说重点","有空再视频","发照片比文字轻松","short|voice|video|photo","normal"
"L1-L1-08-019-d1acfebc","L1","L1-08","出行","在我们家沟通里，我「临时改变路线」时，报平安的方式我更偏好？","短消息就好","语音简明说重点","有空再视频","发照片比文字轻松","short|voice|video|photo","normal"
"L1-L1-08-022-795f6632","L1","L1-08","出行","最近这段时间，我「加班到很晚」时，报平安的方式我更偏好？","短消息就好","语音简明说重点","有空再视频","发照片比文字轻松","short|voice|video|photo","normal"
"L1-L1-08-023-16b91b55","L1","L1-08","出行","在我们家沟通里，我「加班到很晚」时，报平安的方式我更偏好？","短消息就好","语音简明说重点","有空再视频","发照片比文字轻松","short|voice|video|photo","normal"
"L1-L1-08-020-7515c322","L1","L1-08","出行","我「加班到很晚」时，报平安的方式我更偏好？","短消息就好","语音简明说重点","有空再视频","发照片比文字轻松","short|voice|video|photo","normal"
"L1-L1-08-021-871f8a82","L1","L1-08","出行","如果只能选一个更贴近的：我「加班到很晚」时，报平安的方式我更偏好？","短消息就好","语音简明说重点","有空再视频","发照片比文字轻松","short|voice|video|photo","normal"
"L1-L1-08-014-b857d895","L1","L1-08","出行","最近这段时间，我「出城玩」时，报平安的方式我更偏好？","短消息就好","语音简明说重点","有空再视频","发照片比文字轻松","short|voice|video|photo","normal"
"L1-L1-08-007-6bf4d927","L1","L1-08","出行","在我们家沟通里，我「一个人过夜行程」时，报平安的方式我更偏好？","短消息就好","语音简明说重点","有空再视频","发照片比文字轻松","short|voice|video|photo","normal"
"L1-L1-08-008-42cce567","L1","L1-08","出行","我「飞机高铁途中」时，报平安的方式我更偏好？","短消息就好","语音简明说重点","有空再视频","发照片比文字轻松","short|voice|video|photo","normal"
"L1-L1-08-005-85175353","L1","L1-08","出行","如果只能选一个更贴近的：我「一个人过夜行程」时，报平安的方式我更偏好？","短消息就好","语音简明说重点","有空再视频","发照片比文字轻松","short|voice|video|photo","normal"
"L1-L1-08-006-ebf6939e","L1","L1-08","出行","最近这段时间，我「一个人过夜行程」时，报平安的方式我更偏好？","短消息就好","语音简明说重点","有空再视频","发照片比文字轻松","short|voice|video|photo","normal"
"L1-L1-08-009-5f609740","L1","L1-08","出行","如果只能选一个更贴近的：我「飞机高铁途中」时，报平安的方式我更偏好？","短消息就好","语音简明说重点","有空再视频","发照片比文字轻松","short|voice|video|photo","normal"
"L1-L1-08-012-baf58772","L1","L1-08","出行","我「出城玩」时，报平安的方式我更偏好？","短消息就好","语音简明说重点","有空再视频","发照片比文字轻松","short|voice|video|photo","normal"
"L1-L1-08-013-d92e043d","L1","L1-08","出行","如果只能选一个更贴近的：我「出城玩」时，报平安的方式我更偏好？","短消息就好","语音简明说重点","有空再视频","发照片比文字轻松","short|voice|video|photo","normal"
"L1-L1-08-010-073cd0a9","L1","L1-08","出行","最近这段时间，我「飞机高铁途中」时，报平安的方式我更偏好？","短消息就好","语音简明说重点","有空再视频","发照片比文字轻松","short|voice|video|photo","normal"
"L1-L1-08-011-7aa719ec","L1","L1-08","出行","在我们家沟通里，我「飞机高铁途中」时，报平安的方式我更偏好？","短消息就好","语音简明说重点","有空再视频","发照片比文字轻松","short|voice|video|photo","normal"
"L1-L1-08-024-4d3f76a2","L1","L1-08","出行","我「下雨夜路回家」时，报平安的方式我更偏好？","短消息就好","语音简明说重点","有空再视频","发照片比文字轻松","short|voice|video|photo","normal"
"L1-L1-09-005-fd1a3dd8","L1","L1-09","穿衣|外观","如果只能选一个更贴近的：如果我「染发」，我希望你们先看到的是？","我开心和自信","这是我的自我表达","我做过考虑，不是冲动","可以担心，但请先别否定","joy|identity|thoughtful|soft_worry","sensitive"
"L1-L1-09-006-90c57485","L1","L1-09","穿衣|外观","最近这段时间，如果我「染发」，我希望你们先看到的是？","我开心和自信","这是我的自我表达","我做过考虑，不是冲动","可以担心，但请先别否定","joy|identity|thoughtful|soft_worry","sensitive"
"L1-L1-09-003-d1705b0b","L1","L1-09","穿衣|外观","在我们家沟通里，如果我「换很短或很个性的发型」，我希望你们先看到的是？","我开心和自信","这是我的自我表达","我做过考虑，不是冲动","可以担心，但请先别否定","joy|identity|thoughtful|soft_worry","sensitive"
"L1-L1-09-004-465ea1de","L1","L1-09","穿衣|外观","如果我「染发」，我希望你们先看到的是？","我开心和自信","这是我的自我表达","我做过考虑，不是冲动","可以担心，但请先别否定","joy|identity|thoughtful|soft_worry","sensitive"
"L1-L1-09-007-f30d463b","L1","L1-09","穿衣|外观","在我们家沟通里，如果我「染发」，我希望你们先看到的是？","我开心和自信","这是我的自我表达","我做过考虑，不是冲动","可以担心，但请先别否定","joy|identity|thoughtful|soft_worry","sensitive"
"L1-L1-09-010-6c7d7902","L1","L1-09","穿衣|外观","最近这段时间，如果我「美甲或造型变化」，我希望你们先看到的是？","我开心和自信","这是我的自我表达","我做过考虑，不是冲动","可以担心，但请先别否定","joy|identity|thoughtful|soft_worry","sensitive"
"L1-L1-09-011-479f7dab","L1","L1-09","穿衣|外观","在我们家沟通里，如果我「美甲或造型变化」，我希望你们先看到的是？","我开心和自信","这是我的自我表达","我做过考虑，不是冲动","可以担心，但请先别否定","joy|identity|thoughtful|soft_worry","sensitive"
"L1-L1-09-008-71bc030f","L1","L1-09","穿衣|外观","如果我「美甲或造型变化」，我希望你们先看到的是？","我开心和自信","这是我的自我表达","我做过考虑，不是冲动","可以担心，但请先别否定","joy|identity|thoughtful|soft_worry","sensitive"
"L1-L1-09-009-a00238b4","L1","L1-09","穿衣|外观","如果只能选一个更贴近的：如果我「美甲或造型变化」，我希望你们先看到的是？","我开心和自信","这是我的自我表达","我做过考虑，不是冲动","可以担心，但请先别否定","joy|identity|thoughtful|soft_worry","sensitive"
"L1-L1-09-002-90bb3503","L1","L1-09","穿衣|外观","最近这段时间，如果我「换很短或很个性的发型」，我希望你们先看到的是？","我开心和自信","这是我的自我表达","我做过考虑，不是冲动","可以担心，但请先别否定","joy|identity|thoughtful|soft_worry","sensitive"
"L1-L1-08-027-64776e55","L1","L1-08","出行","在我们家沟通里，我「下雨夜路回家」时，报平安的方式我更偏好？","短消息就好","语音简明说重点","有空再视频","发照片比文字轻松","short|voice|video|photo","normal"
"L1-L1-08-028-7aea7884","L1","L1-08","出行","我「晚归」时，报平安的方式我更偏好？","短消息就好","语音简明说重点","有空再视频","发照片比文字轻松","short|voice|video|photo","normal"
"L1-L1-08-025-2a3e6448","L1","L1-08","出行","如果只能选一个更贴近的：我「下雨夜路回家」时，报平安的方式我更偏好？","短消息就好","语音简明说重点","有空再视频","发照片比文字轻松","short|voice|video|photo","normal"
"L1-L1-08-026-90e5bcbc","L1","L1-08","出行","最近这段时间，我「下雨夜路回家」时，报平安的方式我更偏好？","短消息就好","语音简明说重点","有空再视频","发照片比文字轻松","short|voice|video|photo","normal"
"L1-L1-08-029-1aaf86f3","L1","L1-08","出行","如果只能选一个更贴近的：我「晚归」时，报平安的方式我更偏好？","短消息就好","语音简明说重点","有空再视频","发照片比文字轻松","short|voice|video|photo","normal"
"L1-L1-09-000-48511776","L1","L1-09","穿衣|外观","如果我「换很短或很个性的发型」，我希望你们先看到的是？","我开心和自信","这是我的自我表达","我做过考虑，不是冲动","可以担心，但请先别否定","joy|identity|thoughtful|soft_worry","sensitive"
"L1-L1-09-001-68016c33","L1","L1-09","穿衣|外观","如果只能选一个更贴近的：如果我「换很短或很个性的发型」，我希望你们先看到的是？","我开心和自信","这是我的自我表达","我做过考虑，不是冲动","可以担心，但请先别否定","joy|identity|thoughtful|soft_worry","sensitive"
"L1-L1-08-030-7cd19d00","L1","L1-08","出行","最近这段时间，我「晚归」时，报平安的方式我更偏好？","短消息就好","语音简明说重点","有空再视频","发照片比文字轻松","short|voice|video|photo","normal"
"L1-L1-08-031-6d50ca42","L1","L1-08","出行","在我们家沟通里，我「晚归」时，报平安的方式我更偏好？","短消息就好","语音简明说重点","有空再视频","发照片比文字轻松","short|voice|video|photo","normal"
"L1-L1-15-126-71ffc238","L1","L1-15","手机|习惯","最近这段时间，我「玩手机时间变长」常发生在「睡前刷手机」之后，这时我需要？","让我安静待一会","关心一句就好","帮我做点实际的事","听我说几分钟","space|checkin|practical|listen","normal"
"L1-L1-15-127-a04b8d1c","L1","L1-15","手机|习惯","在我们家沟通里，我「玩手机时间变长」常发生在「睡前刷手机」之后，这时我需要？","让我安静待一会","关心一句就好","帮我做点实际的事","听我说几分钟","space|checkin|practical|listen","normal"
"L1-L1-15-124-c4b42679","L1","L1-15","手机|习惯","我「玩手机时间变长」常发生在「睡前刷手机」之后，这时我需要？","让我安静待一会","关心一句就好","帮我做点实际的事","听我说几分钟","space|checkin|practical|listen","normal"
"L1-L1-15-125-4e40fcb3","L1","L1-15","手机|习惯","如果只能选一个更贴近的：我「玩手机时间变长」常发生在「睡前刷手机」之后，这时我需要？","让我安静待一会","关心一句就好","帮我做点实际的事","听我说几分钟","space|checkin|practical|listen","normal"
"L1-L1-15-128-f3c4231e","L1","L1-15","手机|习惯","我「玩手机时间变长」常发生在「突然收到坏消息」之后，这时我需要？","让我安静待一会","关心一句就好","帮我做点实际的事","听我说几分钟","space|checkin|practical|listen","normal"
"L1-L1-15-131-5b555667","L1","L1-15","手机|习惯","在我们家沟通里，我「玩手机时间变长」常发生在「突然收到坏消息」之后，这时我需要？","让我安静待一会","关心一句就好","帮我做点实际的事","听我说几分钟","space|checkin|practical|listen","normal"
"L1-L1-15-132-f32f2c90","L1","L1-15","手机|习惯","我「玩手机时间变长」常发生在「学会一个新技能后」之后，这时我需要？","让我安静待一会","关心一句就好","帮我做点实际的事","听我说几分钟","space|checkin|practical|listen","normal"
"L1-L1-15-129-443d4658","L1","L1-15","手机|习惯","如果只能选一个更贴近的：我「玩手机时间变长」常发生在「突然收到坏消息」之后，这时我需要？","让我安静待一会","关心一句就好","帮我做点实际的事","听我说几分钟","space|checkin|practical|listen","normal"
"L1-L1-15-130-6e54e93e","L1","L1-15","手机|习惯","最近这段时间，我「玩手机时间变长」常发生在「突然收到坏消息」之后，这时我需要？","让我安静待一会","关心一句就好","帮我做点实际的事","听我说几分钟","space|checkin|practical|listen","normal"
"L1-L1-15-123-f6971ed2","L1","L1-15","手机|习惯","在我们家沟通里，我「玩手机时间变长」常发生在「独处一整天后」之后，这时我需要？","让我安静待一会","关心一句就好","帮我做点实际的事","听我说几分钟","space|checkin|practical|listen","normal"
"L1-L1-15-116-808acef6","L1","L1-15","手机|习惯","我「玩手机时间变长」常发生在「旅行在路上」之后，这时我需要？","让我安静待一会","关心一句就好","帮我做点实际的事","听我说几分钟","space|checkin|practical|listen","normal"
"L1-L1-15-117-a2fc113c","L1","L1-15","手机|习惯","如果只能选一个更贴近的：我「玩手机时间变长」常发生在「旅行在路上」之后，这时我需要？","让我安静待一会","关心一句就好","帮我做点实际的事","听我说几分钟","space|checkin|practical|listen","normal"
"L1-L1-15-114-24b5ffb3","L1","L1-15","手机|习惯","最近这段时间，我「玩手机时间变长」常发生在「连续上班很累」之后，这时我需要？","让我安静待一会","关心一句就好","帮我做点实际的事","听我说几分钟","space|checkin|practical|listen","normal"
"L1-L1-15-115-e66c22e1","L1","L1-15","手机|习惯","在我们家沟通里，我「玩手机时间变长」常发生在「连续上班很累」之后，这时我需要？","让我安静待一会","关心一句就好","帮我做点实际的事","听我说几分钟","space|checkin|practical|listen","normal"
"L1-L1-15-118-2c28efd4","L1","L1-15","手机|习惯","最近这段时间，我「玩手机时间变长」常发生在「旅行在路上」之后，这时我需要？","让我安静待一会","关心一句就好","帮我做点实际的事","听我说几分钟","space|checkin|practical|listen","normal"
"L1-L1-15-121-d142b2f8","L1","L1-15","手机|习惯","如果只能选一个更贴近的：我「玩手机时间变长」常发生在「独处一整天后」之后，这时我需要？","让我安静待一会","关心一句就好","帮我做点实际的事","听我说几分钟","space|checkin|practical|listen","normal"
"L1-L1-15-122-a288d6b2","L1","L1-15","手机|习惯","最近这段时间，我「玩手机时间变长」常发生在「独处一整天后」之后，这时我需要？","让我安静待一会","关心一句就好","帮我做点实际的事","听我说几分钟","space|checkin|practical|listen","normal"
"L1-L1-15-119-2a633ab3","L1","L1-15","手机|习惯","在我们家沟通里，我「玩手机时间变长」常发生在「旅行在路上」之后，这时我需要？","让我安静待一会","关心一句就好","帮我做点实际的事","听我说几分钟","space|checkin|practical|listen","normal"
"L1-L1-15-120-a8b2e6ac","L1","L1-15","手机|习惯","我「玩手机时间变长」常发生在「独处一整天后」之后，这时我需要？","让我安静待一会","关心一句就好","帮我做点实际的事","听我说几分钟","space|checkin|practical|listen","normal"
"L1-L1-15-133-eb6768bd","L1","L1-15","手机|习惯","如果只能选一个更贴近的：我「玩手机时间变长」常发生在「学会一个新技能后」之后，这时我需要？","让我安静待一会","关心一句就好","帮我做点实际的事","听我说几分钟","space|checkin|practical|listen","normal"
"L1-L1-15-146-f4d80507","L1","L1-15","手机|习惯","最近这段时间，我「玩手机时间变长」常发生在「看牙医或体检前后」之后，这时我需要？","让我安静待一会","关心一句就好","帮我做点实际的事","听我说几分钟","space|checkin|practical|listen","normal"
"L1-L1-15-147-62128634","L1","L1-15","手机|习惯","在我们家沟通里，我「玩手机时间变长」常发生在「看牙医或体检前后」之后，这时我需要？","让我安静待一会","关心一句就好","帮我做点实际的事","听我说几分钟","space|checkin|practical|listen","normal"
"L1-L1-15-144-ee60ade5","L1","L1-15","手机|习惯","我「玩手机时间变长」常发生在「看牙医或体检前后」之后，这时我需要？","让我安静待一会","关心一句就好","帮我做点实际的事","听我说几分钟","space|checkin|practical|listen","normal"
"L1-L1-15-145-50c15690","L1","L1-15","手机|习惯","如果只能选一个更贴近的：我「玩手机时间变长」常发生在「看牙医或体检前后」之后，这时我需要？","让我安静待一会","关心一句就好","帮我做点实际的事","听我说几分钟","space|checkin|practical|listen","normal"
"L1-L1-15-148-a9448e14","L1","L1-15","手机|习惯","我「玩手机时间变长」常发生在「一个人在外吃饭」之后，这时我需要？","让我安静待一会","关心一句就好","帮我做点实际的事","听我说几分钟","space|checkin|practical|listen","normal"
"L1-L1-15-151-aae75655","L1","L1-15","手机|习惯","在我们家沟通里，我「玩手机时间变长」常发生在「一个人在外吃饭」之后，这时我需要？","让我安静待一会","关心一句就好","帮我做点实际的事","听我说几分钟","space|checkin|practical|listen","normal"
"L1-L1-15-152-8a2d6907","L1","L1-15","手机|习惯","我「玩手机时间变长」常发生在「排队或通勤很烦」之后，这时我需要？","让我安静待一会","关心一句就好","帮我做点实际的事","听我说几分钟","space|checkin|practical|listen","normal"
"L1-L1-15-149-b3ccc2cb","L1","L1-15","手机|习惯","如果只能选一个更贴近的：我「玩手机时间变长」常发生在「一个人在外吃饭」之后，这时我需要？","让我安静待一会","关心一句就好","帮我做点实际的事","听我说几分钟","space|checkin|practical|listen","normal"
"L1-L1-15-150-fb725fa7","L1","L1-15","手机|习惯","最近这段时间，我「玩手机时间变长」常发生在「一个人在外吃饭」之后，这时我需要？","让我安静待一会","关心一句就好","帮我做点实际的事","听我说几分钟","space|checkin|practical|listen","normal"
"L1-L1-15-143-e7837dcb","L1","L1-15","手机|习惯","在我们家沟通里，我「玩手机时间变长」常发生在「约会或社交后回来」之后，这时我需要？","让我安静待一会","关心一句就好","帮我做点实际的事","听我说几分钟","space|checkin|practical|listen","normal"
"L1-L1-15-136-62e9ca56","L1","L1-15","手机|习惯","我「玩手机时间变长」常发生在「换季容易不舒服」之后，这时我需要？","让我安静待一会","关心一句就好","帮我做点实际的事","听我说几分钟","space|checkin|practical|listen","normal"
"L1-L1-15-137-a57ae9d3","L1","L1-15","手机|习惯","如果只能选一个更贴近的：我「玩手机时间变长」常发生在「换季容易不舒服」之后，这时我需要？","让我安静待一会","关心一句就好","帮我做点实际的事","听我说几分钟","space|checkin|practical|listen","normal"
"L1-L1-15-134-7bf49426","L1","L1-15","手机|习惯","最近这段时间，我「玩手机时间变长」常发生在「学会一个新技能后」之后，这时我需要？","让我安静待一会","关心一句就好","帮我做点实际的事","听我说几分钟","space|checkin|practical|listen","normal"
"L1-L1-15-135-6d2370b8","L1","L1-15","手机|习惯","在我们家沟通里，我「玩手机时间变长」常发生在「学会一个新技能后」之后，这时我需要？","让我安静待一会","关心一句就好","帮我做点实际的事","听我说几分钟","space|checkin|practical|listen","normal"
"L1-L1-15-138-72cbf122","L1","L1-15","手机|习惯","最近这段时间，我「玩手机时间变长」常发生在「换季容易不舒服」之后，这时我需要？","让我安静待一会","关心一句就好","帮我做点实际的事","听我说几分钟","space|checkin|practical|listen","normal"
"L1-L1-15-141-8c6bbdbf","L1","L1-15","手机|习惯","如果只能选一个更贴近的：我「玩手机时间变长」常发生在「约会或社交后回来」之后，这时我需要？","让我安静待一会","关心一句就好","帮我做点实际的事","听我说几分钟","space|checkin|practical|listen","normal"
"L1-L1-15-142-affc4f94","L1","L1-15","手机|习惯","最近这段时间，我「玩手机时间变长」常发生在「约会或社交后回来」之后，这时我需要？","让我安静待一会","关心一句就好","帮我做点实际的事","听我说几分钟","space|checkin|practical|listen","normal"
"L1-L1-15-139-48ae3211","L1","L1-15","手机|习惯","在我们家沟通里，我「玩手机时间变长」常发生在「换季容易不舒服」之后，这时我需要？","让我安静待一会","关心一句就好","帮我做点实际的事","听我说几分钟","space|checkin|practical|listen","normal"
"L1-L1-15-140-e1342618","L1","L1-15","手机|习惯","我「玩手机时间变长」常发生在「约会或社交后回来」之后，这时我需要？","让我安静待一会","关心一句就好","帮我做点实际的事","听我说几分钟","space|checkin|practical|listen","normal"
"L1-L1-15-113-4b2be1cf","L1","L1-15","手机|习惯","如果只能选一个更贴近的：我「玩手机时间变长」常发生在「连续上班很累」之后，这时我需要？","让我安静待一会","关心一句就好","帮我做点实际的事","听我说几分钟","space|checkin|practical|listen","normal"
"L1-L1-15-086-d291229d","L1","L1-15","手机|习惯","最近这段时间，我「玩手机时间变长」常发生在「租房或缴租日附近」之后，这时我需要？","让我安静待一会","关心一句就好","帮我做点实际的事","听我说几分钟","space|checkin|practical|listen","normal"
"L1-L1-15-087-4f719934","L1","L1-15","手机|习惯","在我们家沟通里，我「玩手机时间变长」常发生在「租房或缴租日附近」之后，这时我需要？","让我安静待一会","关心一句就好","帮我做点实际的事","听我说几分钟","space|checkin|practical|listen","normal"
"L1-L1-15-084-f5c81ec6","L1","L1-15","手机|习惯","我「玩手机时间变长」常发生在「租房或缴租日附近」之后，这时我需要？","让我安静待一会","关心一句就好","帮我做点实际的事","听我说几分钟","space|checkin|practical|listen","normal"
"L1-L1-15-085-e4a1dfa8","L1","L1-15","手机|习惯","如果只能选一个更贴近的：我「玩手机时间变长」常发生在「租房或缴租日附近」之后，这时我需要？","让我安静待一会","关心一句就好","帮我做点实际的事","听我说几分钟","space|checkin|practical|listen","normal"
"L1-L1-15-088-31adc05d","L1","L1-15","手机|习惯","我「玩手机时间变长」常发生在「刚结束一段忙碌」之后，这时我需要？","让我安静待一会","关心一句就好","帮我做点实际的事","听我说几分钟","space|checkin|practical|listen","normal"
"L1-L1-15-091-3dd18a8a","L1","L1-15","手机|习惯","在我们家沟通里，我「玩手机时间变长」常发生在「刚结束一段忙碌」之后，这时我需要？","让我安静待一会","关心一句就好","帮我做点实际的事","听我说几分钟","space|checkin|practical|listen","normal"
"L1-L1-15-092-9ec6c0e9","L1","L1-15","手机|习惯","我「玩手机时间变长」常发生在「发工资后几天」之后，这时我需要？","让我安静待一会","关心一句就好","帮我做点实际的事","听我说几分钟","space|checkin|practical|listen","normal"
"L1-L1-15-089-6d1a8a47","L1","L1-15","手机|习惯","如果只能选一个更贴近的：我「玩手机时间变长」常发生在「刚结束一段忙碌」之后，这时我需要？","让我安静待一会","关心一句就好","帮我做点实际的事","听我说几分钟","space|checkin|practical|listen","normal"
"L1-L1-15-090-becd7aeb","L1","L1-15","手机|习惯","最近这段时间，我「玩手机时间变长」常发生在「刚结束一段忙碌」之后，这时我需要？","让我安静待一会","关心一句就好","帮我做点实际的事","听我说几分钟","space|checkin|practical|listen","normal"
"L1-L1-15-083-a96e0297","L1","L1-15","手机|习惯","在我们家沟通里，我「玩手机时间变长」常发生在「熬夜赶东西」之后，这时我需要？","让我安静待一会","关心一句就好","帮我做点实际的事","听我说几分钟","space|checkin|practical|listen","normal"
"L1-L1-15-076-618bf0f4","L1","L1-15","手机|习惯","我「玩手机时间变长」常发生在「周末想宅在家」之后，这时我需要？","让我安静待一会","关心一句就好","帮我做点实际的事","听我说几分钟","space|checkin|practical|listen","normal"
"L1-L1-15-077-f6bf8c0d","L1","L1-15","手机|习惯","如果只能选一个更贴近的：我「玩手机时间变长」常发生在「周末想宅在家」之后，这时我需要？","让我安静待一会","关心一句就好","帮我做点实际的事","听我说几分钟","space|checkin|practical|listen","normal"
"L1-L1-15-074-e917e7ed","L1","L1-15","手机|习惯","最近这段时间，我「玩手机时间变长」常发生在「刚拒绝一个社交邀请」之后，这时我需要？","让我安静待一会","关心一句就好","帮我做点实际的事","听我说几分钟","space|checkin|practical|listen","normal"
"L1-L1-15-075-ab6348e0","L1","L1-15","手机|习惯","在我们家沟通里，我「玩手机时间变长」常发生在「刚拒绝一个社交邀请」之后，这时我需要？","让我安静待一会","关心一句就好","帮我做点实际的事","听我说几分钟","space|checkin|practical|listen","normal"
"L1-L1-15-078-75c7646a","L1","L1-15","手机|习惯","最近这段时间，我「玩手机时间变长」常发生在「周末想宅在家」之后，这时我需要？","让我安静待一会","关心一句就好","帮我做点实际的事","听我说几分钟","space|checkin|practical|listen","normal"
"L1-L1-15-081-023477ee","L1","L1-15","手机|习惯","如果只能选一个更贴近的：我「玩手机时间变长」常发生在「熬夜赶东西」之后，这时我需要？","让我安静待一会","关心一句就好","帮我做点实际的事","听我说几分钟","space|checkin|practical|listen","normal"
"L1-L1-15-082-7a79a792","L1","L1-15","手机|习惯","最近这段时间，我「玩手机时间变长」常发生在「熬夜赶东西」之后，这时我需要？","让我安静待一会","关心一句就好","帮我做点实际的事","听我说几分钟","space|checkin|practical|listen","normal"
"L1-L1-15-079-e6124074","L1","L1-15","手机|习惯","在我们家沟通里，我「玩手机时间变长」常发生在「周末想宅在家」之后，这时我需要？","让我安静待一会","关心一句就好","帮我做点实际的事","听我说几分钟","space|checkin|practical|listen","normal"
"L1-L1-15-080-7fd4ffc7","L1","L1-15","手机|习惯","我「玩手机时间变长」常发生在「熬夜赶东西」之后，这时我需要？","让我安静待一会","关心一句就好","帮我做点实际的事","听我说几分钟","space|checkin|practical|listen","normal"
"L1-L1-15-093-4ea01a35","L1","L1-15","手机|习惯","如果只能选一个更贴近的：我「玩手机时间变长」常发生在「发工资后几天」之后，这时我需要？","让我安静待一会","关心一句就好","帮我做点实际的事","听我说几分钟","space|checkin|practical|listen","normal"
"L1-L1-15-106-50afe626","L1","L1-15","手机|习惯","最近这段时间，我「玩手机时间变长」常发生在「被批评后心情低落」之后，这时我需要？","让我安静待一会","关心一句就好","帮我做点实际的事","听我说几分钟","space|checkin|practical|listen","normal"
"L1-L1-15-107-2b5261ce","L1","L1-15","手机|习惯","在我们家沟通里，我「玩手机时间变长」常发生在「被批评后心情低落」之后，这时我需要？","让我安静待一会","关心一句就好","帮我做点实际的事","听我说几分钟","space|checkin|practical|listen","normal"
"L1-L1-15-104-2c3796c3","L1","L1-15","手机|习惯","我「玩手机时间变长」常发生在「被批评后心情低落」之后，这时我需要？","让我安静待一会","关心一句就好","帮我做点实际的事","听我说几分钟","space|checkin|practical|listen","normal"
"L1-L1-15-105-460a55bf","L1","L1-15","手机|习惯","如果只能选一个更贴近的：我「玩手机时间变长」常发生在「被批评后心情低落」之后，这时我需要？","让我安静待一会","关心一句就好","帮我做点实际的事","听我说几分钟","space|checkin|practical|listen","normal"
"L1-L1-15-108-9c024cf1","L1","L1-15","手机|习惯","我「玩手机时间变长」常发生在「月底钱有点紧」之后，这时我需要？","让我安静待一会","关心一句就好","帮我做点实际的事","听我说几分钟","space|checkin|practical|listen","normal"
"L1-L1-15-111-933201c9","L1","L1-15","手机|习惯","在我们家沟通里，我「玩手机时间变长」常发生在「月底钱有点紧」之后，这时我需要？","让我安静待一会","关心一句就好","帮我做点实际的事","听我说几分钟","space|checkin|practical|listen","normal"
"L1-L1-15-112-75bf1cba","L1","L1-15","手机|习惯","我「玩手机时间变长」常发生在「连续上班很累」之后，这时我需要？","让我安静待一会","关心一句就好","帮我做点实际的事","听我说几分钟","space|checkin|practical|listen","normal"
"L1-L1-15-109-cd5addfd","L1","L1-15","手机|习惯","如果只能选一个更贴近的：我「玩手机时间变长」常发生在「月底钱有点紧」之后，这时我需要？","让我安静待一会","关心一句就好","帮我做点实际的事","听我说几分钟","space|checkin|practical|listen","normal"
"L1-L1-15-110-a1059ae9","L1","L1-15","手机|习惯","最近这段时间，我「玩手机时间变长」常发生在「月底钱有点紧」之后，这时我需要？","让我安静待一会","关心一句就好","帮我做点实际的事","听我说几分钟","space|checkin|practical|listen","normal"
"L1-L1-15-103-fc8d98ea","L1","L1-15","手机|习惯","在我们家沟通里，我「玩手机时间变长」常发生在「下雨不想出门」之后，这时我需要？","让我安静待一会","关心一句就好","帮我做点实际的事","听我说几分钟","space|checkin|practical|listen","normal"
"L1-L1-15-096-05083a05","L1","L1-15","手机|习惯","我「玩手机时间变长」常发生在「刷到让自己emo的内容」之后，这时我需要？","让我安静待一会","关心一句就好","帮我做点实际的事","听我说几分钟","space|checkin|practical|listen","normal"
"L1-L1-15-097-d466de50","L1","L1-15","手机|习惯","如果只能选一个更贴近的：我「玩手机时间变长」常发生在「刷到让自己emo的内容」之后，这时我需要？","让我安静待一会","关心一句就好","帮我做点实际的事","听我说几分钟","space|checkin|practical|listen","normal"
"L1-L1-15-094-3f771459","L1","L1-15","手机|习惯","最近这段时间，我「玩手机时间变长」常发生在「发工资后几天」之后，这时我需要？","让我安静待一会","关心一句就好","帮我做点实际的事","听我说几分钟","space|checkin|practical|listen","normal"
"L1-L1-15-095-736e2a5a","L1","L1-15","手机|习惯","在我们家沟通里，我「玩手机时间变长」常发生在「发工资后几天」之后，这时我需要？","让我安静待一会","关心一句就好","帮我做点实际的事","听我说几分钟","space|checkin|practical|listen","normal"
"L1-L1-15-098-ca0a2ef5","L1","L1-15","手机|习惯","最近这段时间，我「玩手机时间变长」常发生在「刷到让自己emo的内容」之后，这时我需要？","让我安静待一会","关心一句就好","帮我做点实际的事","听我说几分钟","space|checkin|practical|listen","normal"
"L1-L1-15-101-fa1887d8","L1","L1-15","手机|习惯","如果只能选一个更贴近的：我「玩手机时间变长」常发生在「下雨不想出门」之后，这时我需要？","让我安静待一会","关心一句就好","帮我做点实际的事","听我说几分钟","space|checkin|practical|listen","normal"
"L1-L1-15-102-8fd5d705","L1","L1-15","手机|习惯","最近这段时间，我「玩手机时间变长」常发生在「下雨不想出门」之后，这时我需要？","让我安静待一会","关心一句就好","帮我做点实际的事","听我说几分钟","space|checkin|practical|listen","normal"
"L1-L1-15-099-cebf372d","L1","L1-15","手机|习惯","在我们家沟通里，我「玩手机时间变长」常发生在「刷到让自己emo的内容」之后，这时我需要？","让我安静待一会","关心一句就好","帮我做点实际的事","听我说几分钟","space|checkin|practical|listen","normal"
"L1-L1-15-100-20700274","L1","L1-15","手机|习惯","我「玩手机时间变长」常发生在「下雨不想出门」之后，这时我需要？","让我安静待一会","关心一句就好","帮我做点实际的事","听我说几分钟","space|checkin|practical|listen","normal"
"L1-L1-18-005-77a76fca","L1","L1-18","聚餐","如果只能选一个更贴近的：家里聚餐遇到「被安排相亲话题」时，我更希望你们站在哪边？","帮我圆场挡一下","尊重我的拒绝","别当着大家训我","事后私下说就好","protect|respect|face|private","sensitive"
"L1-L1-18-006-b0113fe3","L1","L1-18","聚餐","最近这段时间，家里聚餐遇到「被安排相亲话题」时，我更希望你们站在哪边？","帮我圆场挡一下","尊重我的拒绝","别当着大家训我","事后私下说就好","protect|respect|face|private","sensitive"
"L1-L1-18-003-f49a9b88","L1","L1-18","聚餐","在我们家沟通里，家里聚餐遇到「被要求多吃」时，我更希望你们站在哪边？","帮我圆场挡一下","尊重我的拒绝","别当着大家训我","事后私下说就好","protect|respect|face|private","sensitive"
"L1-L1-18-004-3ce98944","L1","L1-18","聚餐","家里聚餐遇到「被安排相亲话题」时，我更希望你们站在哪边？","帮我圆场挡一下","尊重我的拒绝","别当着大家训我","事后私下说就好","protect|respect|face|private","sensitive"
"L1-L1-18-007-35a65b3a","L1","L1-18","聚餐","在我们家沟通里，家里聚餐遇到「被安排相亲话题」时，我更希望你们站在哪边？","帮我圆场挡一下","尊重我的拒绝","别当着大家训我","事后私下说就好","protect|respect|face|private","sensitive"
"L1-L1-18-010-1958fba6","L1","L1-18","聚餐","最近这段时间，家里聚餐遇到「被劝酒或劝菜」时，我更希望你们站在哪边？","帮我圆场挡一下","尊重我的拒绝","别当着大家训我","事后私下说就好","protect|respect|face|private","sensitive"
"L1-L1-18-011-d4ea63fe","L1","L1-18","聚餐","在我们家沟通里，家里聚餐遇到「被劝酒或劝菜」时，我更希望你们站在哪边？","帮我圆场挡一下","尊重我的拒绝","别当着大家训我","事后私下说就好","protect|respect|face|private","sensitive"
"L1-L1-18-008-dd92767b","L1","L1-18","聚餐","家里聚餐遇到「被劝酒或劝菜」时，我更希望你们站在哪边？","帮我圆场挡一下","尊重我的拒绝","别当着大家训我","事后私下说就好","protect|respect|face|private","sensitive"
"L1-L1-18-009-1bffe0c5","L1","L1-18","聚餐","如果只能选一个更贴近的：家里聚餐遇到「被劝酒或劝菜」时，我更希望你们站在哪边？","帮我圆场挡一下","尊重我的拒绝","别当着大家训我","事后私下说就好","protect|respect|face|private","sensitive"
"L1-L1-18-002-3101939a","L1","L1-18","聚餐","最近这段时间，家里聚餐遇到「被要求多吃」时，我更希望你们站在哪边？","帮我圆场挡一下","尊重我的拒绝","别当着大家训我","事后私下说就好","protect|respect|face|private","sensitive"
"L1-L1-17-015-39a97ab1","L1","L1-17","天气|日常","在我们家沟通里，「熬夜赶东西后的第二天」这种日子，我更想被怎样对待？","先别追问原因","发一句「我在」","给我留点吃的或热水","等我主动开口再聊","space|checkin|practical|listen","normal"
"L1-L1-17-016-02ff2e8c","L1","L1-17","天气|日常","「换季容易不舒服」这种日子，我更想被怎样对待？","先别追问原因","发一句「我在」","给我留点吃的或热水","等我主动开口再聊","space|checkin|practical|listen","normal"
"L1-L1-17-013-902d4e7a","L1","L1-17","天气|日常","如果只能选一个更贴近的：「熬夜赶东西后的第二天」这种日子，我更想被怎样对待？","先别追问原因","发一句「我在」","给我留点吃的或热水","等我主动开口再聊","space|checkin|practical|listen","normal"
"L1-L1-17-014-915e2b8f","L1","L1-17","天气|日常","最近这段时间，「熬夜赶东西后的第二天」这种日子，我更想被怎样对待？","先别追问原因","发一句「我在」","给我留点吃的或热水","等我主动开口再聊","space|checkin|practical|listen","normal"
"L1-L1-17-017-37c4af7f","L1","L1-17","天气|日常","如果只能选一个更贴近的：「换季容易不舒服」这种日子，我更想被怎样对待？","先别追问原因","发一句「我在」","给我留点吃的或热水","等我主动开口再聊","space|checkin|practical|listen","normal"
"L1-L1-18-000-179e694c","L1","L1-18","聚餐","家里聚餐遇到「被要求多吃」时，我更希望你们站在哪边？","帮我圆场挡一下","尊重我的拒绝","别当着大家训我","事后私下说就好","protect|respect|face|private","sensitive"
"L1-L1-18-001-0d1388a8","L1","L1-18","聚餐","如果只能选一个更贴近的：家里聚餐遇到「被要求多吃」时，我更希望你们站在哪边？","帮我圆场挡一下","尊重我的拒绝","别当着大家训我","事后私下说就好","protect|respect|face|private","sensitive"
"L1-L1-17-018-737c61e7","L1","L1-17","天气|日常","最近这段时间，「换季容易不舒服」这种日子，我更想被怎样对待？","先别追问原因","发一句「我在」","给我留点吃的或热水","等我主动开口再聊","space|checkin|practical|listen","normal"
"L1-L1-17-019-9f3997b9","L1","L1-17","天气|日常","在我们家沟通里，「换季容易不舒服」这种日子，我更想被怎样对待？","先别追问原因","发一句「我在」","给我留点吃的或热水","等我主动开口再聊","space|checkin|practical|listen","normal"
"L1-L1-18-012-b06d6523","L1","L1-18","聚餐","家里聚餐遇到「被问私生活」时，我更希望你们站在哪边？","帮我圆场挡一下","尊重我的拒绝","别当着大家训我","事后私下说就好","protect|respect|face|private","sensitive"
"L1-L1-19-001-691297ae","L1","L1-19","收拾|空间","如果只能选一个更贴近的：说到房间「有点乱」或个人空间，我更认同？","乱不代表我过得不好","我有自己的整理节奏","请先敲门再进我房间","帮忙可以，别擅自丢东西","nonjudge|pace|privacy|consent","normal"
"L1-L1-19-002-fd8a8046","L1","L1-19","收拾|空间","最近这段时间，说到房间「有点乱」或个人空间，我更认同？","乱不代表我过得不好","我有自己的整理节奏","请先敲门再进我房间","帮忙可以，别擅自丢东西","nonjudge|pace|privacy|consent","normal"
"L1-L1-18-023-6aca7676","L1","L1-18","聚餐","在我们家沟通里，家里聚餐遇到「被要求表演或说话」时，我更希望你们站在哪边？","帮我圆场挡一下","尊重我的拒绝","别当着大家训我","事后私下说就好","protect|respect|face|private","sensitive"
"L1-L1-19-000-8346d035","L1","L1-19","收拾|空间","说到房间「有点乱」或个人空间，我更认同？","乱不代表我过得不好","我有自己的整理节奏","请先敲门再进我房间","帮忙可以，别擅自丢东西","nonjudge|pace|privacy|consent","normal"
"L1-L1-19-003-ba249e8a","L1","L1-19","收拾|空间","在我们家沟通里，说到房间「有点乱」或个人空间，我更认同？","乱不代表我过得不好","我有自己的整理节奏","请先敲门再进我房间","帮忙可以，别擅自丢东西","nonjudge|pace|privacy|consent","normal"
"L1-L1-20-002-06dc3d23","L1","L1-20","习惯总览","最近这段时间，总体而言，我对「生活习惯被讨论」的态度是？","可以聊，但要平等","小事请少管，大事再介入","我需要被信任多过被纠正","用问题卡了解我，比当面说教好","equal|scale|trust|channel","normal"
"L1-L1-20-003-666566e4","L1","L1-20","习惯总览","在我们家沟通里，总体而言，我对「生活习惯被讨论」的态度是？","可以聊，但要平等","小事请少管，大事再介入","我需要被信任多过被纠正","用问题卡了解我，比当面说教好","equal|scale|trust|channel","normal"
"L1-L1-20-000-549e9ab1","L1","L1-20","习惯总览","总体而言，我对「生活习惯被讨论」的态度是？","可以聊，但要平等","小事请少管，大事再介入","我需要被信任多过被纠正","用问题卡了解我，比当面说教好","equal|scale|trust|channel","normal"
"L1-L1-20-001-f54f0e93","L1","L1-20","习惯总览","如果只能选一个更贴近的：总体而言，我对「生活习惯被讨论」的态度是？","可以聊，但要平等","小事请少管，大事再介入","我需要被信任多过被纠正","用问题卡了解我，比当面说教好","equal|scale|trust|channel","normal"
"L1-L1-18-022-f5383706","L1","L1-18","聚餐","最近这段时间，家里聚餐遇到「被要求表演或说话」时，我更希望你们站在哪边？","帮我圆场挡一下","尊重我的拒绝","别当着大家训我","事后私下说就好","protect|respect|face|private","sensitive"
"L1-L1-18-015-19b819b3","L1","L1-18","聚餐","在我们家沟通里，家里聚餐遇到「被问私生活」时，我更希望你们站在哪边？","帮我圆场挡一下","尊重我的拒绝","别当着大家训我","事后私下说就好","protect|respect|face|private","sensitive"
"L1-L1-18-016-d842c284","L1","L1-18","聚餐","家里聚餐遇到「被比较工作」时，我更希望你们站在哪边？","帮我圆场挡一下","尊重我的拒绝","别当着大家训我","事后私下说就好","protect|respect|face|private","sensitive"
"L1-L1-18-013-c349fe50","L1","L1-18","聚餐","如果只能选一个更贴近的：家里聚餐遇到「被问私生活」时，我更希望你们站在哪边？","帮我圆场挡一下","尊重我的拒绝","别当着大家训我","事后私下说就好","protect|respect|face|private","sensitive"
"L1-L1-18-014-6657bb9d","L1","L1-18","聚餐","最近这段时间，家里聚餐遇到「被问私生活」时，我更希望你们站在哪边？","帮我圆场挡一下","尊重我的拒绝","别当着大家训我","事后私下说就好","protect|respect|face|private","sensitive"
"L1-L1-18-017-f66e5dfa","L1","L1-18","聚餐","如果只能选一个更贴近的：家里聚餐遇到「被比较工作」时，我更希望你们站在哪边？","帮我圆场挡一下","尊重我的拒绝","别当着大家训我","事后私下说就好","protect|respect|face|private","sensitive"
"L1-L1-18-020-a99dd4f5","L1","L1-18","聚餐","家里聚餐遇到「被要求表演或说话」时，我更希望你们站在哪边？","帮我圆场挡一下","尊重我的拒绝","别当着大家训我","事后私下说就好","protect|respect|face|private","sensitive"
"L1-L1-18-021-88c77066","L1","L1-18","聚餐","如果只能选一个更贴近的：家里聚餐遇到「被要求表演或说话」时，我更希望你们站在哪边？","帮我圆场挡一下","尊重我的拒绝","别当着大家训我","事后私下说就好","protect|respect|face|private","sensitive"
"L1-L1-18-018-60c3ae3b","L1","L1-18","聚餐","最近这段时间，家里聚餐遇到「被比较工作」时，我更希望你们站在哪边？","帮我圆场挡一下","尊重我的拒绝","别当着大家训我","事后私下说就好","protect|respect|face|private","sensitive"
"L1-L1-18-019-deccc7c3","L1","L1-18","聚餐","在我们家沟通里，家里聚餐遇到「被比较工作」时，我更希望你们站在哪边？","帮我圆场挡一下","尊重我的拒绝","别当着大家训我","事后私下说就好","protect|respect|face|private","sensitive"
"L1-L1-17-012-b82616c5","L1","L1-17","天气|日常","「熬夜赶东西后的第二天」这种日子，我更想被怎样对待？","先别追问原因","发一句「我在」","给我留点吃的或热水","等我主动开口再聊","space|checkin|practical|listen","normal"
"L1-L1-16-009-9f1b0590","L1","L1-16","报备","如果只能选一个更贴近的：关于「自己做决定不先报备」，在「调整作息」场景里我更希望？","事后分享即可","重要事项才提前说","想听建议时会主动问","报备不等于征求批准","after|important|ask_when_need|inform","sensitive"
"L1-L1-16-010-c74f753f","L1","L1-16","报备","最近这段时间，关于「自己做决定不先报备」，在「调整作息」场景里我更希望？","事后分享即可","重要事项才提前说","想听建议时会主动问","报备不等于征求批准","after|important|ask_when_need|inform","sensitive"
"L1-L1-16-007-bc8dd85c","L1","L1-16","报备","在我们家沟通里，关于「自己做决定不先报备」，在「周末行程」场景里我更希望？","事后分享即可","重要事项才提前说","想听建议时会主动问","报备不等于征求批准","after|important|ask_when_need|inform","sensitive"
"L1-L1-16-008-5f67ea51","L1","L1-16","报备","关于「自己做决定不先报备」，在「调整作息」场景里我更希望？","事后分享即可","重要事项才提前说","想听建议时会主动问","报备不等于征求批准","after|important|ask_when_need|inform","sensitive"
"L1-L1-16-011-4dcd20c6","L1","L1-16","报备","在我们家沟通里，关于「自己做决定不先报备」，在「调整作息」场景里我更希望？","事后分享即可","重要事项才提前说","想听建议时会主动问","报备不等于征求批准","after|important|ask_when_need|inform","sensitive"
"L1-L1-16-014-beeb59f5","L1","L1-16","报备","最近这段时间，关于「自己做决定不先报备」，在「接一个业余项目」场景里我更希望？","事后分享即可","重要事项才提前说","想听建议时会主动问","报备不等于征求批准","after|important|ask_when_need|inform","sensitive"
"L1-L1-16-015-1ac579f7","L1","L1-16","报备","在我们家沟通里，关于「自己做决定不先报备」，在「接一个业余项目」场景里我更希望？","事后分享即可","重要事项才提前说","想听建议时会主动问","报备不等于征求批准","after|important|ask_when_need|inform","sensitive"
"L1-L1-16-012-f92007bc","L1","L1-16","报备","关于「自己做决定不先报备」，在「接一个业余项目」场景里我更希望？","事后分享即可","重要事项才提前说","想听建议时会主动问","报备不等于征求批准","after|important|ask_when_need|inform","sensitive"
"L1-L1-16-013-98a08b58","L1","L1-16","报备","如果只能选一个更贴近的：关于「自己做决定不先报备」，在「接一个业余项目」场景里我更希望？","事后分享即可","重要事项才提前说","想听建议时会主动问","报备不等于征求批准","after|important|ask_when_need|inform","sensitive"
"L1-L1-16-006-1f75cb7e","L1","L1-16","报备","最近这段时间，关于「自己做决定不先报备」，在「周末行程」场景里我更希望？","事后分享即可","重要事项才提前说","想听建议时会主动问","报备不等于征求批准","after|important|ask_when_need|inform","sensitive"
"L1-L1-15-155-56098cef","L1","L1-15","手机|习惯","在我们家沟通里，我「玩手机时间变长」常发生在「排队或通勤很烦」之后，这时我需要？","让我安静待一会","关心一句就好","帮我做点实际的事","听我说几分钟","space|checkin|practical|listen","normal"
"L1-L1-16-000-e2dde13f","L1","L1-16","报备","关于「自己做决定不先报备」，在「交新朋友」场景里我更希望？","事后分享即可","重要事项才提前说","想听建议时会主动问","报备不等于征求批准","after|important|ask_when_need|inform","sensitive"
"L1-L1-15-153-9208b083","L1","L1-15","手机|习惯","如果只能选一个更贴近的：我「玩手机时间变长」常发生在「排队或通勤很烦」之后，这时我需要？","让我安静待一会","关心一句就好","帮我做点实际的事","听我说几分钟","space|checkin|practical|listen","normal"
"L1-L1-15-154-22d2e07c","L1","L1-15","手机|习惯","最近这段时间，我「玩手机时间变长」常发生在「排队或通勤很烦」之后，这时我需要？","让我安静待一会","关心一句就好","帮我做点实际的事","听我说几分钟","space|checkin|practical|listen","normal"
"L1-L1-16-001-510f934e","L1","L1-16","报备","如果只能选一个更贴近的：关于「自己做决定不先报备」，在「交新朋友」场景里我更希望？","事后分享即可","重要事项才提前说","想听建议时会主动问","报备不等于征求批准","after|important|ask_when_need|inform","sensitive"
"L1-L1-16-004-a571f682","L1","L1-16","报备","关于「自己做决定不先报备」，在「周末行程」场景里我更希望？","事后分享即可","重要事项才提前说","想听建议时会主动问","报备不等于征求批准","after|important|ask_when_need|inform","sensitive"
"L1-L1-16-005-3ce3b6da","L1","L1-16","报备","如果只能选一个更贴近的：关于「自己做决定不先报备」，在「周末行程」场景里我更希望？","事后分享即可","重要事项才提前说","想听建议时会主动问","报备不等于征求批准","after|important|ask_when_need|inform","sensitive"
"L1-L1-16-002-edb6f6fd","L1","L1-16","报备","最近这段时间，关于「自己做决定不先报备」，在「交新朋友」场景里我更希望？","事后分享即可","重要事项才提前说","想听建议时会主动问","报备不等于征求批准","after|important|ask_when_need|inform","sensitive"
"L1-L1-16-003-7d8b7a67","L1","L1-16","报备","在我们家沟通里，关于「自己做决定不先报备」，在「交新朋友」场景里我更希望？","事后分享即可","重要事项才提前说","想听建议时会主动问","报备不等于征求批准","after|important|ask_when_need|inform","sensitive"
"L1-L1-16-016-044628ee","L1","L1-16","报备","关于「自己做决定不先报备」，在「买非大额物品」场景里我更希望？","事后分享即可","重要事项才提前说","想听建议时会主动问","报备不等于征求批准","after|important|ask_when_need|inform","sensitive"
"L1-L1-17-005-ab25cc3b","L1","L1-17","天气|日常","如果只能选一个更贴近的：「连续上班很累」这种日子，我更想被怎样对待？","先别追问原因","发一句「我在」","给我留点吃的或热水","等我主动开口再聊","space|checkin|practical|listen","normal"
"L1-L1-17-006-2773a6a4","L1","L1-17","天气|日常","最近这段时间，「连续上班很累」这种日子，我更想被怎样对待？","先别追问原因","发一句「我在」","给我留点吃的或热水","等我主动开口再聊","space|checkin|practical|listen","normal"
"L1-L1-17-003-43083492","L1","L1-17","天气|日常","在我们家沟通里，「周末想宅在家」这种日子，我更想被怎样对待？","先别追问原因","发一句「我在」","给我留点吃的或热水","等我主动开口再聊","space|checkin|practical|listen","normal"
"L1-L1-17-004-0b805661","L1","L1-17","天气|日常","「连续上班很累」这种日子，我更想被怎样对待？","先别追问原因","发一句「我在」","给我留点吃的或热水","等我主动开口再聊","space|checkin|practical|listen","normal"
"L1-L1-17-007-b7b39f6f","L1","L1-17","天气|日常","在我们家沟通里，「连续上班很累」这种日子，我更想被怎样对待？","先别追问原因","发一句「我在」","给我留点吃的或热水","等我主动开口再聊","space|checkin|practical|listen","normal"
"L1-L1-17-010-a1be813a","L1","L1-17","天气|日常","最近这段时间，「下雨不想出门」这种日子，我更想被怎样对待？","先别追问原因","发一句「我在」","给我留点吃的或热水","等我主动开口再聊","space|checkin|practical|listen","normal"
"L1-L1-17-011-909251c6","L1","L1-17","天气|日常","在我们家沟通里，「下雨不想出门」这种日子，我更想被怎样对待？","先别追问原因","发一句「我在」","给我留点吃的或热水","等我主动开口再聊","space|checkin|practical|listen","normal"
"L1-L1-17-008-fd272164","L1","L1-17","天气|日常","「下雨不想出门」这种日子，我更想被怎样对待？","先别追问原因","发一句「我在」","给我留点吃的或热水","等我主动开口再聊","space|checkin|practical|listen","normal"
"L1-L1-17-009-075174f3","L1","L1-17","天气|日常","如果只能选一个更贴近的：「下雨不想出门」这种日子，我更想被怎样对待？","先别追问原因","发一句「我在」","给我留点吃的或热水","等我主动开口再聊","space|checkin|practical|listen","normal"
"L1-L1-17-002-c62d1633","L1","L1-17","天气|日常","最近这段时间，「周末想宅在家」这种日子，我更想被怎样对待？","先别追问原因","发一句「我在」","给我留点吃的或热水","等我主动开口再聊","space|checkin|practical|listen","normal"
"L1-L1-16-019-f2b371f3","L1","L1-16","报备","在我们家沟通里，关于「自己做决定不先报备」，在「买非大额物品」场景里我更希望？","事后分享即可","重要事项才提前说","想听建议时会主动问","报备不等于征求批准","after|important|ask_when_need|inform","sensitive"
"L1-L1-16-020-87cfc958","L1","L1-16","报备","关于「自己做决定不先报备」，在「换发型外观」场景里我更希望？","事后分享即可","重要事项才提前说","想听建议时会主动问","报备不等于征求批准","after|important|ask_when_need|inform","sensitive"
"L1-L1-16-017-bacd024a","L1","L1-16","报备","如果只能选一个更贴近的：关于「自己做决定不先报备」，在「买非大额物品」场景里我更希望？","事后分享即可","重要事项才提前说","想听建议时会主动问","报备不等于征求批准","after|important|ask_when_need|inform","sensitive"
"L1-L1-16-018-e2a3127e","L1","L1-16","报备","最近这段时间，关于「自己做决定不先报备」，在「买非大额物品」场景里我更希望？","事后分享即可","重要事项才提前说","想听建议时会主动问","报备不等于征求批准","after|important|ask_when_need|inform","sensitive"
"L1-L1-16-021-c613a6ee","L1","L1-16","报备","如果只能选一个更贴近的：关于「自己做决定不先报备」，在「换发型外观」场景里我更希望？","事后分享即可","重要事项才提前说","想听建议时会主动问","报备不等于征求批准","after|important|ask_when_need|inform","sensitive"
"L1-L1-17-000-9591a130","L1","L1-17","天气|日常","「周末想宅在家」这种日子，我更想被怎样对待？","先别追问原因","发一句「我在」","给我留点吃的或热水","等我主动开口再聊","space|checkin|practical|listen","normal"
"L1-L1-17-001-aa2f8354","L1","L1-17","天气|日常","如果只能选一个更贴近的：「周末想宅在家」这种日子，我更想被怎样对待？","先别追问原因","发一句「我在」","给我留点吃的或热水","等我主动开口再聊","space|checkin|practical|listen","normal"
"L1-L1-16-022-839effdf","L1","L1-16","报备","最近这段时间，关于「自己做决定不先报备」，在「换发型外观」场景里我更希望？","事后分享即可","重要事项才提前说","想听建议时会主动问","报备不等于征求批准","after|important|ask_when_need|inform","sensitive"
"L1-L1-16-023-d127bb96","L1","L1-16","报备","在我们家沟通里，关于「自己做决定不先报备」，在「换发型外观」场景里我更希望？","事后分享即可","重要事项才提前说","想听建议时会主动问","报备不等于征求批准","after|important|ask_when_need|inform","sensitive"
"L1-L1-15-073-63e70e60","L1","L1-15","手机|习惯","如果只能选一个更贴近的：我「玩手机时间变长」常发生在「刚拒绝一个社交邀请」之后，这时我需要？","让我安静待一会","关心一句就好","帮我做点实际的事","听我说几分钟","space|checkin|practical|listen","normal"
"L1-L1-13-031-f5927277","L1","L1-13","消费","在我们家沟通里，「请朋友吃饭」这件事，我更看重？","情绪价值和愉悦感","长期是否真的有用","是否在预算内可控","这是对自己的小小奖励","joy|utility|budget|reward","normal"
"L1-L1-13-032-40f9c358","L1","L1-13","消费","「搬家相关开销」这件事，我更看重？","情绪价值和愉悦感","长期是否真的有用","是否在预算内可控","这是对自己的小小奖励","joy|utility|budget|reward","normal"
"L1-L1-13-029-4482944b","L1","L1-13","消费","如果只能选一个更贴近的：「请朋友吃饭」这件事，我更看重？","情绪价值和愉悦感","长期是否真的有用","是否在预算内可控","这是对自己的小小奖励","joy|utility|budget|reward","normal"
"L1-L1-13-030-885732cb","L1","L1-13","消费","最近这段时间，「请朋友吃饭」这件事，我更看重？","情绪价值和愉悦感","长期是否真的有用","是否在预算内可控","这是对自己的小小奖励","joy|utility|budget|reward","normal"
"L1-L1-13-033-4449de4d","L1","L1-13","消费","如果只能选一个更贴近的：「搬家相关开销」这件事，我更看重？","情绪价值和愉悦感","长期是否真的有用","是否在预算内可控","这是对自己的小小奖励","joy|utility|budget|reward","normal"
"L1-L1-13-036-9f6ab93c","L1","L1-13","消费","「报一个兴趣班或课程」这件事，我更看重？","情绪价值和愉悦感","长期是否真的有用","是否在预算内可控","这是对自己的小小奖励","joy|utility|budget|reward","normal"
"L1-L1-13-037-a0d8badc","L1","L1-13","消费","如果只能选一个更贴近的：「报一个兴趣班或课程」这件事，我更看重？","情绪价值和愉悦感","长期是否真的有用","是否在预算内可控","这是对自己的小小奖励","joy|utility|budget|reward","normal"
"L1-L1-13-034-e2c565af","L1","L1-13","消费","最近这段时间，「搬家相关开销」这件事，我更看重？","情绪价值和愉悦感","长期是否真的有用","是否在预算内可控","这是对自己的小小奖励","joy|utility|budget|reward","normal"
"L1-L1-13-035-45ddb6d6","L1","L1-13","消费","在我们家沟通里，「搬家相关开销」这件事，我更看重？","情绪价值和愉悦感","长期是否真的有用","是否在预算内可控","这是对自己的小小奖励","joy|utility|budget|reward","normal"
"L1-L1-13-028-6eab8b3b","L1","L1-13","消费","「请朋友吃饭」这件事，我更看重？","情绪价值和愉悦感","长期是否真的有用","是否在预算内可控","这是对自己的小小奖励","joy|utility|budget|reward","normal"
"L1-L1-13-021-4c459595","L1","L1-13","消费","如果只能选一个更贴近的：「为情绪价值买单」这件事，我更看重？","情绪价值和愉悦感","长期是否真的有用","是否在预算内可控","这是对自己的小小奖励","joy|utility|budget|reward","normal"
"L1-L1-13-022-2deb5ec1","L1","L1-13","消费","最近这段时间，「为情绪价值买单」这件事，我更看重？","情绪价值和愉悦感","长期是否真的有用","是否在预算内可控","这是对自己的小小奖励","joy|utility|budget|reward","normal"
"L1-L1-13-019-464b4f0b","L1","L1-13","消费","在我们家沟通里，「旅行花一笔预算」这件事，我更看重？","情绪价值和愉悦感","长期是否真的有用","是否在预算内可控","这是对自己的小小奖励","joy|utility|budget|reward","normal"
"L1-L1-13-020-c17a2a84","L1","L1-13","消费","「为情绪价值买单」这件事，我更看重？","情绪价值和愉悦感","长期是否真的有用","是否在预算内可控","这是对自己的小小奖励","joy|utility|budget|reward","normal"
"L1-L1-13-023-d1c004f7","L1","L1-13","消费","在我们家沟通里，「为情绪价值买单」这件事，我更看重？","情绪价值和愉悦感","长期是否真的有用","是否在预算内可控","这是对自己的小小奖励","joy|utility|budget|reward","normal"
"L1-L1-13-026-5918b721","L1","L1-13","消费","最近这段时间，「换手机或数码产品」这件事，我更看重？","情绪价值和愉悦感","长期是否真的有用","是否在预算内可控","这是对自己的小小奖励","joy|utility|budget|reward","normal"
"L1-L1-13-027-6664e414","L1","L1-13","消费","在我们家沟通里，「换手机或数码产品」这件事，我更看重？","情绪价值和愉悦感","长期是否真的有用","是否在预算内可控","这是对自己的小小奖励","joy|utility|budget|reward","normal"
"L1-L1-13-024-0ffac329","L1","L1-13","消费","「换手机或数码产品」这件事，我更看重？","情绪价值和愉悦感","长期是否真的有用","是否在预算内可控","这是对自己的小小奖励","joy|utility|budget|reward","normal"
"L1-L1-13-025-4e360abf","L1","L1-13","消费","如果只能选一个更贴近的：「换手机或数码产品」这件事，我更看重？","情绪价值和愉悦感","长期是否真的有用","是否在预算内可控","这是对自己的小小奖励","joy|utility|budget|reward","normal"
"L1-L1-13-038-5ad77d16","L1","L1-13","消费","最近这段时间，「报一个兴趣班或课程」这件事，我更看重？","情绪价值和愉悦感","长期是否真的有用","是否在预算内可控","这是对自己的小小奖励","joy|utility|budget|reward","normal"
"L1-L1-14-011-ca01e6fa","L1","L1-14","运动|健康","在我们家沟通里，谈到运动或作息「靠兴趣维持而不是打卡」时，我希望你们？","别用结果评判我","陪我找可持续的方式","关心身体感受即可","让我自己安排节奏","nonjudge|sustain|body|autonomy","normal"
"L1-L1-14-012-e235539e","L1","L1-14","运动|健康","谈到运动或作息「因工作暂停」时，我希望你们？","别用结果评判我","陪我找可持续的方式","关心身体感受即可","让我自己安排节奏","nonjudge|sustain|body|autonomy","normal"
"L1-L1-14-009-2235e81b","L1","L1-14","运动|健康","如果只能选一个更贴近的：谈到运动或作息「靠兴趣维持而不是打卡」时，我希望你们？","别用结果评判我","陪我找可持续的方式","关心身体感受即可","让我自己安排节奏","nonjudge|sustain|body|autonomy","normal"
"L1-L1-14-010-c025b4fe","L1","L1-14","运动|健康","最近这段时间，谈到运动或作息「靠兴趣维持而不是打卡」时，我希望你们？","别用结果评判我","陪我找可持续的方式","关心身体感受即可","让我自己安排节奏","nonjudge|sustain|body|autonomy","normal"
"L1-L1-14-013-37a3b4f0","L1","L1-14","运动|健康","如果只能选一个更贴近的：谈到运动或作息「因工作暂停」时，我希望你们？","别用结果评判我","陪我找可持续的方式","关心身体感受即可","让我自己安排节奏","nonjudge|sustain|body|autonomy","normal"
"L1-L1-14-016-c7b882fe","L1","L1-14","运动|健康","谈到运动或作息「只想散步放松」时，我希望你们？","别用结果评判我","陪我找可持续的方式","关心身体感受即可","让我自己安排节奏","nonjudge|sustain|body|autonomy","normal"
"L1-L1-14-017-068257ed","L1","L1-14","运动|健康","如果只能选一个更贴近的：谈到运动或作息「只想散步放松」时，我希望你们？","别用结果评判我","陪我找可持续的方式","关心身体感受即可","让我自己安排节奏","nonjudge|sustain|body|autonomy","normal"
"L1-L1-14-014-ab4e85a1","L1","L1-14","运动|健康","最近这段时间，谈到运动或作息「因工作暂停」时，我希望你们？","别用结果评判我","陪我找可持续的方式","关心身体感受即可","让我自己安排节奏","nonjudge|sustain|body|autonomy","normal"
"L1-L1-14-015-66d81d52","L1","L1-14","运动|健康","在我们家沟通里，谈到运动或作息「因工作暂停」时，我希望你们？","别用结果评判我","陪我找可持续的方式","关心身体感受即可","让我自己安排节奏","nonjudge|sustain|body|autonomy","normal"
"L1-L1-14-008-26315899","L1","L1-14","运动|健康","谈到运动或作息「靠兴趣维持而不是打卡」时，我希望你们？","别用结果评判我","陪我找可持续的方式","关心身体感受即可","让我自己安排节奏","nonjudge|sustain|body|autonomy","normal"
"L1-L1-14-001-f005ed7d","L1","L1-14","运动|健康","如果只能选一个更贴近的：谈到运动或作息「和朋友一起玩球」时，我希望你们？","别用结果评判我","陪我找可持续的方式","关心身体感受即可","让我自己安排节奏","nonjudge|sustain|body|autonomy","normal"
"L1-L1-14-002-f7057669","L1","L1-14","运动|健康","最近这段时间，谈到运动或作息「和朋友一起玩球」时，我希望你们？","别用结果评判我","陪我找可持续的方式","关心身体感受即可","让我自己安排节奏","nonjudge|sustain|body|autonomy","normal"
"L1-L1-13-039-96aacf60","L1","L1-13","消费","在我们家沟通里，「报一个兴趣班或课程」这件事，我更看重？","情绪价值和愉悦感","长期是否真的有用","是否在预算内可控","这是对自己的小小奖励","joy|utility|budget|reward","normal"
"L1-L1-14-000-c2839081","L1","L1-14","运动|健康","谈到运动或作息「和朋友一起玩球」时，我希望你们？","别用结果评判我","陪我找可持续的方式","关心身体感受即可","让我自己安排节奏","nonjudge|sustain|body|autonomy","normal"
"L1-L1-14-003-0d3b24a4","L1","L1-14","运动|健康","在我们家沟通里，谈到运动或作息「和朋友一起玩球」时，我希望你们？","别用结果评判我","陪我找可持续的方式","关心身体感受即可","让我自己安排节奏","nonjudge|sustain|body|autonomy","normal"
"L1-L1-14-006-59f0410e","L1","L1-14","运动|健康","最近这段时间，谈到运动或作息「最近变少」时，我希望你们？","别用结果评判我","陪我找可持续的方式","关心身体感受即可","让我自己安排节奏","nonjudge|sustain|body|autonomy","normal"
"L1-L1-14-007-56b37677","L1","L1-14","运动|健康","在我们家沟通里，谈到运动或作息「最近变少」时，我希望你们？","别用结果评判我","陪我找可持续的方式","关心身体感受即可","让我自己安排节奏","nonjudge|sustain|body|autonomy","normal"
"L1-L1-14-004-90f43362","L1","L1-14","运动|健康","谈到运动或作息「最近变少」时，我希望你们？","别用结果评判我","陪我找可持续的方式","关心身体感受即可","让我自己安排节奏","nonjudge|sustain|body|autonomy","normal"
"L1-L1-14-005-1720d272","L1","L1-14","运动|健康","如果只能选一个更贴近的：谈到运动或作息「最近变少」时，我希望你们？","别用结果评判我","陪我找可持续的方式","关心身体感受即可","让我自己安排节奏","nonjudge|sustain|body|autonomy","normal"
"L1-L1-13-018-a62772ea","L1","L1-13","消费","最近这段时间，「旅行花一笔预算」这件事，我更看重？","情绪价值和愉悦感","长期是否真的有用","是否在预算内可控","这是对自己的小小奖励","joy|utility|budget|reward","normal"
"L1-L1-12-051-101e4900","L1","L1-12","作息","在我们家沟通里，我「熬夜后想补觉」，你们怎样解读更贴近我？","我在用自己的方式恢复","阶段性状态，不代表堕落","我需要边界，不是故意对抗","我知道利害，请少一点压力","recover|phase|boundary|pressure","normal"
"L1-L1-12-052-a9470e51","L1","L1-12","作息","我「想关灯安静睡觉」，你们怎样解读更贴近我？","我在用自己的方式恢复","阶段性状态，不代表堕落","我需要边界，不是故意对抗","我知道利害，请少一点压力","recover|phase|boundary|pressure","normal"
"L1-L1-12-049-bf9ad8e5","L1","L1-12","作息","如果只能选一个更贴近的：我「熬夜后想补觉」，你们怎样解读更贴近我？","我在用自己的方式恢复","阶段性状态，不代表堕落","我需要边界，不是故意对抗","我知道利害，请少一点压力","recover|phase|boundary|pressure","normal"
"L1-L1-12-050-2f2828df","L1","L1-12","作息","最近这段时间，我「熬夜后想补觉」，你们怎样解读更贴近我？","我在用自己的方式恢复","阶段性状态，不代表堕落","我需要边界，不是故意对抗","我知道利害，请少一点压力","recover|phase|boundary|pressure","normal"
"L1-L1-12-053-d334e172","L1","L1-12","作息","如果只能选一个更贴近的：我「想关灯安静睡觉」，你们怎样解读更贴近我？","我在用自己的方式恢复","阶段性状态，不代表堕落","我需要边界，不是故意对抗","我知道利害，请少一点压力","recover|phase|boundary|pressure","normal"
"L1-L1-12-056-b21502f5","L1","L1-12","作息","我「想听着白噪音睡」，你们怎样解读更贴近我？","我在用自己的方式恢复","阶段性状态，不代表堕落","我需要边界，不是故意对抗","我知道利害，请少一点压力","recover|phase|boundary|pressure","normal"
"L1-L1-12-057-1760bb9f","L1","L1-12","作息","如果只能选一个更贴近的：我「想听着白噪音睡」，你们怎样解读更贴近我？","我在用自己的方式恢复","阶段性状态，不代表堕落","我需要边界，不是故意对抗","我知道利害，请少一点压力","recover|phase|boundary|pressure","normal"
"L1-L1-12-054-e770c995","L1","L1-12","作息","最近这段时间，我「想关灯安静睡觉」，你们怎样解读更贴近我？","我在用自己的方式恢复","阶段性状态，不代表堕落","我需要边界，不是故意对抗","我知道利害，请少一点压力","recover|phase|boundary|pressure","normal"
"L1-L1-12-055-af5882cb","L1","L1-12","作息","在我们家沟通里，我「想关灯安静睡觉」，你们怎样解读更贴近我？","我在用自己的方式恢复","阶段性状态，不代表堕落","我需要边界，不是故意对抗","我知道利害，请少一点压力","recover|phase|boundary|pressure","normal"
"L1-L1-12-048-ec5c1044","L1","L1-12","作息","我「熬夜后想补觉」，你们怎样解读更贴近我？","我在用自己的方式恢复","阶段性状态，不代表堕落","我需要边界，不是故意对抗","我知道利害，请少一点压力","recover|phase|boundary|pressure","normal"
"L1-L1-12-041-fc4e9ad4","L1","L1-12","作息","如果只能选一个更贴近的：我「压力大导致早醒」，你们怎样解读更贴近我？","我在用自己的方式恢复","阶段性状态，不代表堕落","我需要边界，不是故意对抗","我知道利害，请少一点压力","recover|phase|boundary|pressure","normal"
"L1-L1-12-042-a9e726c0","L1","L1-12","作息","最近这段时间，我「压力大导致早醒」，你们怎样解读更贴近我？","我在用自己的方式恢复","阶段性状态，不代表堕落","我需要边界，不是故意对抗","我知道利害，请少一点压力","recover|phase|boundary|pressure","normal"
"L1-L1-12-039-32c99e60","L1","L1-12","作息","在我们家沟通里，我「被早起电话吵醒」，你们怎样解读更贴近我？","我在用自己的方式恢复","阶段性状态，不代表堕落","我需要边界，不是故意对抗","我知道利害，请少一点压力","recover|phase|boundary|pressure","normal"
"L1-L1-12-040-fd1ceda9","L1","L1-12","作息","我「压力大导致早醒」，你们怎样解读更贴近我？","我在用自己的方式恢复","阶段性状态，不代表堕落","我需要边界，不是故意对抗","我知道利害，请少一点压力","recover|phase|boundary|pressure","normal"
"L1-L1-12-043-efe8ea16","L1","L1-12","作息","在我们家沟通里，我「压力大导致早醒」，你们怎样解读更贴近我？","我在用自己的方式恢复","阶段性状态，不代表堕落","我需要边界，不是故意对抗","我知道利害，请少一点压力","recover|phase|boundary|pressure","normal"
"L1-L1-12-046-1973ddce","L1","L1-12","作息","最近这段时间，我「半夜醒来很难再睡」，你们怎样解读更贴近我？","我在用自己的方式恢复","阶段性状态，不代表堕落","我需要边界，不是故意对抗","我知道利害，请少一点压力","recover|phase|boundary|pressure","normal"
"L1-L1-12-047-b3ca3018","L1","L1-12","作息","在我们家沟通里，我「半夜醒来很难再睡」，你们怎样解读更贴近我？","我在用自己的方式恢复","阶段性状态，不代表堕落","我需要边界，不是故意对抗","我知道利害，请少一点压力","recover|phase|boundary|pressure","normal"
"L1-L1-12-044-32022a5f","L1","L1-12","作息","我「半夜醒来很难再睡」，你们怎样解读更贴近我？","我在用自己的方式恢复","阶段性状态，不代表堕落","我需要边界，不是故意对抗","我知道利害，请少一点压力","recover|phase|boundary|pressure","normal"
"L1-L1-12-045-4387cb8e","L1","L1-12","作息","如果只能选一个更贴近的：我「半夜醒来很难再睡」，你们怎样解读更贴近我？","我在用自己的方式恢复","阶段性状态，不代表堕落","我需要边界，不是故意对抗","我知道利害，请少一点压力","recover|phase|boundary|pressure","normal"
"L1-L1-12-058-463e6cf0","L1","L1-12","作息","最近这段时间，我「想听着白噪音睡」，你们怎样解读更贴近我？","我在用自己的方式恢复","阶段性状态，不代表堕落","我需要边界，不是故意对抗","我知道利害，请少一点压力","recover|phase|boundary|pressure","normal"
"L1-L1-13-011-d595f026","L1","L1-13","消费","在我们家沟通里，「订阅会员或工具」这件事，我更看重？","情绪价值和愉悦感","长期是否真的有用","是否在预算内可控","这是对自己的小小奖励","joy|utility|budget|reward","normal"
"L1-L1-13-012-802909a5","L1","L1-13","消费","「和朋友平摊聚餐」这件事，我更看重？","情绪价值和愉悦感","长期是否真的有用","是否在预算内可控","这是对自己的小小奖励","joy|utility|budget|reward","normal"
"L1-L1-13-009-e76e9d79","L1","L1-13","消费","如果只能选一个更贴近的：「订阅会员或工具」这件事，我更看重？","情绪价值和愉悦感","长期是否真的有用","是否在预算内可控","这是对自己的小小奖励","joy|utility|budget|reward","normal"
"L1-L1-13-010-164a4a14","L1","L1-13","消费","最近这段时间，「订阅会员或工具」这件事，我更看重？","情绪价值和愉悦感","长期是否真的有用","是否在预算内可控","这是对自己的小小奖励","joy|utility|budget|reward","normal"
"L1-L1-13-013-ff0affaf","L1","L1-13","消费","如果只能选一个更贴近的：「和朋友平摊聚餐」这件事，我更看重？","情绪价值和愉悦感","长期是否真的有用","是否在预算内可控","这是对自己的小小奖励","joy|utility|budget|reward","normal"
"L1-L1-13-016-7937e8d6","L1","L1-13","消费","「旅行花一笔预算」这件事，我更看重？","情绪价值和愉悦感","长期是否真的有用","是否在预算内可控","这是对自己的小小奖励","joy|utility|budget|reward","normal"
"L1-L1-13-017-77c4192c","L1","L1-13","消费","如果只能选一个更贴近的：「旅行花一笔预算」这件事，我更看重？","情绪价值和愉悦感","长期是否真的有用","是否在预算内可控","这是对自己的小小奖励","joy|utility|budget|reward","normal"
"L1-L1-13-014-7f446d17","L1","L1-13","消费","最近这段时间，「和朋友平摊聚餐」这件事，我更看重？","情绪价值和愉悦感","长期是否真的有用","是否在预算内可控","这是对自己的小小奖励","joy|utility|budget|reward","normal"
"L1-L1-13-015-5fde26f0","L1","L1-13","消费","在我们家沟通里，「和朋友平摊聚餐」这件事，我更看重？","情绪价值和愉悦感","长期是否真的有用","是否在预算内可控","这是对自己的小小奖励","joy|utility|budget|reward","normal"
"L1-L1-13-008-e2b4797a","L1","L1-13","消费","「订阅会员或工具」这件事，我更看重？","情绪价值和愉悦感","长期是否真的有用","是否在预算内可控","这是对自己的小小奖励","joy|utility|budget|reward","normal"
"L1-L1-13-001-8fc5a44e","L1","L1-13","消费","如果只能选一个更贴近的：「为穿搭或外观花钱」这件事，我更看重？","情绪价值和愉悦感","长期是否真的有用","是否在预算内可控","这是对自己的小小奖励","joy|utility|budget|reward","normal"
"L1-L1-13-002-0c90be2d","L1","L1-13","消费","最近这段时间，「为穿搭或外观花钱」这件事，我更看重？","情绪价值和愉悦感","长期是否真的有用","是否在预算内可控","这是对自己的小小奖励","joy|utility|budget|reward","normal"
"L1-L1-12-059-d6d756e6","L1","L1-12","作息","在我们家沟通里，我「想听着白噪音睡」，你们怎样解读更贴近我？","我在用自己的方式恢复","阶段性状态，不代表堕落","我需要边界，不是故意对抗","我知道利害，请少一点压力","recover|phase|boundary|pressure","normal"
"L1-L1-13-000-37cac812","L1","L1-13","消费","「为穿搭或外观花钱」这件事，我更看重？","情绪价值和愉悦感","长期是否真的有用","是否在预算内可控","这是对自己的小小奖励","joy|utility|budget|reward","normal"
"L1-L1-13-003-13613edd","L1","L1-13","消费","在我们家沟通里，「为穿搭或外观花钱」这件事，我更看重？","情绪价值和愉悦感","长期是否真的有用","是否在预算内可控","这是对自己的小小奖励","joy|utility|budget|reward","normal"
"L1-L1-13-006-67b3821e","L1","L1-13","消费","最近这段时间，「买一件非必需但很喜欢的东西」这件事，我更看重？","情绪价值和愉悦感","长期是否真的有用","是否在预算内可控","这是对自己的小小奖励","joy|utility|budget|reward","normal"
"L1-L1-13-007-0010279e","L1","L1-13","消费","在我们家沟通里，「买一件非必需但很喜欢的东西」这件事，我更看重？","情绪价值和愉悦感","长期是否真的有用","是否在预算内可控","这是对自己的小小奖励","joy|utility|budget|reward","normal"
"L1-L1-13-004-114a0199","L1","L1-13","消费","「买一件非必需但很喜欢的东西」这件事，我更看重？","情绪价值和愉悦感","长期是否真的有用","是否在预算内可控","这是对自己的小小奖励","joy|utility|budget|reward","normal"
"L1-L1-13-005-21124440","L1","L1-13","消费","如果只能选一个更贴近的：「买一件非必需但很喜欢的东西」这件事，我更看重？","情绪价值和愉悦感","长期是否真的有用","是否在预算内可控","这是对自己的小小奖励","joy|utility|budget|reward","normal"
"L1-L1-15-046-5ecf58b0","L1","L1-15","手机|习惯","最近这段时间，我「玩手机时间变长」常发生在「被临时安排加班」之后，这时我需要？","让我安静待一会","关心一句就好","帮我做点实际的事","听我说几分钟","space|checkin|practical|listen","normal"
"L1-L1-15-047-e3397198","L1","L1-15","手机|习惯","在我们家沟通里，我「玩手机时间变长」常发生在「被临时安排加班」之后，这时我需要？","让我安静待一会","关心一句就好","帮我做点实际的事","听我说几分钟","space|checkin|practical|listen","normal"
"L1-L1-15-044-9a549238","L1","L1-15","手机|习惯","我「玩手机时间变长」常发生在「被临时安排加班」之后，这时我需要？","让我安静待一会","关心一句就好","帮我做点实际的事","听我说几分钟","space|checkin|practical|listen","normal"
"L1-L1-15-045-878bf2ca","L1","L1-15","手机|习惯","如果只能选一个更贴近的：我「玩手机时间变长」常发生在「被临时安排加班」之后，这时我需要？","让我安静待一会","关心一句就好","帮我做点实际的事","听我说几分钟","space|checkin|practical|listen","normal"
"L1-L1-15-048-516c524b","L1","L1-15","手机|习惯","我「玩手机时间变长」常发生在「考试或汇报前紧张」之后，这时我需要？","让我安静待一会","关心一句就好","帮我做点实际的事","听我说几分钟","space|checkin|practical|listen","normal"
"L1-L1-15-051-c776d91c","L1","L1-15","手机|习惯","在我们家沟通里，我「玩手机时间变长」常发生在「考试或汇报前紧张」之后，这时我需要？","让我安静待一会","关心一句就好","帮我做点实际的事","听我说几分钟","space|checkin|practical|listen","normal"
"L1-L1-15-052-e9377eb7","L1","L1-15","手机|习惯","我「玩手机时间变长」常发生在「早上起不来」之后，这时我需要？","让我安静待一会","关心一句就好","帮我做点实际的事","听我说几分钟","space|checkin|practical|listen","normal"
"L1-L1-15-049-719ac20d","L1","L1-15","手机|习惯","如果只能选一个更贴近的：我「玩手机时间变长」常发生在「考试或汇报前紧张」之后，这时我需要？","让我安静待一会","关心一句就好","帮我做点实际的事","听我说几分钟","space|checkin|practical|listen","normal"
"L1-L1-15-050-61bf7be3","L1","L1-15","手机|习惯","最近这段时间，我「玩手机时间变长」常发生在「考试或汇报前紧张」之后，这时我需要？","让我安静待一会","关心一句就好","帮我做点实际的事","听我说几分钟","space|checkin|practical|listen","normal"
"L1-L1-15-043-039c2b4b","L1","L1-15","手机|习惯","在我们家沟通里，我「玩手机时间变长」常发生在「计划被雨天打乱」之后，这时我需要？","让我安静待一会","关心一句就好","帮我做点实际的事","听我说几分钟","space|checkin|practical|listen","normal"
"L1-L1-15-036-65d53f51","L1","L1-15","手机|习惯","我「玩手机时间变长」常发生在「运动完很疲惫」之后，这时我需要？","让我安静待一会","关心一句就好","帮我做点实际的事","听我说几分钟","space|checkin|practical|listen","normal"
"L1-L1-15-037-8b336782","L1","L1-15","手机|习惯","如果只能选一个更贴近的：我「玩手机时间变长」常发生在「运动完很疲惫」之后，这时我需要？","让我安静待一会","关心一句就好","帮我做点实际的事","听我说几分钟","space|checkin|practical|listen","normal"
"L1-L1-15-034-1a28ab59","L1","L1-15","手机|习惯","最近这段时间，我「玩手机时间变长」常发生在「网购到货很开心」之后，这时我需要？","让我安静待一会","关心一句就好","帮我做点实际的事","听我说几分钟","space|checkin|practical|listen","normal"
"L1-L1-15-035-c1e6d98b","L1","L1-15","手机|习惯","在我们家沟通里，我「玩手机时间变长」常发生在「网购到货很开心」之后，这时我需要？","让我安静待一会","关心一句就好","帮我做点实际的事","听我说几分钟","space|checkin|practical|listen","normal"
"L1-L1-15-038-b9210ebf","L1","L1-15","手机|习惯","最近这段时间，我「玩手机时间变长」常发生在「运动完很疲惫」之后，这时我需要？","让我安静待一会","关心一句就好","帮我做点实际的事","听我说几分钟","space|checkin|practical|listen","normal"
"L1-L1-15-041-fe794a98","L1","L1-15","手机|习惯","如果只能选一个更贴近的：我「玩手机时间变长」常发生在「计划被雨天打乱」之后，这时我需要？","让我安静待一会","关心一句就好","帮我做点实际的事","听我说几分钟","space|checkin|practical|listen","normal"
"L1-L1-15-042-ff0c558a","L1","L1-15","手机|习惯","最近这段时间，我「玩手机时间变长」常发生在「计划被雨天打乱」之后，这时我需要？","让我安静待一会","关心一句就好","帮我做点实际的事","听我说几分钟","space|checkin|practical|listen","normal"
"L1-L1-15-039-95a49e24","L1","L1-15","手机|习惯","在我们家沟通里，我「玩手机时间变长」常发生在「运动完很疲惫」之后，这时我需要？","让我安静待一会","关心一句就好","帮我做点实际的事","听我说几分钟","space|checkin|practical|listen","normal"
"L1-L1-15-040-86aa8c69","L1","L1-15","手机|习惯","我「玩手机时间变长」常发生在「计划被雨天打乱」之后，这时我需要？","让我安静待一会","关心一句就好","帮我做点实际的事","听我说几分钟","space|checkin|practical|listen","normal"
"L1-L1-15-053-fdad8690","L1","L1-15","手机|习惯","如果只能选一个更贴近的：我「玩手机时间变长」常发生在「早上起不来」之后，这时我需要？","让我安静待一会","关心一句就好","帮我做点实际的事","听我说几分钟","space|checkin|practical|listen","normal"
"L1-L1-15-066-10b24a2c","L1","L1-15","手机|习惯","最近这段时间，我「玩手机时间变长」常发生在「生病不太舒服」之后，这时我需要？","让我安静待一会","关心一句就好","帮我做点实际的事","听我说几分钟","space|checkin|practical|listen","normal"
"L1-L1-15-067-58fb5196","L1","L1-15","手机|习惯","在我们家沟通里，我「玩手机时间变长」常发生在「生病不太舒服」之后，这时我需要？","让我安静待一会","关心一句就好","帮我做点实际的事","听我说几分钟","space|checkin|practical|listen","normal"
"L1-L1-15-064-b5352a09","L1","L1-15","手机|习惯","我「玩手机时间变长」常发生在「生病不太舒服」之后，这时我需要？","让我安静待一会","关心一句就好","帮我做点实际的事","听我说几分钟","space|checkin|practical|listen","normal"
"L1-L1-15-065-d7d9e98b","L1","L1-15","手机|习惯","如果只能选一个更贴近的：我「玩手机时间变长」常发生在「生病不太舒服」之后，这时我需要？","让我安静待一会","关心一句就好","帮我做点实际的事","听我说几分钟","space|checkin|practical|listen","normal"
"L1-L1-15-068-0b1429fb","L1","L1-15","手机|习惯","我「玩手机时间变长」常发生在「看完一部很触动的片子」之后，这时我需要？","让我安静待一会","关心一句就好","帮我做点实际的事","听我说几分钟","space|checkin|practical|listen","normal"
"L1-L1-15-071-446d00df","L1","L1-15","手机|习惯","在我们家沟通里，我「玩手机时间变长」常发生在「看完一部很触动的片子」之后，这时我需要？","让我安静待一会","关心一句就好","帮我做点实际的事","听我说几分钟","space|checkin|practical|listen","normal"
"L1-L1-15-072-2561c32e","L1","L1-15","手机|习惯","我「玩手机时间变长」常发生在「刚拒绝一个社交邀请」之后，这时我需要？","让我安静待一会","关心一句就好","帮我做点实际的事","听我说几分钟","space|checkin|practical|listen","normal"
"L1-L1-15-069-8993b49c","L1","L1-15","手机|习惯","如果只能选一个更贴近的：我「玩手机时间变长」常发生在「看完一部很触动的片子」之后，这时我需要？","让我安静待一会","关心一句就好","帮我做点实际的事","听我说几分钟","space|checkin|practical|listen","normal"
"L1-L1-15-070-fe34890e","L1","L1-15","手机|习惯","最近这段时间，我「玩手机时间变长」常发生在「看完一部很触动的片子」之后，这时我需要？","让我安静待一会","关心一句就好","帮我做点实际的事","听我说几分钟","space|checkin|practical|listen","normal"
"L1-L1-15-063-f4be8e9b","L1","L1-15","手机|习惯","在我们家沟通里，我「玩手机时间变长」常发生在「和同事发生小摩擦后」之后，这时我需要？","让我安静待一会","关心一句就好","帮我做点实际的事","听我说几分钟","space|checkin|practical|listen","normal"
"L1-L1-15-056-6d1c7223","L1","L1-15","手机|习惯","我「玩手机时间变长」常发生在「突然很想家」之后，这时我需要？","让我安静待一会","关心一句就好","帮我做点实际的事","听我说几分钟","space|checkin|practical|listen","normal"
"L1-L1-15-057-c8637864","L1","L1-15","手机|习惯","如果只能选一个更贴近的：我「玩手机时间变长」常发生在「突然很想家」之后，这时我需要？","让我安静待一会","关心一句就好","帮我做点实际的事","听我说几分钟","space|checkin|practical|listen","normal"
"L1-L1-15-054-b5152a8c","L1","L1-15","手机|习惯","最近这段时间，我「玩手机时间变长」常发生在「早上起不来」之后，这时我需要？","让我安静待一会","关心一句就好","帮我做点实际的事","听我说几分钟","space|checkin|practical|listen","normal"
"L1-L1-15-055-3db5eddc","L1","L1-15","手机|习惯","在我们家沟通里，我「玩手机时间变长」常发生在「早上起不来」之后，这时我需要？","让我安静待一会","关心一句就好","帮我做点实际的事","听我说几分钟","space|checkin|practical|listen","normal"
"L1-L1-15-058-eccc3ef5","L1","L1-15","手机|习惯","最近这段时间，我「玩手机时间变长」常发生在「突然很想家」之后，这时我需要？","让我安静待一会","关心一句就好","帮我做点实际的事","听我说几分钟","space|checkin|practical|listen","normal"
"L1-L1-15-061-e79f58ee","L1","L1-15","手机|习惯","如果只能选一个更贴近的：我「玩手机时间变长」常发生在「和同事发生小摩擦后」之后，这时我需要？","让我安静待一会","关心一句就好","帮我做点实际的事","听我说几分钟","space|checkin|practical|listen","normal"
"L1-L1-15-062-48272b81","L1","L1-15","手机|习惯","最近这段时间，我「玩手机时间变长」常发生在「和同事发生小摩擦后」之后，这时我需要？","让我安静待一会","关心一句就好","帮我做点实际的事","听我说几分钟","space|checkin|practical|listen","normal"
"L1-L1-15-059-9cb4fe1d","L1","L1-15","手机|习惯","在我们家沟通里，我「玩手机时间变长」常发生在「突然很想家」之后，这时我需要？","让我安静待一会","关心一句就好","帮我做点实际的事","听我说几分钟","space|checkin|practical|listen","normal"
"L1-L1-15-060-55c20fef","L1","L1-15","手机|习惯","我「玩手机时间变长」常发生在「和同事发生小摩擦后」之后，这时我需要？","让我安静待一会","关心一句就好","帮我做点实际的事","听我说几分钟","space|checkin|practical|listen","normal"
"L1-L1-15-033-53075d10","L1","L1-15","手机|习惯","如果只能选一个更贴近的：我「玩手机时间变长」常发生在「网购到货很开心」之后，这时我需要？","让我安静待一会","关心一句就好","帮我做点实际的事","听我说几分钟","space|checkin|practical|listen","normal"
"L1-L1-15-006-9c6e773c","L1","L1-15","手机|习惯","最近这段时间，我「玩手机时间变长」常发生在「加班很晚回家」之后，这时我需要？","让我安静待一会","关心一句就好","帮我做点实际的事","听我说几分钟","space|checkin|practical|listen","normal"
"L1-L1-15-007-dcc3c00e","L1","L1-15","手机|习惯","在我们家沟通里，我「玩手机时间变长」常发生在「加班很晚回家」之后，这时我需要？","让我安静待一会","关心一句就好","帮我做点实际的事","听我说几分钟","space|checkin|practical|listen","normal"
"L1-L1-15-004-3f55a3c5","L1","L1-15","手机|习惯","我「玩手机时间变长」常发生在「加班很晚回家」之后，这时我需要？","让我安静待一会","关心一句就好","帮我做点实际的事","听我说几分钟","space|checkin|practical|listen","normal"
"L1-L1-15-005-83d748d6","L1","L1-15","手机|习惯","如果只能选一个更贴近的：我「玩手机时间变长」常发生在「加班很晚回家」之后，这时我需要？","让我安静待一会","关心一句就好","帮我做点实际的事","听我说几分钟","space|checkin|practical|listen","normal"
"L1-L1-15-008-7c7c862e","L1","L1-15","手机|习惯","我「玩手机时间变长」常发生在「周末被临时叫回家」之后，这时我需要？","让我安静待一会","关心一句就好","帮我做点实际的事","听我说几分钟","space|checkin|practical|listen","normal"
"L1-L1-15-011-888dda29","L1","L1-15","手机|习惯","在我们家沟通里，我「玩手机时间变长」常发生在「周末被临时叫回家」之后，这时我需要？","让我安静待一会","关心一句就好","帮我做点实际的事","听我说几分钟","space|checkin|practical|listen","normal"
"L1-L1-15-012-b8dbe1bb","L1","L1-15","手机|习惯","我「玩手机时间变长」常发生在「突然收到好消息」之后，这时我需要？","让我安静待一会","关心一句就好","帮我做点实际的事","听我说几分钟","space|checkin|practical|listen","normal"
"L1-L1-15-009-227aac3c","L1","L1-15","手机|习惯","如果只能选一个更贴近的：我「玩手机时间变长」常发生在「周末被临时叫回家」之后，这时我需要？","让我安静待一会","关心一句就好","帮我做点实际的事","听我说几分钟","space|checkin|practical|listen","normal"
"L1-L1-15-010-9c8acaf8","L1","L1-15","手机|习惯","最近这段时间，我「玩手机时间变长」常发生在「周末被临时叫回家」之后，这时我需要？","让我安静待一会","关心一句就好","帮我做点实际的事","听我说几分钟","space|checkin|practical|listen","normal"
"L1-L1-15-003-14559d4e","L1","L1-15","手机|习惯","在我们家沟通里，我「玩手机时间变长」常发生在「连续开会头脑发胀」之后，这时我需要？","让我安静待一会","关心一句就好","帮我做点实际的事","听我说几分钟","space|checkin|practical|listen","normal"
"L1-L1-14-020-23787730","L1","L1-14","运动|健康","谈到运动或作息「突然练得很猛」时，我希望你们？","别用结果评判我","陪我找可持续的方式","关心身体感受即可","让我自己安排节奏","nonjudge|sustain|body|autonomy","normal"
"L1-L1-14-021-91621190","L1","L1-14","运动|健康","如果只能选一个更贴近的：谈到运动或作息「突然练得很猛」时，我希望你们？","别用结果评判我","陪我找可持续的方式","关心身体感受即可","让我自己安排节奏","nonjudge|sustain|body|autonomy","normal"
"L1-L1-14-018-c6fa981b","L1","L1-14","运动|健康","最近这段时间，谈到运动或作息「只想散步放松」时，我希望你们？","别用结果评判我","陪我找可持续的方式","关心身体感受即可","让我自己安排节奏","nonjudge|sustain|body|autonomy","normal"
"L1-L1-14-019-82c72343","L1","L1-14","运动|健康","在我们家沟通里，谈到运动或作息「只想散步放松」时，我希望你们？","别用结果评判我","陪我找可持续的方式","关心身体感受即可","让我自己安排节奏","nonjudge|sustain|body|autonomy","normal"
"L1-L1-14-022-f8ec45ca","L1","L1-14","运动|健康","最近这段时间，谈到运动或作息「突然练得很猛」时，我希望你们？","别用结果评判我","陪我找可持续的方式","关心身体感受即可","让我自己安排节奏","nonjudge|sustain|body|autonomy","normal"
"L1-L1-15-001-6a0582cd","L1","L1-15","手机|习惯","如果只能选一个更贴近的：我「玩手机时间变长」常发生在「连续开会头脑发胀」之后，这时我需要？","让我安静待一会","关心一句就好","帮我做点实际的事","听我说几分钟","space|checkin|practical|listen","normal"
"L1-L1-15-002-b02f74bf","L1","L1-15","手机|习惯","最近这段时间，我「玩手机时间变长」常发生在「连续开会头脑发胀」之后，这时我需要？","让我安静待一会","关心一句就好","帮我做点实际的事","听我说几分钟","space|checkin|practical|listen","normal"
"L1-L1-14-023-3b7e0eb2","L1","L1-14","运动|健康","在我们家沟通里，谈到运动或作息「突然练得很猛」时，我希望你们？","别用结果评判我","陪我找可持续的方式","关心身体感受即可","让我自己安排节奏","nonjudge|sustain|body|autonomy","normal"
"L1-L1-15-000-c538d148","L1","L1-15","手机|习惯","我「玩手机时间变长」常发生在「连续开会头脑发胀」之后，这时我需要？","让我安静待一会","关心一句就好","帮我做点实际的事","听我说几分钟","space|checkin|practical|listen","normal"
"L1-L1-15-013-e877719c","L1","L1-15","手机|习惯","如果只能选一个更贴近的：我「玩手机时间变长」常发生在「突然收到好消息」之后，这时我需要？","让我安静待一会","关心一句就好","帮我做点实际的事","听我说几分钟","space|checkin|practical|listen","normal"
"L1-L1-15-026-ae0e03e4","L1","L1-15","手机|习惯","最近这段时间，我「玩手机时间变长」常发生在「和朋友出去玩」之后，这时我需要？","让我安静待一会","关心一句就好","帮我做点实际的事","听我说几分钟","space|checkin|practical|listen","normal"
"L1-L1-15-027-9da32100","L1","L1-15","手机|习惯","在我们家沟通里，我「玩手机时间变长」常发生在「和朋友出去玩」之后，这时我需要？","让我安静待一会","关心一句就好","帮我做点实际的事","听我说几分钟","space|checkin|practical|listen","normal"
"L1-L1-15-024-63554955","L1","L1-15","手机|习惯","我「玩手机时间变长」常发生在「和朋友出去玩」之后，这时我需要？","让我安静待一会","关心一句就好","帮我做点实际的事","听我说几分钟","space|checkin|practical|listen","normal"
"L1-L1-15-025-7676f474","L1","L1-15","手机|习惯","如果只能选一个更贴近的：我「玩手机时间变长」常发生在「和朋友出去玩」之后，这时我需要？","让我安静待一会","关心一句就好","帮我做点实际的事","听我说几分钟","space|checkin|practical|listen","normal"
"L1-L1-15-028-2b7f8619","L1","L1-15","手机|习惯","我「玩手机时间变长」常发生在「刚吵完架还在余怒」之后，这时我需要？","让我安静待一会","关心一句就好","帮我做点实际的事","听我说几分钟","space|checkin|practical|listen","normal"
"L1-L1-15-031-d1fdaef3","L1","L1-15","手机|习惯","在我们家沟通里，我「玩手机时间变长」常发生在「刚吵完架还在余怒」之后，这时我需要？","让我安静待一会","关心一句就好","帮我做点实际的事","听我说几分钟","space|checkin|practical|listen","normal"
"L1-L1-15-032-a8c7bd1f","L1","L1-15","手机|习惯","我「玩手机时间变长」常发生在「网购到货很开心」之后，这时我需要？","让我安静待一会","关心一句就好","帮我做点实际的事","听我说几分钟","space|checkin|practical|listen","normal"
"L1-L1-15-029-bd3f5c0c","L1","L1-15","手机|习惯","如果只能选一个更贴近的：我「玩手机时间变长」常发生在「刚吵完架还在余怒」之后，这时我需要？","让我安静待一会","关心一句就好","帮我做点实际的事","听我说几分钟","space|checkin|practical|listen","normal"
"L1-L1-15-030-d5591559","L1","L1-15","手机|习惯","最近这段时间，我「玩手机时间变长」常发生在「刚吵完架还在余怒」之后，这时我需要？","让我安静待一会","关心一句就好","帮我做点实际的事","听我说几分钟","space|checkin|practical|listen","normal"
"L1-L1-15-023-cd5ea33f","L1","L1-15","手机|习惯","在我们家沟通里，我「玩手机时间变长」常发生在「搬家或换环境」之后，这时我需要？","让我安静待一会","关心一句就好","帮我做点实际的事","听我说几分钟","space|checkin|practical|listen","normal"
"L1-L1-15-016-7c95fd43","L1","L1-15","手机|习惯","我「玩手机时间变长」常发生在「项目上线前夕」之后，这时我需要？","让我安静待一会","关心一句就好","帮我做点实际的事","听我说几分钟","space|checkin|practical|listen","normal"
"L1-L1-15-017-11655bb0","L1","L1-15","手机|习惯","如果只能选一个更贴近的：我「玩手机时间变长」常发生在「项目上线前夕」之后，这时我需要？","让我安静待一会","关心一句就好","帮我做点实际的事","听我说几分钟","space|checkin|practical|listen","normal"
"L1-L1-15-014-b970b3ee","L1","L1-15","手机|习惯","最近这段时间，我「玩手机时间变长」常发生在「突然收到好消息」之后，这时我需要？","让我安静待一会","关心一句就好","帮我做点实际的事","听我说几分钟","space|checkin|practical|listen","normal"
"L1-L1-15-015-d83711c9","L1","L1-15","手机|习惯","在我们家沟通里，我「玩手机时间变长」常发生在「突然收到好消息」之后，这时我需要？","让我安静待一会","关心一句就好","帮我做点实际的事","听我说几分钟","space|checkin|practical|listen","normal"
"L1-L1-15-018-584a7b64","L1","L1-15","手机|习惯","最近这段时间，我「玩手机时间变长」常发生在「项目上线前夕」之后，这时我需要？","让我安静待一会","关心一句就好","帮我做点实际的事","听我说几分钟","space|checkin|practical|listen","normal"
"L1-L1-15-021-305f209f","L1","L1-15","手机|习惯","如果只能选一个更贴近的：我「玩手机时间变长」常发生在「搬家或换环境」之后，这时我需要？","让我安静待一会","关心一句就好","帮我做点实际的事","听我说几分钟","space|checkin|practical|listen","normal"
"L1-L1-15-022-a87aa3b0","L1","L1-15","手机|习惯","最近这段时间，我「玩手机时间变长」常发生在「搬家或换环境」之后，这时我需要？","让我安静待一会","关心一句就好","帮我做点实际的事","听我说几分钟","space|checkin|practical|listen","normal"
"L1-L1-15-019-c411febf","L1","L1-15","手机|习惯","在我们家沟通里，我「玩手机时间变长」常发生在「项目上线前夕」之后，这时我需要？","让我安静待一会","关心一句就好","帮我做点实际的事","听我说几分钟","space|checkin|practical|listen","normal"
"L1-L1-15-020-53a1d3d9","L1","L1-15","手机|习惯","我「玩手机时间变长」常发生在「搬家或换环境」之后，这时我需要？","让我安静待一会","关心一句就好","帮我做点实际的事","听我说几分钟","space|checkin|practical|listen","normal"
"L1-L1-03-091-f1a9bfc9","L1","L1-03","习惯|误解","在我们家沟通里，我「穿得更随性」，通常不是因为「在赌气」，更可能是？","我在认真尝试喜欢的事","想保留一点自己的节奏","我在学着对自己负责","我需要一点点掌控感","reason_0|reason_1|reason_2|reason_3","normal"
"L1-L1-03-092-da49eae3","L1","L1-03","习惯|误解","我「养了兴趣班之外的爱好」，通常不是因为「故意让你们担心」，更可能是？","这对我的心理健康有帮助","我想先自己消化","这样我会更舒服自在","我想用自己的方式爱这个家","reason_0|reason_1|reason_2|reason_3","normal"
"L1-L1-03-089-3c5c0779","L1","L1-03","习惯|误解","如果只能选一个更贴近的：我「穿得更随性」，通常不是因为「在赌气」，更可能是？","我在认真尝试喜欢的事","想保留一点自己的节奏","我在学着对自己负责","我需要一点点掌控感","reason_0|reason_1|reason_2|reason_3","normal"
"L1-L1-03-090-63a74921","L1","L1-03","习惯|误解","最近这段时间，我「穿得更随性」，通常不是因为「在赌气」，更可能是？","我在认真尝试喜欢的事","想保留一点自己的节奏","我在学着对自己负责","我需要一点点掌控感","reason_0|reason_1|reason_2|reason_3","normal"
"L1-L1-03-093-9b0fe34f","L1","L1-03","习惯|误解","如果只能选一个更贴近的：我「养了兴趣班之外的爱好」，通常不是因为「故意让你们担心」，更可能是？","这对我的心理健康有帮助","我想先自己消化","这样我会更舒服自在","我想用自己的方式爱这个家","reason_0|reason_1|reason_2|reason_3","normal"
"L1-L1-03-096-56486029","L1","L1-03","习惯|误解","我「玩手机时间变长」，通常不是因为「故意让你们担心」，更可能是？","想保留一点自己的节奏","这样我会更舒服自在","我想用自己的方式爱这个家","我希望被当成成年人看待","reason_0|reason_1|reason_2|reason_3","normal"
"L1-L1-03-097-ef4d31bf","L1","L1-03","习惯|误解","如果只能选一个更贴近的：我「玩手机时间变长」，通常不是因为「故意让你们担心」，更可能是？","想保留一点自己的节奏","这样我会更舒服自在","我想用自己的方式爱这个家","我希望被当成成年人看待","reason_0|reason_1|reason_2|reason_3","normal"
"L1-L1-03-094-8c1a2c63","L1","L1-03","习惯|误解","最近这段时间，我「养了兴趣班之外的爱好」，通常不是因为「故意让你们担心」，更可能是？","这对我的心理健康有帮助","我想先自己消化","这样我会更舒服自在","我想用自己的方式爱这个家","reason_0|reason_1|reason_2|reason_3","normal"
"L1-L1-03-095-c773d9c9","L1","L1-03","习惯|误解","在我们家沟通里，我「养了兴趣班之外的爱好」，通常不是因为「故意让你们担心」，更可能是？","这对我的心理健康有帮助","我想先自己消化","这样我会更舒服自在","我想用自己的方式爱这个家","reason_0|reason_1|reason_2|reason_3","normal"
"L1-L1-03-088-2c4a483a","L1","L1-03","习惯|误解","我「穿得更随性」，通常不是因为「在赌气」，更可能是？","我在认真尝试喜欢的事","想保留一点自己的节奏","我在学着对自己负责","我需要一点点掌控感","reason_0|reason_1|reason_2|reason_3","normal"
"L1-L1-03-081-568bbfcd","L1","L1-03","习惯|误解","如果只能选一个更贴近的：我「染了或换了发型」，通常不是因为「在赌气」，更可能是？","我想被看见真实的自己","想保留一点自己的节奏","我想用自己的方式爱这个家","这样我会更舒服自在","reason_0|reason_1|reason_2|reason_3","normal"
"L1-L1-03-082-8a3978f5","L1","L1-03","习惯|误解","最近这段时间，我「染了或换了发型」，通常不是因为「在赌气」，更可能是？","我想被看见真实的自己","想保留一点自己的节奏","我想用自己的方式爱这个家","这样我会更舒服自在","reason_0|reason_1|reason_2|reason_3","normal"
"L1-L1-03-079-42c55dc6","L1","L1-03","习惯|误解","在我们家沟通里，我「染了或换了发型」，通常不是因为「故意让你们担心」，更可能是？","这对我的心理健康有帮助","我在认真尝试喜欢的事","我在学着对自己负责","这是我表达自己的方式","reason_0|reason_1|reason_2|reason_3","normal"
"L1-L1-03-080-79f095ef","L1","L1-03","习惯|误解","我「染了或换了发型」，通常不是因为「在赌气」，更可能是？","我想被看见真实的自己","想保留一点自己的节奏","我想用自己的方式爱这个家","这样我会更舒服自在","reason_0|reason_1|reason_2|reason_3","normal"
"L1-L1-03-083-0907c0f3","L1","L1-03","习惯|误解","在我们家沟通里，我「染了或换了发型」，通常不是因为「在赌气」，更可能是？","我想被看见真实的自己","想保留一点自己的节奏","我想用自己的方式爱这个家","这样我会更舒服自在","reason_0|reason_1|reason_2|reason_3","normal"
"L1-L1-03-086-b31eebdf","L1","L1-03","习惯|误解","最近这段时间，我「晚睡」，通常不是因为「在赌气」，更可能是？","我在学着对自己负责","这样我会更舒服自在","这是我表达自己的方式","我想用自己的方式爱这个家","reason_0|reason_1|reason_2|reason_3","normal"
"L1-L1-03-087-7b508739","L1","L1-03","习惯|误解","在我们家沟通里，我「晚睡」，通常不是因为「在赌气」，更可能是？","我在学着对自己负责","这样我会更舒服自在","这是我表达自己的方式","我想用自己的方式爱这个家","reason_0|reason_1|reason_2|reason_3","normal"
"L1-L1-03-084-58244ede","L1","L1-03","习惯|误解","我「晚睡」，通常不是因为「在赌气」，更可能是？","我在学着对自己负责","这样我会更舒服自在","这是我表达自己的方式","我想用自己的方式爱这个家","reason_0|reason_1|reason_2|reason_3","normal"
"L1-L1-03-085-ec16660c","L1","L1-03","习惯|误解","如果只能选一个更贴近的：我「晚睡」，通常不是因为「在赌气」，更可能是？","我在学着对自己负责","这样我会更舒服自在","这是我表达自己的方式","我想用自己的方式爱这个家","reason_0|reason_1|reason_2|reason_3","normal"
"L1-L1-03-098-2f7eeb4b","L1","L1-03","习惯|误解","最近这段时间，我「玩手机时间变长」，通常不是因为「故意让你们担心」，更可能是？","想保留一点自己的节奏","这样我会更舒服自在","我想用自己的方式爱这个家","我希望被当成成年人看待","reason_0|reason_1|reason_2|reason_3","normal"
"L1-L1-03-111-e9b7cc69","L1","L1-03","习惯|误解","在我们家沟通里，我「花小钱买喜欢的东西」，通常不是因为「不懂事或太自我」，更可能是？","这样我会更舒服自在","我想被看见真实的自己","我想用自己的方式爱这个家","这是我表达自己的方式","reason_0|reason_1|reason_2|reason_3","normal"
"L1-L1-03-112-a066ca5a","L1","L1-03","习惯|误解","我「周末不回家」，通常不是因为「不把家里放在心上」，更可能是？","我想被看见真实的自己","这对我的心理健康有帮助","我希望被当成成年人看待","这是我表达自己的方式","reason_0|reason_1|reason_2|reason_3","normal"
"L1-L1-03-109-a2dd72fc","L1","L1-03","习惯|误解","如果只能选一个更贴近的：我「花小钱买喜欢的东西」，通常不是因为「不懂事或太自我」，更可能是？","这样我会更舒服自在","我想被看见真实的自己","我想用自己的方式爱这个家","这是我表达自己的方式","reason_0|reason_1|reason_2|reason_3","normal"
"L1-L1-03-110-f371bf97","L1","L1-03","习惯|误解","最近这段时间，我「花小钱买喜欢的东西」，通常不是因为「不懂事或太自我」，更可能是？","这样我会更舒服自在","我想被看见真实的自己","我想用自己的方式爱这个家","这是我表达自己的方式","reason_0|reason_1|reason_2|reason_3","normal"
"L1-L1-03-113-6bdfb886","L1","L1-03","习惯|误解","如果只能选一个更贴近的：我「周末不回家」，通常不是因为「不把家里放在心上」，更可能是？","我想被看见真实的自己","这对我的心理健康有帮助","我希望被当成成年人看待","这是我表达自己的方式","reason_0|reason_1|reason_2|reason_3","normal"
"L1-L1-03-116-fa86e859","L1","L1-03","习惯|误解","我「晚睡」，通常不是因为「做事没长远考虑」，更可能是？","想保留一点自己的节奏","这对我的心理健康有帮助","我需要一点点掌控感","这样我会更舒服自在","reason_0|reason_1|reason_2|reason_3","normal"
"L1-L1-03-117-6494f000","L1","L1-03","习惯|误解","如果只能选一个更贴近的：我「晚睡」，通常不是因为「做事没长远考虑」，更可能是？","想保留一点自己的节奏","这对我的心理健康有帮助","我需要一点点掌控感","这样我会更舒服自在","reason_0|reason_1|reason_2|reason_3","normal"
"L1-L1-03-114-ee888f41","L1","L1-03","习惯|误解","最近这段时间，我「周末不回家」，通常不是因为「不把家里放在心上」，更可能是？","我想被看见真实的自己","这对我的心理健康有帮助","我希望被当成成年人看待","这是我表达自己的方式","reason_0|reason_1|reason_2|reason_3","normal"
"L1-L1-03-115-a439b969","L1","L1-03","习惯|误解","在我们家沟通里，我「周末不回家」，通常不是因为「不把家里放在心上」，更可能是？","我想被看见真实的自己","这对我的心理健康有帮助","我希望被当成成年人看待","这是我表达自己的方式","reason_0|reason_1|reason_2|reason_3","normal"
"L1-L1-03-108-ac3bb701","L1","L1-03","习惯|误解","我「花小钱买喜欢的东西」，通常不是因为「不懂事或太自我」，更可能是？","这样我会更舒服自在","我想被看见真实的自己","我想用自己的方式爱这个家","这是我表达自己的方式","reason_0|reason_1|reason_2|reason_3","normal"
"L1-L1-03-101-1e53dbda","L1","L1-03","习惯|误解","如果只能选一个更贴近的：我「很少发家庭群消息」，通常不是因为「想摆脱这个家」，更可能是？","我需要一点点掌控感","这对我的心理健康有帮助","这能让我从压力里喘口气","我在学着对自己负责","reason_0|reason_1|reason_2|reason_3","normal"
"L1-L1-03-102-4fa72c34","L1","L1-03","习惯|误解","最近这段时间，我「很少发家庭群消息」，通常不是因为「想摆脱这个家」，更可能是？","我需要一点点掌控感","这对我的心理健康有帮助","这能让我从压力里喘口气","我在学着对自己负责","reason_0|reason_1|reason_2|reason_3","normal"
"L1-L1-03-099-bb63a72a","L1","L1-03","习惯|误解","在我们家沟通里，我「玩手机时间变长」，通常不是因为「故意让你们担心」，更可能是？","想保留一点自己的节奏","这样我会更舒服自在","我想用自己的方式爱这个家","我希望被当成成年人看待","reason_0|reason_1|reason_2|reason_3","normal"
"L1-L1-03-100-67f82f60","L1","L1-03","习惯|误解","我「很少发家庭群消息」，通常不是因为「想摆脱这个家」，更可能是？","我需要一点点掌控感","这对我的心理健康有帮助","这能让我从压力里喘口气","我在学着对自己负责","reason_0|reason_1|reason_2|reason_3","normal"
"L1-L1-03-103-0f2e87fa","L1","L1-03","习惯|误解","在我们家沟通里，我「很少发家庭群消息」，通常不是因为「想摆脱这个家」，更可能是？","我需要一点点掌控感","这对我的心理健康有帮助","这能让我从压力里喘口气","我在学着对自己负责","reason_0|reason_1|reason_2|reason_3","normal"
"L1-L1-03-106-16878ad0","L1","L1-03","习惯|误解","最近这段时间，我「穿得更随性」，通常不是因为「被外界带坏了」，更可能是？","我想先自己消化","我想用自己的方式爱这个家","这对我的心理健康有帮助","我在学着对自己负责","reason_0|reason_1|reason_2|reason_3","normal"
"L1-L1-03-107-f3a423d5","L1","L1-03","习惯|误解","在我们家沟通里，我「穿得更随性」，通常不是因为「被外界带坏了」，更可能是？","我想先自己消化","我想用自己的方式爱这个家","这对我的心理健康有帮助","我在学着对自己负责","reason_0|reason_1|reason_2|reason_3","normal"
"L1-L1-03-104-49d01f82","L1","L1-03","习惯|误解","我「穿得更随性」，通常不是因为「被外界带坏了」，更可能是？","我想先自己消化","我想用自己的方式爱这个家","这对我的心理健康有帮助","我在学着对自己负责","reason_0|reason_1|reason_2|reason_3","normal"
"L1-L1-03-105-8599a45a","L1","L1-03","习惯|误解","如果只能选一个更贴近的：我「穿得更随性」，通常不是因为「被外界带坏了」，更可能是？","我想先自己消化","我想用自己的方式爱这个家","这对我的心理健康有帮助","我在学着对自己负责","reason_0|reason_1|reason_2|reason_3","normal"
"L1-L1-03-078-8d5a5b20","L1","L1-03","习惯|误解","最近这段时间，我「染了或换了发型」，通常不是因为「故意让你们担心」，更可能是？","这对我的心理健康有帮助","我在认真尝试喜欢的事","我在学着对自己负责","这是我表达自己的方式","reason_0|reason_1|reason_2|reason_3","normal"
"L1-L1-03-051-99a7fe3c","L1","L1-03","习惯|误解","在我们家沟通里，我「很少发家庭群消息」，通常不是因为「不接受你们的好意」，更可能是？","我希望被当成成年人看待","我想被看见真实的自己","我需要一点点掌控感","这样我会更舒服自在","reason_0|reason_1|reason_2|reason_3","normal"
"L1-L1-03-052-0e51c286","L1","L1-03","习惯|误解","我「玩手机时间变长」，通常不是因为「在赌气」，更可能是？","我想用自己的方式爱这个家","我想先自己消化","我在学着对自己负责","我希望被当成成年人看待","reason_0|reason_1|reason_2|reason_3","normal"
"L1-L1-03-049-9bb77e38","L1","L1-03","习惯|误解","如果只能选一个更贴近的：我「很少发家庭群消息」，通常不是因为「不接受你们的好意」，更可能是？","我希望被当成成年人看待","我想被看见真实的自己","我需要一点点掌控感","这样我会更舒服自在","reason_0|reason_1|reason_2|reason_3","normal"
"L1-L1-03-050-b679f07d","L1","L1-03","习惯|误解","最近这段时间，我「很少发家庭群消息」，通常不是因为「不接受你们的好意」，更可能是？","我希望被当成成年人看待","我想被看见真实的自己","我需要一点点掌控感","这样我会更舒服自在","reason_0|reason_1|reason_2|reason_3","normal"
"L1-L1-03-053-4c4af8a8","L1","L1-03","习惯|误解","如果只能选一个更贴近的：我「玩手机时间变长」，通常不是因为「在赌气」，更可能是？","我想用自己的方式爱这个家","我想先自己消化","我在学着对自己负责","我希望被当成成年人看待","reason_0|reason_1|reason_2|reason_3","normal"
"L1-L1-03-056-35fc336f","L1","L1-03","习惯|误解","我「点外卖」，通常不是因为「不把家里放在心上」，更可能是？","这对我的心理健康有帮助","这是我表达自己的方式","我在认真尝试喜欢的事","想保留一点自己的节奏","reason_0|reason_1|reason_2|reason_3","normal"
"L1-L1-03-057-aeb334e8","L1","L1-03","习惯|误解","如果只能选一个更贴近的：我「点外卖」，通常不是因为「不把家里放在心上」，更可能是？","这对我的心理健康有帮助","这是我表达自己的方式","我在认真尝试喜欢的事","想保留一点自己的节奏","reason_0|reason_1|reason_2|reason_3","normal"
"L1-L1-03-054-2c2cf768","L1","L1-03","习惯|误解","最近这段时间，我「玩手机时间变长」，通常不是因为「在赌气」，更可能是？","我想用自己的方式爱这个家","我想先自己消化","我在学着对自己负责","我希望被当成成年人看待","reason_0|reason_1|reason_2|reason_3","normal"
"L1-L1-03-055-08b482f0","L1","L1-03","习惯|误解","在我们家沟通里，我「玩手机时间变长」，通常不是因为「在赌气」，更可能是？","我想用自己的方式爱这个家","我想先自己消化","我在学着对自己负责","我希望被当成成年人看待","reason_0|reason_1|reason_2|reason_3","normal"
"L1-L1-03-048-a5312689","L1","L1-03","习惯|误解","我「很少发家庭群消息」，通常不是因为「不接受你们的好意」，更可能是？","我希望被当成成年人看待","我想被看见真实的自己","我需要一点点掌控感","这样我会更舒服自在","reason_0|reason_1|reason_2|reason_3","normal"
"L1-L1-03-041-1f5a0b38","L1","L1-03","习惯|误解","如果只能选一个更贴近的：我「购物偏线上」，通常不是因为「想摆脱这个家」，更可能是？","我希望被当成成年人看待","我在学着对自己负责","这能让我从压力里喘口气","我想先自己消化","reason_0|reason_1|reason_2|reason_3","normal"
"L1-L1-03-042-dde0c9ba","L1","L1-03","习惯|误解","最近这段时间，我「购物偏线上」，通常不是因为「想摆脱这个家」，更可能是？","我希望被当成成年人看待","我在学着对自己负责","这能让我从压力里喘口气","我想先自己消化","reason_0|reason_1|reason_2|reason_3","normal"
"L1-L1-03-039-a604d871","L1","L1-03","习惯|误解","在我们家沟通里，我「运动变少」，通常不是因为「叛逆或不听话」，更可能是？","我希望被当成成年人看待","我想先自己消化","我想被看见真实的自己","想保留一点自己的节奏","reason_0|reason_1|reason_2|reason_3","normal"
"L1-L1-03-040-183be74c","L1","L1-03","习惯|误解","我「购物偏线上」，通常不是因为「想摆脱这个家」，更可能是？","我希望被当成成年人看待","我在学着对自己负责","这能让我从压力里喘口气","我想先自己消化","reason_0|reason_1|reason_2|reason_3","normal"
"L1-L1-03-043-1fe639f8","L1","L1-03","习惯|误解","在我们家沟通里，我「购物偏线上」，通常不是因为「想摆脱这个家」，更可能是？","我希望被当成成年人看待","我在学着对自己负责","这能让我从压力里喘口气","我想先自己消化","reason_0|reason_1|reason_2|reason_3","normal"
"L1-L1-03-046-77f41746","L1","L1-03","习惯|误解","最近这段时间，我「养了兴趣班之外的爱好」，通常不是因为「浪费时间和钱」，更可能是？","这样我会更舒服自在","我想被看见真实的自己","我在认真尝试喜欢的事","这能让我从压力里喘口气","reason_0|reason_1|reason_2|reason_3","normal"
"L1-L1-03-047-8eb16c30","L1","L1-03","习惯|误解","在我们家沟通里，我「养了兴趣班之外的爱好」，通常不是因为「浪费时间和钱」，更可能是？","这样我会更舒服自在","我想被看见真实的自己","我在认真尝试喜欢的事","这能让我从压力里喘口气","reason_0|reason_1|reason_2|reason_3","normal"
"L1-L1-03-044-ef1560d7","L1","L1-03","习惯|误解","我「养了兴趣班之外的爱好」，通常不是因为「浪费时间和钱」，更可能是？","这样我会更舒服自在","我想被看见真实的自己","我在认真尝试喜欢的事","这能让我从压力里喘口气","reason_0|reason_1|reason_2|reason_3","normal"
"L1-L1-03-045-330f026f","L1","L1-03","习惯|误解","如果只能选一个更贴近的：我「养了兴趣班之外的爱好」，通常不是因为「浪费时间和钱」，更可能是？","这样我会更舒服自在","我想被看见真实的自己","我在认真尝试喜欢的事","这能让我从压力里喘口气","reason_0|reason_1|reason_2|reason_3","normal"
"L1-L1-03-058-c344d510","L1","L1-03","习惯|误解","最近这段时间，我「点外卖」，通常不是因为「不把家里放在心上」，更可能是？","这对我的心理健康有帮助","这是我表达自己的方式","我在认真尝试喜欢的事","想保留一点自己的节奏","reason_0|reason_1|reason_2|reason_3","normal"
"L1-L1-03-071-0d29c275","L1","L1-03","习惯|误解","在我们家沟通里，我「运动变少」，通常不是因为「不接受你们的好意」，更可能是？","我希望被当成成年人看待","我在学着对自己负责","我需要一点点掌控感","我想先自己消化","reason_0|reason_1|reason_2|reason_3","normal"
"L1-L1-03-072-84cd5ad1","L1","L1-03","习惯|误解","我「运动变少」，通常不是因为「故意唱反调」，更可能是？","我想用自己的方式爱这个家","我在认真尝试喜欢的事","这是我表达自己的方式","我需要一点点掌控感","reason_0|reason_1|reason_2|reason_3","normal"
"L1-L1-03-069-066954cc","L1","L1-03","习惯|误解","如果只能选一个更贴近的：我「运动变少」，通常不是因为「不接受你们的好意」，更可能是？","我希望被当成成年人看待","我在学着对自己负责","我需要一点点掌控感","我想先自己消化","reason_0|reason_1|reason_2|reason_3","normal"
"L1-L1-03-070-1a734a78","L1","L1-03","习惯|误解","最近这段时间，我「运动变少」，通常不是因为「不接受你们的好意」，更可能是？","我希望被当成成年人看待","我在学着对自己负责","我需要一点点掌控感","我想先自己消化","reason_0|reason_1|reason_2|reason_3","normal"
"L1-L1-03-073-0fc63793","L1","L1-03","习惯|误解","如果只能选一个更贴近的：我「运动变少」，通常不是因为「故意唱反调」，更可能是？","我想用自己的方式爱这个家","我在认真尝试喜欢的事","这是我表达自己的方式","我需要一点点掌控感","reason_0|reason_1|reason_2|reason_3","normal"
"L1-L1-03-076-687403ac","L1","L1-03","习惯|误解","我「染了或换了发型」，通常不是因为「故意让你们担心」，更可能是？","这对我的心理健康有帮助","我在认真尝试喜欢的事","我在学着对自己负责","这是我表达自己的方式","reason_0|reason_1|reason_2|reason_3","normal"
"L1-L1-03-077-b718c816","L1","L1-03","习惯|误解","如果只能选一个更贴近的：我「染了或换了发型」，通常不是因为「故意让你们担心」，更可能是？","这对我的心理健康有帮助","我在认真尝试喜欢的事","我在学着对自己负责","这是我表达自己的方式","reason_0|reason_1|reason_2|reason_3","normal"
"L1-L1-03-074-41e58cd3","L1","L1-03","习惯|误解","最近这段时间，我「运动变少」，通常不是因为「故意唱反调」，更可能是？","我想用自己的方式爱这个家","我在认真尝试喜欢的事","这是我表达自己的方式","我需要一点点掌控感","reason_0|reason_1|reason_2|reason_3","normal"
"L1-L1-03-075-3f41b0f2","L1","L1-03","习惯|误解","在我们家沟通里，我「运动变少」，通常不是因为「故意唱反调」，更可能是？","我想用自己的方式爱这个家","我在认真尝试喜欢的事","这是我表达自己的方式","我需要一点点掌控感","reason_0|reason_1|reason_2|reason_3","normal"
"L1-L1-03-068-f5190982","L1","L1-03","习惯|误解","我「运动变少」，通常不是因为「不接受你们的好意」，更可能是？","我希望被当成成年人看待","我在学着对自己负责","我需要一点点掌控感","我想先自己消化","reason_0|reason_1|reason_2|reason_3","normal"
"L1-L1-03-061-c7d663ff","L1","L1-03","习惯|误解","如果只能选一个更贴近的：我「购物偏线上」，通常不是因为「故意让你们担心」，更可能是？","我在认真尝试喜欢的事","想保留一点自己的节奏","我希望被当成成年人看待","我想先自己消化","reason_0|reason_1|reason_2|reason_3","normal"
"L1-L1-03-062-11c2dc67","L1","L1-03","习惯|误解","最近这段时间，我「购物偏线上」，通常不是因为「故意让你们担心」，更可能是？","我在认真尝试喜欢的事","想保留一点自己的节奏","我希望被当成成年人看待","我想先自己消化","reason_0|reason_1|reason_2|reason_3","normal"
"L1-L1-03-059-37adb132","L1","L1-03","习惯|误解","在我们家沟通里，我「点外卖」，通常不是因为「不把家里放在心上」，更可能是？","这对我的心理健康有帮助","这是我表达自己的方式","我在认真尝试喜欢的事","想保留一点自己的节奏","reason_0|reason_1|reason_2|reason_3","normal"
"L1-L1-03-060-cea15ea1","L1","L1-03","习惯|误解","我「购物偏线上」，通常不是因为「故意让你们担心」，更可能是？","我在认真尝试喜欢的事","想保留一点自己的节奏","我希望被当成成年人看待","我想先自己消化","reason_0|reason_1|reason_2|reason_3","normal"
"L1-L1-03-063-2709c847","L1","L1-03","习惯|误解","在我们家沟通里，我「购物偏线上」，通常不是因为「故意让你们担心」，更可能是？","我在认真尝试喜欢的事","想保留一点自己的节奏","我希望被当成成年人看待","我想先自己消化","reason_0|reason_1|reason_2|reason_3","normal"
"L1-L1-03-066-561c4f4a","L1","L1-03","习惯|误解","最近这段时间，我「晚睡」，通常不是因为「不懂事或太自我」，更可能是？","我想用自己的方式爱这个家","这对我的心理健康有帮助","这是我表达自己的方式","这能让我从压力里喘口气","reason_0|reason_1|reason_2|reason_3","normal"
"L1-L1-03-067-bff02087","L1","L1-03","习惯|误解","在我们家沟通里，我「晚睡」，通常不是因为「不懂事或太自我」，更可能是？","我想用自己的方式爱这个家","这对我的心理健康有帮助","这是我表达自己的方式","这能让我从压力里喘口气","reason_0|reason_1|reason_2|reason_3","normal"
"L1-L1-03-064-c8c567ae","L1","L1-03","习惯|误解","我「晚睡」，通常不是因为「不懂事或太自我」，更可能是？","我想用自己的方式爱这个家","这对我的心理健康有帮助","这是我表达自己的方式","这能让我从压力里喘口气","reason_0|reason_1|reason_2|reason_3","normal"
"L1-L1-03-065-5cd0388c","L1","L1-03","习惯|误解","如果只能选一个更贴近的：我「晚睡」，通常不是因为「不懂事或太自我」，更可能是？","我想用自己的方式爱这个家","这对我的心理健康有帮助","这是我表达自己的方式","这能让我从压力里喘口气","reason_0|reason_1|reason_2|reason_3","normal"
"L1-L1-03-170-3d66413b","L1","L1-03","习惯|误解","最近这段时间，我「养了兴趣班之外的爱好」，通常不是因为「不把家里放在心上」，更可能是？","这能让我从压力里喘口气","我需要一点点掌控感","这样我会更舒服自在","想保留一点自己的节奏","reason_0|reason_1|reason_2|reason_3","normal"
"L1-L1-03-171-bc76af09","L1","L1-03","习惯|误解","在我们家沟通里，我「养了兴趣班之外的爱好」，通常不是因为「不把家里放在心上」，更可能是？","这能让我从压力里喘口气","我需要一点点掌控感","这样我会更舒服自在","想保留一点自己的节奏","reason_0|reason_1|reason_2|reason_3","normal"
"L1-L1-03-168-d68ff99c","L1","L1-03","习惯|误解","我「养了兴趣班之外的爱好」，通常不是因为「不把家里放在心上」，更可能是？","这能让我从压力里喘口气","我需要一点点掌控感","这样我会更舒服自在","想保留一点自己的节奏","reason_0|reason_1|reason_2|reason_3","normal"
"L1-L1-03-169-483af4cc","L1","L1-03","习惯|误解","如果只能选一个更贴近的：我「养了兴趣班之外的爱好」，通常不是因为「不把家里放在心上」，更可能是？","这能让我从压力里喘口气","我需要一点点掌控感","这样我会更舒服自在","想保留一点自己的节奏","reason_0|reason_1|reason_2|reason_3","normal"
"L1-L1-03-172-4ebef13c","L1","L1-03","习惯|误解","我「运动变少」，通常不是因为「被外界带坏了」，更可能是？","这对我的心理健康有帮助","我希望被当成成年人看待","我想被看见真实的自己","想保留一点自己的节奏","reason_0|reason_1|reason_2|reason_3","normal"
"L1-L1-03-175-a007f082","L1","L1-03","习惯|误解","在我们家沟通里，我「运动变少」，通常不是因为「被外界带坏了」，更可能是？","这对我的心理健康有帮助","我希望被当成成年人看待","我想被看见真实的自己","想保留一点自己的节奏","reason_0|reason_1|reason_2|reason_3","normal"
"L1-L1-03-176-3d22381d","L1","L1-03","习惯|误解","我「周末睡到中午」，通常不是因为「浪费时间和钱」，更可能是？","这对我的心理健康有帮助","想保留一点自己的节奏","这样我会更舒服自在","这是我表达自己的方式","reason_0|reason_1|reason_2|reason_3","normal"
"L1-L1-03-173-39687140","L1","L1-03","习惯|误解","如果只能选一个更贴近的：我「运动变少」，通常不是因为「被外界带坏了」，更可能是？","这对我的心理健康有帮助","我希望被当成成年人看待","我想被看见真实的自己","想保留一点自己的节奏","reason_0|reason_1|reason_2|reason_3","normal"
"L1-L1-03-174-5e66d402","L1","L1-03","习惯|误解","最近这段时间，我「运动变少」，通常不是因为「被外界带坏了」，更可能是？","这对我的心理健康有帮助","我希望被当成成年人看待","我想被看见真实的自己","想保留一点自己的节奏","reason_0|reason_1|reason_2|reason_3","normal"
"L1-L1-03-167-71d07e1d","L1","L1-03","习惯|误解","在我们家沟通里，我「玩手机时间变长」，通常不是因为「不把家里放在心上」，更可能是？","这是我表达自己的方式","我想被看见真实的自己","想保留一点自己的节奏","我在认真尝试喜欢的事","reason_0|reason_1|reason_2|reason_3","normal"
"L1-L1-03-160-3b86ff76","L1","L1-03","习惯|误解","我「不吃早饭」，通常不是因为「故意唱反调」，更可能是？","我想先自己消化","这样我会更舒服自在","我想用自己的方式爱这个家","想保留一点自己的节奏","reason_0|reason_1|reason_2|reason_3","normal"
"L1-L1-03-161-e4cd54dd","L1","L1-03","习惯|误解","如果只能选一个更贴近的：我「不吃早饭」，通常不是因为「故意唱反调」，更可能是？","我想先自己消化","这样我会更舒服自在","我想用自己的方式爱这个家","想保留一点自己的节奏","reason_0|reason_1|reason_2|reason_3","normal"
"L1-L1-03-158-17827fc4","L1","L1-03","习惯|误解","最近这段时间，我「晚睡」，通常不是因为「只顾自己玩」，更可能是？","我想被看见真实的自己","我在学着对自己负责","我在认真尝试喜欢的事","这样我会更舒服自在","reason_0|reason_1|reason_2|reason_3","normal"
"L1-L1-03-159-57014b95","L1","L1-03","习惯|误解","在我们家沟通里，我「晚睡」，通常不是因为「只顾自己玩」，更可能是？","我想被看见真实的自己","我在学着对自己负责","我在认真尝试喜欢的事","这样我会更舒服自在","reason_0|reason_1|reason_2|reason_3","normal"
"L1-L1-03-162-78eba346","L1","L1-03","习惯|误解","最近这段时间，我「不吃早饭」，通常不是因为「故意唱反调」，更可能是？","我想先自己消化","这样我会更舒服自在","我想用自己的方式爱这个家","想保留一点自己的节奏","reason_0|reason_1|reason_2|reason_3","normal"
"L1-L1-03-165-478570b3","L1","L1-03","习惯|误解","如果只能选一个更贴近的：我「玩手机时间变长」，通常不是因为「不把家里放在心上」，更可能是？","这是我表达自己的方式","我想被看见真实的自己","想保留一点自己的节奏","我在认真尝试喜欢的事","reason_0|reason_1|reason_2|reason_3","normal"
"L1-L1-03-166-f67796ce","L1","L1-03","习惯|误解","最近这段时间，我「玩手机时间变长」，通常不是因为「不把家里放在心上」，更可能是？","这是我表达自己的方式","我想被看见真实的自己","想保留一点自己的节奏","我在认真尝试喜欢的事","reason_0|reason_1|reason_2|reason_3","normal"
"L1-L1-03-163-522cbf4a","L1","L1-03","习惯|误解","在我们家沟通里，我「不吃早饭」，通常不是因为「故意唱反调」，更可能是？","我想先自己消化","这样我会更舒服自在","我想用自己的方式爱这个家","想保留一点自己的节奏","reason_0|reason_1|reason_2|reason_3","normal"
"L1-L1-03-164-263a2772","L1","L1-03","习惯|误解","我「玩手机时间变长」，通常不是因为「不把家里放在心上」，更可能是？","这是我表达自己的方式","我想被看见真实的自己","想保留一点自己的节奏","我在认真尝试喜欢的事","reason_0|reason_1|reason_2|reason_3","normal"
"L1-L1-03-177-e8f62f04","L1","L1-03","习惯|误解","如果只能选一个更贴近的：我「周末睡到中午」，通常不是因为「浪费时间和钱」，更可能是？","这对我的心理健康有帮助","想保留一点自己的节奏","这样我会更舒服自在","这是我表达自己的方式","reason_0|reason_1|reason_2|reason_3","normal"
"L1-L1-03-190-20fa41ec","L1","L1-03","习惯|误解","最近这段时间，我「玩手机时间变长」，通常不是因为「不懂事或太自我」，更可能是？","这对我的心理健康有帮助","我在学着对自己负责","我想先自己消化","这能让我从压力里喘口气","reason_0|reason_1|reason_2|reason_3","normal"
"L1-L1-03-191-a2c1cc52","L1","L1-03","习惯|误解","在我们家沟通里，我「玩手机时间变长」，通常不是因为「不懂事或太自我」，更可能是？","这对我的心理健康有帮助","我在学着对自己负责","我想先自己消化","这能让我从压力里喘口气","reason_0|reason_1|reason_2|reason_3","normal"
"L1-L1-03-188-34f7a1b1","L1","L1-03","习惯|误解","我「玩手机时间变长」，通常不是因为「不懂事或太自我」，更可能是？","这对我的心理健康有帮助","我在学着对自己负责","我想先自己消化","这能让我从压力里喘口气","reason_0|reason_1|reason_2|reason_3","normal"
"L1-L1-03-189-f47c252a","L1","L1-03","习惯|误解","如果只能选一个更贴近的：我「玩手机时间变长」，通常不是因为「不懂事或太自我」，更可能是？","这对我的心理健康有帮助","我在学着对自己负责","我想先自己消化","这能让我从压力里喘口气","reason_0|reason_1|reason_2|reason_3","normal"
"L1-L1-03-192-bc8768c5","L1","L1-03","习惯|误解","我「周末睡到中午」，通常不是因为「不接受你们的好意」，更可能是？","这是我表达自己的方式","我在认真尝试喜欢的事","我想被看见真实的自己","这样我会更舒服自在","reason_0|reason_1|reason_2|reason_3","normal"
"L1-L1-03-195-896de3f0","L1","L1-03","习惯|误解","在我们家沟通里，我「周末睡到中午」，通常不是因为「不接受你们的好意」，更可能是？","这是我表达自己的方式","我在认真尝试喜欢的事","我想被看见真实的自己","这样我会更舒服自在","reason_0|reason_1|reason_2|reason_3","normal"
"L1-L1-03-196-94d50704","L1","L1-03","习惯|误解","我「玩手机时间变长」，通常不是因为「不接受你们的好意」，更可能是？","这是我表达自己的方式","这对我的心理健康有帮助","想保留一点自己的节奏","这能让我从压力里喘口气","reason_0|reason_1|reason_2|reason_3","normal"
"L1-L1-03-193-af38c99e","L1","L1-03","习惯|误解","如果只能选一个更贴近的：我「周末睡到中午」，通常不是因为「不接受你们的好意」，更可能是？","这是我表达自己的方式","我在认真尝试喜欢的事","我想被看见真实的自己","这样我会更舒服自在","reason_0|reason_1|reason_2|reason_3","normal"
"L1-L1-03-194-7fb01a5a","L1","L1-03","习惯|误解","最近这段时间，我「周末睡到中午」，通常不是因为「不接受你们的好意」，更可能是？","这是我表达自己的方式","我在认真尝试喜欢的事","我想被看见真实的自己","这样我会更舒服自在","reason_0|reason_1|reason_2|reason_3","normal"
"L1-L1-03-187-46077501","L1","L1-03","习惯|误解","在我们家沟通里，我「运动变少」，通常不是因为「不懂事或太自我」，更可能是？","这是我表达自己的方式","我在学着对自己负责","我在认真尝试喜欢的事","这对我的心理健康有帮助","reason_0|reason_1|reason_2|reason_3","normal"
"L1-L1-03-180-a9bd7501","L1","L1-03","习惯|误解","我「点外卖」，通常不是因为「做事没长远考虑」，更可能是？","我希望被当成成年人看待","我在学着对自己负责","这对我的心理健康有帮助","我想用自己的方式爱这个家","reason_0|reason_1|reason_2|reason_3","normal"
"L1-L1-03-181-01a40f83","L1","L1-03","习惯|误解","如果只能选一个更贴近的：我「点外卖」，通常不是因为「做事没长远考虑」，更可能是？","我希望被当成成年人看待","我在学着对自己负责","这对我的心理健康有帮助","我想用自己的方式爱这个家","reason_0|reason_1|reason_2|reason_3","normal"
"L1-L1-03-178-9561bdeb","L1","L1-03","习惯|误解","最近这段时间，我「周末睡到中午」，通常不是因为「浪费时间和钱」，更可能是？","这对我的心理健康有帮助","想保留一点自己的节奏","这样我会更舒服自在","这是我表达自己的方式","reason_0|reason_1|reason_2|reason_3","normal"
"L1-L1-03-179-366a0fc8","L1","L1-03","习惯|误解","在我们家沟通里，我「周末睡到中午」，通常不是因为「浪费时间和钱」，更可能是？","这对我的心理健康有帮助","想保留一点自己的节奏","这样我会更舒服自在","这是我表达自己的方式","reason_0|reason_1|reason_2|reason_3","normal"
"L1-L1-03-182-96e0aacc","L1","L1-03","习惯|误解","最近这段时间，我「点外卖」，通常不是因为「做事没长远考虑」，更可能是？","我希望被当成成年人看待","我在学着对自己负责","这对我的心理健康有帮助","我想用自己的方式爱这个家","reason_0|reason_1|reason_2|reason_3","normal"
"L1-L1-03-185-bffaba43","L1","L1-03","习惯|误解","如果只能选一个更贴近的：我「运动变少」，通常不是因为「不懂事或太自我」，更可能是？","这是我表达自己的方式","我在学着对自己负责","我在认真尝试喜欢的事","这对我的心理健康有帮助","reason_0|reason_1|reason_2|reason_3","normal"
"L1-L1-03-186-fa183d74","L1","L1-03","习惯|误解","最近这段时间，我「运动变少」，通常不是因为「不懂事或太自我」，更可能是？","这是我表达自己的方式","我在学着对自己负责","我在认真尝试喜欢的事","这对我的心理健康有帮助","reason_0|reason_1|reason_2|reason_3","normal"
"L1-L1-03-183-24c00565","L1","L1-03","习惯|误解","在我们家沟通里，我「点外卖」，通常不是因为「做事没长远考虑」，更可能是？","我希望被当成成年人看待","我在学着对自己负责","这对我的心理健康有帮助","我想用自己的方式爱这个家","reason_0|reason_1|reason_2|reason_3","normal"
"L1-L1-03-184-94bc015a","L1","L1-03","习惯|误解","我「运动变少」，通常不是因为「不懂事或太自我」，更可能是？","这是我表达自己的方式","我在学着对自己负责","我在认真尝试喜欢的事","这对我的心理健康有帮助","reason_0|reason_1|reason_2|reason_3","normal"
"L1-L1-03-157-83955e9a","L1","L1-03","习惯|误解","如果只能选一个更贴近的：我「晚睡」，通常不是因为「只顾自己玩」，更可能是？","我想被看见真实的自己","我在学着对自己负责","我在认真尝试喜欢的事","这样我会更舒服自在","reason_0|reason_1|reason_2|reason_3","normal"
"L1-L1-03-130-2588d391","L1","L1-03","习惯|误解","最近这段时间，我「很少发家庭群消息」，通常不是因为「故意唱反调」，更可能是？","我需要一点点掌控感","我想被看见真实的自己","这是我表达自己的方式","这对我的心理健康有帮助","reason_0|reason_1|reason_2|reason_3","normal"
"L1-L1-03-131-a6a05818","L1","L1-03","习惯|误解","在我们家沟通里，我「很少发家庭群消息」，通常不是因为「故意唱反调」，更可能是？","我需要一点点掌控感","我想被看见真实的自己","这是我表达自己的方式","这对我的心理健康有帮助","reason_0|reason_1|reason_2|reason_3","normal"
"L1-L1-03-128-643e4a2c","L1","L1-03","习惯|误解","我「很少发家庭群消息」，通常不是因为「故意唱反调」，更可能是？","我需要一点点掌控感","我想被看见真实的自己","这是我表达自己的方式","这对我的心理健康有帮助","reason_0|reason_1|reason_2|reason_3","normal"
"L1-L1-03-129-95954347","L1","L1-03","习惯|误解","如果只能选一个更贴近的：我「很少发家庭群消息」，通常不是因为「故意唱反调」，更可能是？","我需要一点点掌控感","我想被看见真实的自己","这是我表达自己的方式","这对我的心理健康有帮助","reason_0|reason_1|reason_2|reason_3","normal"
"L1-L1-03-132-f661e981","L1","L1-03","习惯|误解","我「喝咖啡提神」，通常不是因为「想摆脱这个家」，更可能是？","我想被看见真实的自己","这能让我从压力里喘口气","我在学着对自己负责","这样我会更舒服自在","reason_0|reason_1|reason_2|reason_3","normal"
"L1-L1-03-135-885343ac","L1","L1-03","习惯|误解","在我们家沟通里，我「喝咖啡提神」，通常不是因为「想摆脱这个家」，更可能是？","我想被看见真实的自己","这能让我从压力里喘口气","我在学着对自己负责","这样我会更舒服自在","reason_0|reason_1|reason_2|reason_3","normal"
"L1-L1-03-136-a46835f2","L1","L1-03","习惯|误解","我「周末睡到中午」，通常不是因为「故意唱反调」，更可能是？","这样我会更舒服自在","这能让我从压力里喘口气","我想先自己消化","我需要一点点掌控感","reason_0|reason_1|reason_2|reason_3","normal"
"L1-L1-03-133-2c6ea965","L1","L1-03","习惯|误解","如果只能选一个更贴近的：我「喝咖啡提神」，通常不是因为「想摆脱这个家」，更可能是？","我想被看见真实的自己","这能让我从压力里喘口气","我在学着对自己负责","这样我会更舒服自在","reason_0|reason_1|reason_2|reason_3","normal"
"L1-L1-03-134-ec3692f7","L1","L1-03","习惯|误解","最近这段时间，我「喝咖啡提神」，通常不是因为「想摆脱这个家」，更可能是？","我想被看见真实的自己","这能让我从压力里喘口气","我在学着对自己负责","这样我会更舒服自在","reason_0|reason_1|reason_2|reason_3","normal"
"L1-L1-03-127-f62c94c6","L1","L1-03","习惯|误解","在我们家沟通里，我「点外卖」，通常不是因为「故意让你们担心」，更可能是？","我想被看见真实的自己","我想用自己的方式爱这个家","想保留一点自己的节奏","这样我会更舒服自在","reason_0|reason_1|reason_2|reason_3","normal"
"L1-L1-03-120-17eae650","L1","L1-03","习惯|误解","我「花小钱买喜欢的东西」，通常不是因为「不接受你们的好意」，更可能是？","我希望被当成成年人看待","想保留一点自己的节奏","我需要一点点掌控感","这对我的心理健康有帮助","reason_0|reason_1|reason_2|reason_3","normal"
"L1-L1-03-121-fc11dbdf","L1","L1-03","习惯|误解","如果只能选一个更贴近的：我「花小钱买喜欢的东西」，通常不是因为「不接受你们的好意」，更可能是？","我希望被当成成年人看待","想保留一点自己的节奏","我需要一点点掌控感","这对我的心理健康有帮助","reason_0|reason_1|reason_2|reason_3","normal"
"L1-L1-03-118-eab30ce6","L1","L1-03","习惯|误解","最近这段时间，我「晚睡」，通常不是因为「做事没长远考虑」，更可能是？","想保留一点自己的节奏","这对我的心理健康有帮助","我需要一点点掌控感","这样我会更舒服自在","reason_0|reason_1|reason_2|reason_3","normal"
"L1-L1-03-119-f08a03a9","L1","L1-03","习惯|误解","在我们家沟通里，我「晚睡」，通常不是因为「做事没长远考虑」，更可能是？","想保留一点自己的节奏","这对我的心理健康有帮助","我需要一点点掌控感","这样我会更舒服自在","reason_0|reason_1|reason_2|reason_3","normal"
"L1-L1-03-122-9be818d6","L1","L1-03","习惯|误解","最近这段时间，我「花小钱买喜欢的东西」，通常不是因为「不接受你们的好意」，更可能是？","我希望被当成成年人看待","想保留一点自己的节奏","我需要一点点掌控感","这对我的心理健康有帮助","reason_0|reason_1|reason_2|reason_3","normal"
"L1-L1-03-125-997e4417","L1","L1-03","习惯|误解","如果只能选一个更贴近的：我「点外卖」，通常不是因为「故意让你们担心」，更可能是？","我想被看见真实的自己","我想用自己的方式爱这个家","想保留一点自己的节奏","这样我会更舒服自在","reason_0|reason_1|reason_2|reason_3","normal"
"L1-L1-03-126-05de590a","L1","L1-03","习惯|误解","最近这段时间，我「点外卖」，通常不是因为「故意让你们担心」，更可能是？","我想被看见真实的自己","我想用自己的方式爱这个家","想保留一点自己的节奏","这样我会更舒服自在","reason_0|reason_1|reason_2|reason_3","normal"
"L1-L1-03-123-9599a1f2","L1","L1-03","习惯|误解","在我们家沟通里，我「花小钱买喜欢的东西」，通常不是因为「不接受你们的好意」，更可能是？","我希望被当成成年人看待","想保留一点自己的节奏","我需要一点点掌控感","这对我的心理健康有帮助","reason_0|reason_1|reason_2|reason_3","normal"
"L1-L1-03-124-1cf544a7","L1","L1-03","习惯|误解","我「点外卖」，通常不是因为「故意让你们担心」，更可能是？","我想被看见真实的自己","我想用自己的方式爱这个家","想保留一点自己的节奏","这样我会更舒服自在","reason_0|reason_1|reason_2|reason_3","normal"
"L1-L1-03-137-6cc3e6f4","L1","L1-03","习惯|误解","如果只能选一个更贴近的：我「周末睡到中午」，通常不是因为「故意唱反调」，更可能是？","这样我会更舒服自在","这能让我从压力里喘口气","我想先自己消化","我需要一点点掌控感","reason_0|reason_1|reason_2|reason_3","normal"
"L1-L1-03-150-c8f90fb2","L1","L1-03","习惯|误解","最近这段时间，我「房间有点乱」，通常不是因为「故意让你们担心」，更可能是？","想保留一点自己的节奏","我希望被当成成年人看待","这能让我从压力里喘口气","我想用自己的方式爱这个家","reason_0|reason_1|reason_2|reason_3","normal"
"L1-L1-03-151-ea424afc","L1","L1-03","习惯|误解","在我们家沟通里，我「房间有点乱」，通常不是因为「故意让你们担心」，更可能是？","想保留一点自己的节奏","我希望被当成成年人看待","这能让我从压力里喘口气","我想用自己的方式爱这个家","reason_0|reason_1|reason_2|reason_3","normal"
"L1-L1-03-148-7f54f85b","L1","L1-03","习惯|误解","我「房间有点乱」，通常不是因为「故意让你们担心」，更可能是？","想保留一点自己的节奏","我希望被当成成年人看待","这能让我从压力里喘口气","我想用自己的方式爱这个家","reason_0|reason_1|reason_2|reason_3","normal"
"L1-L1-03-149-0bee87c7","L1","L1-03","习惯|误解","如果只能选一个更贴近的：我「房间有点乱」，通常不是因为「故意让你们担心」，更可能是？","想保留一点自己的节奏","我希望被当成成年人看待","这能让我从压力里喘口气","我想用自己的方式爱这个家","reason_0|reason_1|reason_2|reason_3","normal"
"L1-L1-03-152-d486dd4e","L1","L1-03","习惯|误解","我「喜欢戴耳机独处」，通常不是因为「只顾自己玩」，更可能是？","这对我的心理健康有帮助","这能让我从压力里喘口气","想保留一点自己的节奏","这是我表达自己的方式","reason_0|reason_1|reason_2|reason_3","normal"
"L1-L1-03-155-2d5cacde","L1","L1-03","习惯|误解","在我们家沟通里，我「喜欢戴耳机独处」，通常不是因为「只顾自己玩」，更可能是？","这对我的心理健康有帮助","这能让我从压力里喘口气","想保留一点自己的节奏","这是我表达自己的方式","reason_0|reason_1|reason_2|reason_3","normal"
"L1-L1-03-156-052b7226","L1","L1-03","习惯|误解","我「晚睡」，通常不是因为「只顾自己玩」，更可能是？","我想被看见真实的自己","我在学着对自己负责","我在认真尝试喜欢的事","这样我会更舒服自在","reason_0|reason_1|reason_2|reason_3","normal"
"L1-L1-03-153-b2f668b3","L1","L1-03","习惯|误解","如果只能选一个更贴近的：我「喜欢戴耳机独处」，通常不是因为「只顾自己玩」，更可能是？","这对我的心理健康有帮助","这能让我从压力里喘口气","想保留一点自己的节奏","这是我表达自己的方式","reason_0|reason_1|reason_2|reason_3","normal"
"L1-L1-03-154-3f92a27c","L1","L1-03","习惯|误解","最近这段时间，我「喜欢戴耳机独处」，通常不是因为「只顾自己玩」，更可能是？","这对我的心理健康有帮助","这能让我从压力里喘口气","想保留一点自己的节奏","这是我表达自己的方式","reason_0|reason_1|reason_2|reason_3","normal"
"L1-L1-03-147-30d5df80","L1","L1-03","习惯|误解","在我们家沟通里，我「不吃早饭」，通常不是因为「做事没长远考虑」，更可能是？","这对我的心理健康有帮助","想保留一点自己的节奏","我想先自己消化","我需要一点点掌控感","reason_0|reason_1|reason_2|reason_3","normal"
"L1-L1-03-140-dc82f479","L1","L1-03","习惯|误解","我「不吃早饭」，通常不是因为「故意让你们担心」，更可能是？","这能让我从压力里喘口气","我希望被当成成年人看待","这是我表达自己的方式","想保留一点自己的节奏","reason_0|reason_1|reason_2|reason_3","normal"
"L1-L1-03-141-bf003171","L1","L1-03","习惯|误解","如果只能选一个更贴近的：我「不吃早饭」，通常不是因为「故意让你们担心」，更可能是？","这能让我从压力里喘口气","我希望被当成成年人看待","这是我表达自己的方式","想保留一点自己的节奏","reason_0|reason_1|reason_2|reason_3","normal"
"L1-L1-03-138-438eec9a","L1","L1-03","习惯|误解","最近这段时间，我「周末睡到中午」，通常不是因为「故意唱反调」，更可能是？","这样我会更舒服自在","这能让我从压力里喘口气","我想先自己消化","我需要一点点掌控感","reason_0|reason_1|reason_2|reason_3","normal"
"L1-L1-03-139-c2fbe314","L1","L1-03","习惯|误解","在我们家沟通里，我「周末睡到中午」，通常不是因为「故意唱反调」，更可能是？","这样我会更舒服自在","这能让我从压力里喘口气","我想先自己消化","我需要一点点掌控感","reason_0|reason_1|reason_2|reason_3","normal"
"L1-L1-03-142-959f530e","L1","L1-03","习惯|误解","最近这段时间，我「不吃早饭」，通常不是因为「故意让你们担心」，更可能是？","这能让我从压力里喘口气","我希望被当成成年人看待","这是我表达自己的方式","想保留一点自己的节奏","reason_0|reason_1|reason_2|reason_3","normal"
"L1-L1-03-145-353fe122","L1","L1-03","习惯|误解","如果只能选一个更贴近的：我「不吃早饭」，通常不是因为「做事没长远考虑」，更可能是？","这对我的心理健康有帮助","想保留一点自己的节奏","我想先自己消化","我需要一点点掌控感","reason_0|reason_1|reason_2|reason_3","normal"
"L1-L1-03-146-9d667eda","L1","L1-03","习惯|误解","最近这段时间，我「不吃早饭」，通常不是因为「做事没长远考虑」，更可能是？","这对我的心理健康有帮助","想保留一点自己的节奏","我想先自己消化","我需要一点点掌控感","reason_0|reason_1|reason_2|reason_3","normal"
"L1-L1-03-143-87cc9447","L1","L1-03","习惯|误解","在我们家沟通里，我「不吃早饭」，通常不是因为「故意让你们担心」，更可能是？","这能让我从压力里喘口气","我希望被当成成年人看待","这是我表达自己的方式","想保留一点自己的节奏","reason_0|reason_1|reason_2|reason_3","normal"
"L1-L1-03-144-b3ea3468","L1","L1-03","习惯|误解","我「不吃早饭」，通常不是因为「做事没长远考虑」，更可能是？","这对我的心理健康有帮助","想保留一点自己的节奏","我想先自己消化","我需要一点点掌控感","reason_0|reason_1|reason_2|reason_3","normal"
"L1-L1-03-038-04f3a000","L1","L1-03","习惯|误解","最近这段时间，我「运动变少」，通常不是因为「叛逆或不听话」，更可能是？","我希望被当成成年人看待","我想先自己消化","我想被看见真实的自己","想保留一点自己的节奏","reason_0|reason_1|reason_2|reason_3","normal"
"L1-L1-01-052-4e35fcb3","L1","L1-01","睡觉|习惯","当我「出差住酒店睡不好」时，我最希望你们怎么做？","让我安静待一会","关心一句就好","帮我做点实际的事","听我说几分钟","space|checkin|practical|listen","normal"
"L1-L1-01-053-d95b127b","L1","L1-01","睡觉|习惯","如果只能选一个更贴近的：当我「出差住酒店睡不好」时，我最希望你们怎么做？","让我安静待一会","关心一句就好","帮我做点实际的事","听我说几分钟","space|checkin|practical|listen","normal"
"L1-L1-01-050-49ef1d34","L1","L1-01","睡觉|习惯","最近这段时间，当我「想晚睡一会」时，我最希望你们怎么做？","让我安静待一会","关心一句就好","帮我做点实际的事","听我说几分钟","space|checkin|practical|listen","normal"
"L1-L1-01-051-0bcfb8c9","L1","L1-01","睡觉|习惯","在我们家沟通里，当我「想晚睡一会」时，我最希望你们怎么做？","让我安静待一会","关心一句就好","帮我做点实际的事","听我说几分钟","space|checkin|practical|listen","normal"
"L1-L1-01-054-e45fe6b5","L1","L1-01","睡觉|习惯","最近这段时间，当我「出差住酒店睡不好」时，我最希望你们怎么做？","让我安静待一会","关心一句就好","帮我做点实际的事","听我说几分钟","space|checkin|practical|listen","normal"
"L1-L1-01-057-7d33bb37","L1","L1-01","睡觉|习惯","如果只能选一个更贴近的：当我「周末想睡到自然醒」时，我最希望你们怎么做？","让我安静待一会","关心一句就好","帮我做点实际的事","听我说几分钟","space|checkin|practical|listen","normal"
"L1-L1-01-058-6ed1b8da","L1","L1-01","睡觉|习惯","最近这段时间，当我「周末想睡到自然醒」时，我最希望你们怎么做？","让我安静待一会","关心一句就好","帮我做点实际的事","听我说几分钟","space|checkin|practical|listen","normal"
"L1-L1-01-055-ca05d866","L1","L1-01","睡觉|习惯","在我们家沟通里，当我「出差住酒店睡不好」时，我最希望你们怎么做？","让我安静待一会","关心一句就好","帮我做点实际的事","听我说几分钟","space|checkin|practical|listen","normal"
"L1-L1-01-056-8ce5d457","L1","L1-01","睡觉|习惯","当我「周末想睡到自然醒」时，我最希望你们怎么做？","让我安静待一会","关心一句就好","帮我做点实际的事","听我说几分钟","space|checkin|practical|listen","normal"
"L1-L1-01-049-319eed10","L1","L1-01","睡觉|习惯","如果只能选一个更贴近的：当我「想晚睡一会」时，我最希望你们怎么做？","让我安静待一会","关心一句就好","帮我做点实际的事","听我说几分钟","space|checkin|practical|listen","normal"
"L1-L1-01-042-40c67771","L1","L1-01","睡觉|习惯","最近这段时间，当我「熬夜后想补觉」时，我最希望你们怎么做？","让我安静待一会","关心一句就好","帮我做点实际的事","听我说几分钟","space|checkin|practical|listen","normal"
"L1-L1-01-043-3d83b7f0","L1","L1-01","睡觉|习惯","在我们家沟通里，当我「熬夜后想补觉」时，我最希望你们怎么做？","让我安静待一会","关心一句就好","帮我做点实际的事","听我说几分钟","space|checkin|practical|listen","normal"
"L1-L1-01-040-26eacc8c","L1","L1-01","睡觉|习惯","当我「熬夜后想补觉」时，我最希望你们怎么做？","让我安静待一会","关心一句就好","帮我做点实际的事","听我说几分钟","space|checkin|practical|listen","normal"
"L1-L1-01-041-f6c580ea","L1","L1-01","睡觉|习惯","如果只能选一个更贴近的：当我「熬夜后想补觉」时，我最希望你们怎么做？","让我安静待一会","关心一句就好","帮我做点实际的事","听我说几分钟","space|checkin|practical|listen","normal"
"L1-L1-01-044-7fbb16db","L1","L1-01","睡觉|习惯","当我「想把作息往后调」时，我最希望你们怎么做？","让我安静待一会","关心一句就好","帮我做点实际的事","听我说几分钟","space|checkin|practical|listen","normal"
"L1-L1-01-047-f0d63eb1","L1","L1-01","睡觉|习惯","在我们家沟通里，当我「想把作息往后调」时，我最希望你们怎么做？","让我安静待一会","关心一句就好","帮我做点实际的事","听我说几分钟","space|checkin|practical|listen","normal"
"L1-L1-01-048-f9093f0a","L1","L1-01","睡觉|习惯","当我「想晚睡一会」时，我最希望你们怎么做？","让我安静待一会","关心一句就好","帮我做点实际的事","听我说几分钟","space|checkin|practical|listen","normal"
"L1-L1-01-045-5b583993","L1","L1-01","睡觉|习惯","如果只能选一个更贴近的：当我「想把作息往后调」时，我最希望你们怎么做？","让我安静待一会","关心一句就好","帮我做点实际的事","听我说几分钟","space|checkin|practical|listen","normal"
"L1-L1-01-046-6653fe9c","L1","L1-01","睡觉|习惯","最近这段时间，当我「想把作息往后调」时，我最希望你们怎么做？","让我安静待一会","关心一句就好","帮我做点实际的事","听我说几分钟","space|checkin|practical|listen","normal"
"L1-L1-01-059-c15b6866","L1","L1-01","睡觉|习惯","在我们家沟通里，当我「周末想睡到自然醒」时，我最希望你们怎么做？","让我安静待一会","关心一句就好","帮我做点实际的事","听我说几分钟","space|checkin|practical|listen","normal"
"L1-L1-02-012-a9758c0f","L1","L1-02","吃饭|习惯","关于「和朋友约饭到很晚」，更接近我真实想法的是？","这是我自己的节奏，别太焦虑","偶尔这样没关系，不是常态","我其实也想调整，需要温和提醒","我想先被理解，再谈改不改","autonomy|balance|support|understand","normal"
"L1-L1-02-013-5eb493b6","L1","L1-02","吃饭|习惯","如果只能选一个更贴近的：关于「和朋友约饭到很晚」，更接近我真实想法的是？","这是我自己的节奏，别太焦虑","偶尔这样没关系，不是常态","我其实也想调整，需要温和提醒","我想先被理解，再谈改不改","autonomy|balance|support|understand","normal"
"L1-L1-02-010-30acbd1f","L1","L1-02","吃饭|习惯","最近这段时间，关于「想自己做饭但不想被指导」，更接近我真实想法的是？","这是我自己的节奏，别太焦虑","偶尔这样没关系，不是常态","我其实也想调整，需要温和提醒","我想先被理解，再谈改不改","autonomy|balance|support|understand","normal"
"L1-L1-02-011-1889f143","L1","L1-02","吃饭|习惯","在我们家沟通里，关于「想自己做饭但不想被指导」，更接近我真实想法的是？","这是我自己的节奏，别太焦虑","偶尔这样没关系，不是常态","我其实也想调整，需要温和提醒","我想先被理解，再谈改不改","autonomy|balance|support|understand","normal"
"L1-L1-02-014-d6115c9c","L1","L1-02","吃饭|习惯","最近这段时间，关于「和朋友约饭到很晚」，更接近我真实想法的是？","这是我自己的节奏，别太焦虑","偶尔这样没关系，不是常态","我其实也想调整，需要温和提醒","我想先被理解，再谈改不改","autonomy|balance|support|understand","normal"
"L1-L1-02-017-6a24f41a","L1","L1-02","吃饭|习惯","如果只能选一个更贴近的：关于「节食后反弹焦虑」，更接近我真实想法的是？","这是我自己的节奏，别太焦虑","偶尔这样没关系，不是常态","我其实也想调整，需要温和提醒","我想先被理解，再谈改不改","autonomy|balance|support|understand","normal"
"L1-L1-02-018-c616681e","L1","L1-02","吃饭|习惯","最近这段时间，关于「节食后反弹焦虑」，更接近我真实想法的是？","这是我自己的节奏，别太焦虑","偶尔这样没关系，不是常态","我其实也想调整，需要温和提醒","我想先被理解，再谈改不改","autonomy|balance|support|understand","normal"
"L1-L1-02-015-2fda2596","L1","L1-02","吃饭|习惯","在我们家沟通里，关于「和朋友约饭到很晚」，更接近我真实想法的是？","这是我自己的节奏，别太焦虑","偶尔这样没关系，不是常态","我其实也想调整，需要温和提醒","我想先被理解，再谈改不改","autonomy|balance|support|understand","normal"
"L1-L1-02-016-6340ceb9","L1","L1-02","吃饭|习惯","关于「节食后反弹焦虑」，更接近我真实想法的是？","这是我自己的节奏，别太焦虑","偶尔这样没关系，不是常态","我其实也想调整，需要温和提醒","我想先被理解，再谈改不改","autonomy|balance|support|understand","normal"
"L1-L1-02-009-38f5b1fc","L1","L1-02","吃饭|习惯","如果只能选一个更贴近的：关于「想自己做饭但不想被指导」，更接近我真实想法的是？","这是我自己的节奏，别太焦虑","偶尔这样没关系，不是常态","我其实也想调整，需要温和提醒","我想先被理解，再谈改不改","autonomy|balance|support|understand","normal"
"L1-L1-02-002-16a718fa","L1","L1-02","吃饭|习惯","最近这段时间，关于「想尝试新餐厅」，更接近我真实想法的是？","这是我自己的节奏，别太焦虑","偶尔这样没关系，不是常态","我其实也想调整，需要温和提醒","我想先被理解，再谈改不改","autonomy|balance|support|understand","normal"
"L1-L1-02-003-c0236ba4","L1","L1-02","吃饭|习惯","在我们家沟通里，关于「想尝试新餐厅」，更接近我真实想法的是？","这是我自己的节奏，别太焦虑","偶尔这样没关系，不是常态","我其实也想调整，需要温和提醒","我想先被理解，再谈改不改","autonomy|balance|support|understand","normal"
"L1-L1-02-000-6c8441e6","L1","L1-02","吃饭|习惯","关于「想尝试新餐厅」，更接近我真实想法的是？","这是我自己的节奏，别太焦虑","偶尔这样没关系，不是常态","我其实也想调整，需要温和提醒","我想先被理解，再谈改不改","autonomy|balance|support|understand","normal"
"L1-L1-02-001-84bedce5","L1","L1-02","吃饭|习惯","如果只能选一个更贴近的：关于「想尝试新餐厅」，更接近我真实想法的是？","这是我自己的节奏，别太焦虑","偶尔这样没关系，不是常态","我其实也想调整，需要温和提醒","我想先被理解，再谈改不改","autonomy|balance|support|understand","normal"
"L1-L1-02-004-52789258","L1","L1-02","吃饭|习惯","关于「想吃辣或重口」，更接近我真实想法的是？","这是我自己的节奏，别太焦虑","偶尔这样没关系，不是常态","我其实也想调整，需要温和提醒","我想先被理解，再谈改不改","autonomy|balance|support|understand","normal"
"L1-L1-02-007-6653886c","L1","L1-02","吃饭|习惯","在我们家沟通里，关于「想吃辣或重口」，更接近我真实想法的是？","这是我自己的节奏，别太焦虑","偶尔这样没关系，不是常态","我其实也想调整，需要温和提醒","我想先被理解，再谈改不改","autonomy|balance|support|understand","normal"
"L1-L1-02-008-71612b96","L1","L1-02","吃饭|习惯","关于「想自己做饭但不想被指导」，更接近我真实想法的是？","这是我自己的节奏，别太焦虑","偶尔这样没关系，不是常态","我其实也想调整，需要温和提醒","我想先被理解，再谈改不改","autonomy|balance|support|understand","normal"
"L1-L1-02-005-b4503679","L1","L1-02","吃饭|习惯","如果只能选一个更贴近的：关于「想吃辣或重口」，更接近我真实想法的是？","这是我自己的节奏，别太焦虑","偶尔这样没关系，不是常态","我其实也想调整，需要温和提醒","我想先被理解，再谈改不改","autonomy|balance|support|understand","normal"
"L1-L1-02-006-6324f825","L1","L1-02","吃饭|习惯","最近这段时间，关于「想吃辣或重口」，更接近我真实想法的是？","这是我自己的节奏，别太焦虑","偶尔这样没关系，不是常态","我其实也想调整，需要温和提醒","我想先被理解，再谈改不改","autonomy|balance|support|understand","normal"
"L1-L1-01-039-40492a11","L1","L1-01","睡觉|习惯","在我们家沟通里，当我「想关灯安静睡觉」时，我最希望你们怎么做？","让我安静待一会","关心一句就好","帮我做点实际的事","听我说几分钟","space|checkin|practical|listen","normal"
"L1-L1-01-012-5092cc0a","L1","L1-01","睡觉|习惯","当我「压力大导致早醒」时，我最希望你们怎么做？","让我安静待一会","关心一句就好","帮我做点实际的事","听我说几分钟","space|checkin|practical|listen","normal"
"L1-L1-01-013-9d4e295a","L1","L1-01","睡觉|习惯","如果只能选一个更贴近的：当我「压力大导致早醒」时，我最希望你们怎么做？","让我安静待一会","关心一句就好","帮我做点实际的事","听我说几分钟","space|checkin|practical|listen","normal"
"L1-L1-01-010-f7200434","L1","L1-01","睡觉|习惯","最近这段时间，当我「半夜醒来很难再睡」时，我最希望你们怎么做？","让我安静待一会","关心一句就好","帮我做点实际的事","听我说几分钟","space|checkin|practical|listen","normal"
"L1-L1-01-011-b0043818","L1","L1-01","睡觉|习惯","在我们家沟通里，当我「半夜醒来很难再睡」时，我最希望你们怎么做？","让我安静待一会","关心一句就好","帮我做点实际的事","听我说几分钟","space|checkin|practical|listen","normal"
"L1-L1-01-014-1b5e535e","L1","L1-01","睡觉|习惯","最近这段时间，当我「压力大导致早醒」时，我最希望你们怎么做？","让我安静待一会","关心一句就好","帮我做点实际的事","听我说几分钟","space|checkin|practical|listen","normal"
"L1-L1-01-017-e1e891bf","L1","L1-01","睡觉|习惯","如果只能选一个更贴近的：当我「倒时差睡乱了」时，我最希望你们怎么做？","让我安静待一会","关心一句就好","帮我做点实际的事","听我说几分钟","space|checkin|practical|listen","normal"
"L1-L1-01-018-99004005","L1","L1-01","睡觉|习惯","最近这段时间，当我「倒时差睡乱了」时，我最希望你们怎么做？","让我安静待一会","关心一句就好","帮我做点实际的事","听我说几分钟","space|checkin|practical|listen","normal"
"L1-L1-01-015-3a1c0c44","L1","L1-01","睡觉|习惯","在我们家沟通里，当我「压力大导致早醒」时，我最希望你们怎么做？","让我安静待一会","关心一句就好","帮我做点实际的事","听我说几分钟","space|checkin|practical|listen","normal"
"L1-L1-01-016-9eabd4ee","L1","L1-01","睡觉|习惯","当我「倒时差睡乱了」时，我最希望你们怎么做？","让我安静待一会","关心一句就好","帮我做点实际的事","听我说几分钟","space|checkin|practical|listen","normal"
"L1-L1-01-009-5a2a5930","L1","L1-01","睡觉|习惯","如果只能选一个更贴近的：当我「半夜醒来很难再睡」时，我最希望你们怎么做？","让我安静待一会","关心一句就好","帮我做点实际的事","听我说几分钟","space|checkin|practical|listen","normal"
"L1-L1-01-002-947cf3ce","L1","L1-01","睡觉|习惯","最近这段时间，当我「白天补觉」时，我最希望你们怎么做？","让我安静待一会","关心一句就好","帮我做点实际的事","听我说几分钟","space|checkin|practical|listen","normal"
"L1-L1-01-003-1fa18bcd","L1","L1-01","睡觉|习惯","在我们家沟通里，当我「白天补觉」时，我最希望你们怎么做？","让我安静待一会","关心一句就好","帮我做点实际的事","听我说几分钟","space|checkin|practical|listen","normal"
"L1-L1-01-000-c8031762","L1","L1-01","睡觉|习惯","当我「白天补觉」时，我最希望你们怎么做？","让我安静待一会","关心一句就好","帮我做点实际的事","听我说几分钟","space|checkin|practical|listen","normal"
"L1-L1-01-001-0d67b83f","L1","L1-01","睡觉|习惯","如果只能选一个更贴近的：当我「白天补觉」时，我最希望你们怎么做？","让我安静待一会","关心一句就好","帮我做点实际的事","听我说几分钟","space|checkin|practical|listen","normal"
"L1-L1-01-004-1ddf1c4c","L1","L1-01","睡觉|习惯","当我「失眠躺着睡不着」时，我最希望你们怎么做？","让我安静待一会","关心一句就好","帮我做点实际的事","听我说几分钟","space|checkin|practical|listen","normal"
"L1-L1-01-007-93252939","L1","L1-01","睡觉|习惯","在我们家沟通里，当我「失眠躺着睡不着」时，我最希望你们怎么做？","让我安静待一会","关心一句就好","帮我做点实际的事","听我说几分钟","space|checkin|practical|listen","normal"
"L1-L1-01-008-23520b99","L1","L1-01","睡觉|习惯","当我「半夜醒来很难再睡」时，我最希望你们怎么做？","让我安静待一会","关心一句就好","帮我做点实际的事","听我说几分钟","space|checkin|practical|listen","normal"
"L1-L1-01-005-64cbf803","L1","L1-01","睡觉|习惯","如果只能选一个更贴近的：当我「失眠躺着睡不着」时，我最希望你们怎么做？","让我安静待一会","关心一句就好","帮我做点实际的事","听我说几分钟","space|checkin|practical|listen","normal"
"L1-L1-01-006-50455db6","L1","L1-01","睡觉|习惯","最近这段时间，当我「失眠躺着睡不着」时，我最希望你们怎么做？","让我安静待一会","关心一句就好","帮我做点实际的事","听我说几分钟","space|checkin|practical|listen","normal"
"L1-L1-01-019-a147d66a","L1","L1-01","睡觉|习惯","在我们家沟通里，当我「倒时差睡乱了」时，我最希望你们怎么做？","让我安静待一会","关心一句就好","帮我做点实际的事","听我说几分钟","space|checkin|practical|listen","normal"
"L1-L1-01-032-7a3b92d3","L1","L1-01","睡觉|习惯","当我「想把作息往前调」时，我最希望你们怎么做？","让我安静待一会","关心一句就好","帮我做点实际的事","听我说几分钟","space|checkin|practical|listen","normal"
"L1-L1-01-033-6c857991","L1","L1-01","睡觉|习惯","如果只能选一个更贴近的：当我「想把作息往前调」时，我最希望你们怎么做？","让我安静待一会","关心一句就好","帮我做点实际的事","听我说几分钟","space|checkin|practical|listen","normal"
"L1-L1-01-030-e128d4ae","L1","L1-01","睡觉|习惯","最近这段时间，当我「想听着白噪音睡」时，我最希望你们怎么做？","让我安静待一会","关心一句就好","帮我做点实际的事","听我说几分钟","space|checkin|practical|listen","normal"
"L1-L1-01-031-774e817b","L1","L1-01","睡觉|习惯","在我们家沟通里，当我「想听着白噪音睡」时，我最希望你们怎么做？","让我安静待一会","关心一句就好","帮我做点实际的事","听我说几分钟","space|checkin|practical|listen","normal"
"L1-L1-01-034-3d5d6464","L1","L1-01","睡觉|习惯","最近这段时间，当我「想把作息往前调」时，我最希望你们怎么做？","让我安静待一会","关心一句就好","帮我做点实际的事","听我说几分钟","space|checkin|practical|listen","normal"
"L1-L1-01-037-3d17640b","L1","L1-01","睡觉|习惯","如果只能选一个更贴近的：当我「想关灯安静睡觉」时，我最希望你们怎么做？","让我安静待一会","关心一句就好","帮我做点实际的事","听我说几分钟","space|checkin|practical|listen","normal"
"L1-L1-01-038-d2685754","L1","L1-01","睡觉|习惯","最近这段时间，当我「想关灯安静睡觉」时，我最希望你们怎么做？","让我安静待一会","关心一句就好","帮我做点实际的事","听我说几分钟","space|checkin|practical|listen","normal"
"L1-L1-01-035-4186ad97","L1","L1-01","睡觉|习惯","在我们家沟通里，当我「想把作息往前调」时，我最希望你们怎么做？","让我安静待一会","关心一句就好","帮我做点实际的事","听我说几分钟","space|checkin|practical|listen","normal"
"L1-L1-01-036-494dd762","L1","L1-01","睡觉|习惯","当我「想关灯安静睡觉」时，我最希望你们怎么做？","让我安静待一会","关心一句就好","帮我做点实际的事","听我说几分钟","space|checkin|practical|listen","normal"
"L1-L1-01-029-35d56840","L1","L1-01","睡觉|习惯","如果只能选一个更贴近的：当我「想听着白噪音睡」时，我最希望你们怎么做？","让我安静待一会","关心一句就好","帮我做点实际的事","听我说几分钟","space|checkin|practical|listen","normal"
"L1-L1-01-022-8f493ed4","L1","L1-01","睡觉|习惯","最近这段时间，当我「需要午睡恢复精力」时，我最希望你们怎么做？","让我安静待一会","关心一句就好","帮我做点实际的事","听我说几分钟","space|checkin|practical|listen","normal"
"L1-L1-01-023-bae38a9b","L1","L1-01","睡觉|习惯","在我们家沟通里，当我「需要午睡恢复精力」时，我最希望你们怎么做？","让我安静待一会","关心一句就好","帮我做点实际的事","听我说几分钟","space|checkin|practical|listen","normal"
"L1-L1-01-020-cbfa2255","L1","L1-01","睡觉|习惯","当我「需要午睡恢复精力」时，我最希望你们怎么做？","让我安静待一会","关心一句就好","帮我做点实际的事","听我说几分钟","space|checkin|practical|listen","normal"
"L1-L1-01-021-fb7951f6","L1","L1-01","睡觉|习惯","如果只能选一个更贴近的：当我「需要午睡恢复精力」时，我最希望你们怎么做？","让我安静待一会","关心一句就好","帮我做点实际的事","听我说几分钟","space|checkin|practical|listen","normal"
"L1-L1-01-024-fd75824b","L1","L1-01","睡觉|习惯","当我「被早起电话吵醒」时，我最希望你们怎么做？","让我安静待一会","关心一句就好","帮我做点实际的事","听我说几分钟","space|checkin|practical|listen","normal"
"L1-L1-01-027-14efbb3e","L1","L1-01","睡觉|习惯","在我们家沟通里，当我「被早起电话吵醒」时，我最希望你们怎么做？","让我安静待一会","关心一句就好","帮我做点实际的事","听我说几分钟","space|checkin|practical|listen","normal"
"L1-L1-01-028-b27c1179","L1","L1-01","睡觉|习惯","当我「想听着白噪音睡」时，我最希望你们怎么做？","让我安静待一会","关心一句就好","帮我做点实际的事","听我说几分钟","space|checkin|practical|listen","normal"
"L1-L1-01-025-96aa1e2d","L1","L1-01","睡觉|习惯","如果只能选一个更贴近的：当我「被早起电话吵醒」时，我最希望你们怎么做？","让我安静待一会","关心一句就好","帮我做点实际的事","听我说几分钟","space|checkin|practical|listen","normal"
"L1-L1-01-026-2d3af42f","L1","L1-01","睡觉|习惯","最近这段时间，当我「被早起电话吵醒」时，我最希望你们怎么做？","让我安静待一会","关心一句就好","帮我做点实际的事","听我说几分钟","space|checkin|practical|listen","normal"
"L1-L1-03-011-2013d6a1","L1","L1-03","习惯|误解","在我们家沟通里，我「染了或换了发型」，通常不是因为「叛逆或不听话」，更可能是？","我在学着对自己负责","我在认真尝试喜欢的事","这样我会更舒服自在","想保留一点自己的节奏","reason_0|reason_1|reason_2|reason_3","normal"
"L1-L1-03-012-851cac23","L1","L1-03","习惯|误解","我「养了兴趣班之外的爱好」，通常不是因为「被外界带坏了」，更可能是？","我想先自己消化","我希望被当成成年人看待","我在学着对自己负责","我想被看见真实的自己","reason_0|reason_1|reason_2|reason_3","normal"
"L1-L1-03-009-6fefdbc7","L1","L1-03","习惯|误解","如果只能选一个更贴近的：我「染了或换了发型」，通常不是因为「叛逆或不听话」，更可能是？","我在学着对自己负责","我在认真尝试喜欢的事","这样我会更舒服自在","想保留一点自己的节奏","reason_0|reason_1|reason_2|reason_3","normal"
"L1-L1-03-010-b7ffe614","L1","L1-03","习惯|误解","最近这段时间，我「染了或换了发型」，通常不是因为「叛逆或不听话」，更可能是？","我在学着对自己负责","我在认真尝试喜欢的事","这样我会更舒服自在","想保留一点自己的节奏","reason_0|reason_1|reason_2|reason_3","normal"
"L1-L1-03-013-e5d1b848","L1","L1-03","习惯|误解","如果只能选一个更贴近的：我「养了兴趣班之外的爱好」，通常不是因为「被外界带坏了」，更可能是？","我想先自己消化","我希望被当成成年人看待","我在学着对自己负责","我想被看见真实的自己","reason_0|reason_1|reason_2|reason_3","normal"
"L1-L1-03-016-bc0cbb7c","L1","L1-03","习惯|误解","我「很少发家庭群消息」，通常不是因为「叛逆或不听话」，更可能是？","这对我的心理健康有帮助","想保留一点自己的节奏","我需要一点点掌控感","我想被看见真实的自己","reason_0|reason_1|reason_2|reason_3","normal"
"L1-L1-03-017-3db0c956","L1","L1-03","习惯|误解","如果只能选一个更贴近的：我「很少发家庭群消息」，通常不是因为「叛逆或不听话」，更可能是？","这对我的心理健康有帮助","想保留一点自己的节奏","我需要一点点掌控感","我想被看见真实的自己","reason_0|reason_1|reason_2|reason_3","normal"
"L1-L1-03-014-4f3fa9d3","L1","L1-03","习惯|误解","最近这段时间，我「养了兴趣班之外的爱好」，通常不是因为「被外界带坏了」，更可能是？","我想先自己消化","我希望被当成成年人看待","我在学着对自己负责","我想被看见真实的自己","reason_0|reason_1|reason_2|reason_3","normal"
"L1-L1-03-015-8e1fd732","L1","L1-03","习惯|误解","在我们家沟通里，我「养了兴趣班之外的爱好」，通常不是因为「被外界带坏了」，更可能是？","我想先自己消化","我希望被当成成年人看待","我在学着对自己负责","我想被看见真实的自己","reason_0|reason_1|reason_2|reason_3","normal"
"L1-L1-03-008-21611200","L1","L1-03","习惯|误解","我「染了或换了发型」，通常不是因为「叛逆或不听话」，更可能是？","我在学着对自己负责","我在认真尝试喜欢的事","这样我会更舒服自在","想保留一点自己的节奏","reason_0|reason_1|reason_2|reason_3","normal"
"L1-L1-03-001-6e586d5e","L1","L1-03","习惯|误解","如果只能选一个更贴近的：我「花小钱买喜欢的东西」，通常不是因为「想摆脱这个家」，更可能是？","这对我的心理健康有帮助","我想被看见真实的自己","这能让我从压力里喘口气","这样我会更舒服自在","reason_0|reason_1|reason_2|reason_3","normal"
"L1-L1-03-002-28fc3a95","L1","L1-03","习惯|误解","最近这段时间，我「花小钱买喜欢的东西」，通常不是因为「想摆脱这个家」，更可能是？","这对我的心理健康有帮助","我想被看见真实的自己","这能让我从压力里喘口气","这样我会更舒服自在","reason_0|reason_1|reason_2|reason_3","normal"
"L1-L1-02-059-62397467","L1","L1-02","吃饭|习惯","在我们家沟通里，关于「只想吃清淡的」，更接近我真实想法的是？","这是我自己的节奏，别太焦虑","偶尔这样没关系，不是常态","我其实也想调整，需要温和提醒","我想先被理解，再谈改不改","autonomy|balance|support|understand","normal"
"L1-L1-03-000-771f5938","L1","L1-03","习惯|误解","我「花小钱买喜欢的东西」，通常不是因为「想摆脱这个家」，更可能是？","这对我的心理健康有帮助","我想被看见真实的自己","这能让我从压力里喘口气","这样我会更舒服自在","reason_0|reason_1|reason_2|reason_3","normal"
"L1-L1-03-003-fb24e407","L1","L1-03","习惯|误解","在我们家沟通里，我「花小钱买喜欢的东西」，通常不是因为「想摆脱这个家」，更可能是？","这对我的心理健康有帮助","我想被看见真实的自己","这能让我从压力里喘口气","这样我会更舒服自在","reason_0|reason_1|reason_2|reason_3","normal"
"L1-L1-03-006-0acb0ac9","L1","L1-03","习惯|误解","最近这段时间，我「玩手机时间变长」，通常不是因为「想摆脱这个家」，更可能是？","我在认真尝试喜欢的事","我在学着对自己负责","我想先自己消化","我需要一点点掌控感","reason_0|reason_1|reason_2|reason_3","normal"
"L1-L1-03-007-61b8420f","L1","L1-03","习惯|误解","在我们家沟通里，我「玩手机时间变长」，通常不是因为「想摆脱这个家」，更可能是？","我在认真尝试喜欢的事","我在学着对自己负责","我想先自己消化","我需要一点点掌控感","reason_0|reason_1|reason_2|reason_3","normal"
"L1-L1-03-004-1b70b2f9","L1","L1-03","习惯|误解","我「玩手机时间变长」，通常不是因为「想摆脱这个家」，更可能是？","我在认真尝试喜欢的事","我在学着对自己负责","我想先自己消化","我需要一点点掌控感","reason_0|reason_1|reason_2|reason_3","normal"
"L1-L1-03-005-20c85a77","L1","L1-03","习惯|误解","如果只能选一个更贴近的：我「玩手机时间变长」，通常不是因为「想摆脱这个家」，更可能是？","我在认真尝试喜欢的事","我在学着对自己负责","我想先自己消化","我需要一点点掌控感","reason_0|reason_1|reason_2|reason_3","normal"
"L1-L1-03-018-50247a1a","L1","L1-03","习惯|误解","最近这段时间，我「很少发家庭群消息」，通常不是因为「叛逆或不听话」，更可能是？","这对我的心理健康有帮助","想保留一点自己的节奏","我需要一点点掌控感","我想被看见真实的自己","reason_0|reason_1|reason_2|reason_3","normal"
"L1-L1-03-031-e53a736e","L1","L1-03","习惯|误解","在我们家沟通里，我「周末不回家」，通常不是因为「做事没长远考虑」，更可能是？","这对我的心理健康有帮助","我想用自己的方式爱这个家","这是我表达自己的方式","我在学着对自己负责","reason_0|reason_1|reason_2|reason_3","normal"
"L1-L1-03-032-7fb4bdde","L1","L1-03","习惯|误解","我「自己做决定不先报备」，通常不是因为「故意让你们担心」，更可能是？","我在认真尝试喜欢的事","这能让我从压力里喘口气","想保留一点自己的节奏","这是我表达自己的方式","reason_0|reason_1|reason_2|reason_3","normal"
"L1-L1-03-029-e2b0322f","L1","L1-03","习惯|误解","如果只能选一个更贴近的：我「周末不回家」，通常不是因为「做事没长远考虑」，更可能是？","这对我的心理健康有帮助","我想用自己的方式爱这个家","这是我表达自己的方式","我在学着对自己负责","reason_0|reason_1|reason_2|reason_3","normal"
"L1-L1-03-030-38f25a1d","L1","L1-03","习惯|误解","最近这段时间，我「周末不回家」，通常不是因为「做事没长远考虑」，更可能是？","这对我的心理健康有帮助","我想用自己的方式爱这个家","这是我表达自己的方式","我在学着对自己负责","reason_0|reason_1|reason_2|reason_3","normal"
"L1-L1-03-033-f7168b81","L1","L1-03","习惯|误解","如果只能选一个更贴近的：我「自己做决定不先报备」，通常不是因为「故意让你们担心」，更可能是？","我在认真尝试喜欢的事","这能让我从压力里喘口气","想保留一点自己的节奏","这是我表达自己的方式","reason_0|reason_1|reason_2|reason_3","normal"
"L1-L1-03-036-8dc30820","L1","L1-03","习惯|误解","我「运动变少」，通常不是因为「叛逆或不听话」，更可能是？","我希望被当成成年人看待","我想先自己消化","我想被看见真实的自己","想保留一点自己的节奏","reason_0|reason_1|reason_2|reason_3","normal"
"L1-L1-03-037-5e7f565e","L1","L1-03","习惯|误解","如果只能选一个更贴近的：我「运动变少」，通常不是因为「叛逆或不听话」，更可能是？","我希望被当成成年人看待","我想先自己消化","我想被看见真实的自己","想保留一点自己的节奏","reason_0|reason_1|reason_2|reason_3","normal"
"L1-L1-03-034-c1e63c49","L1","L1-03","习惯|误解","最近这段时间，我「自己做决定不先报备」，通常不是因为「故意让你们担心」，更可能是？","我在认真尝试喜欢的事","这能让我从压力里喘口气","想保留一点自己的节奏","这是我表达自己的方式","reason_0|reason_1|reason_2|reason_3","normal"
"L1-L1-03-035-ed989847","L1","L1-03","习惯|误解","在我们家沟通里，我「自己做决定不先报备」，通常不是因为「故意让你们担心」，更可能是？","我在认真尝试喜欢的事","这能让我从压力里喘口气","想保留一点自己的节奏","这是我表达自己的方式","reason_0|reason_1|reason_2|reason_3","normal"
"L1-L1-03-028-d185b039","L1","L1-03","习惯|误解","我「周末不回家」，通常不是因为「做事没长远考虑」，更可能是？","这对我的心理健康有帮助","我想用自己的方式爱这个家","这是我表达自己的方式","我在学着对自己负责","reason_0|reason_1|reason_2|reason_3","normal"
"L1-L1-03-021-b5443fd6","L1","L1-03","习惯|误解","如果只能选一个更贴近的：我「喜欢戴耳机独处」，通常不是因为「浪费时间和钱」，更可能是？","我想用自己的方式爱这个家","我想被看见真实的自己","这对我的心理健康有帮助","我希望被当成成年人看待","reason_0|reason_1|reason_2|reason_3","normal"
"L1-L1-03-022-4a452354","L1","L1-03","习惯|误解","最近这段时间，我「喜欢戴耳机独处」，通常不是因为「浪费时间和钱」，更可能是？","我想用自己的方式爱这个家","我想被看见真实的自己","这对我的心理健康有帮助","我希望被当成成年人看待","reason_0|reason_1|reason_2|reason_3","normal"
"L1-L1-03-019-c97592a6","L1","L1-03","习惯|误解","在我们家沟通里，我「很少发家庭群消息」，通常不是因为「叛逆或不听话」，更可能是？","这对我的心理健康有帮助","想保留一点自己的节奏","我需要一点点掌控感","我想被看见真实的自己","reason_0|reason_1|reason_2|reason_3","normal"
"L1-L1-03-020-a992c28d","L1","L1-03","习惯|误解","我「喜欢戴耳机独处」，通常不是因为「浪费时间和钱」，更可能是？","我想用自己的方式爱这个家","我想被看见真实的自己","这对我的心理健康有帮助","我希望被当成成年人看待","reason_0|reason_1|reason_2|reason_3","normal"
"L1-L1-03-023-77ea3b88","L1","L1-03","习惯|误解","在我们家沟通里，我「喜欢戴耳机独处」，通常不是因为「浪费时间和钱」，更可能是？","我想用自己的方式爱这个家","我想被看见真实的自己","这对我的心理健康有帮助","我希望被当成成年人看待","reason_0|reason_1|reason_2|reason_3","normal"
"L1-L1-03-026-f5887312","L1","L1-03","习惯|误解","最近这段时间，我「运动变少」，通常不是因为「只顾自己玩」，更可能是？","我想先自己消化","我需要一点点掌控感","这是我表达自己的方式","我希望被当成成年人看待","reason_0|reason_1|reason_2|reason_3","normal"
"L1-L1-03-027-7f719527","L1","L1-03","习惯|误解","在我们家沟通里，我「运动变少」，通常不是因为「只顾自己玩」，更可能是？","我想先自己消化","我需要一点点掌控感","这是我表达自己的方式","我希望被当成成年人看待","reason_0|reason_1|reason_2|reason_3","normal"
"L1-L1-03-024-16424a80","L1","L1-03","习惯|误解","我「运动变少」，通常不是因为「只顾自己玩」，更可能是？","我想先自己消化","我需要一点点掌控感","这是我表达自己的方式","我希望被当成成年人看待","reason_0|reason_1|reason_2|reason_3","normal"
"L1-L1-03-025-1e5cda98","L1","L1-03","习惯|误解","如果只能选一个更贴近的：我「运动变少」，通常不是因为「只顾自己玩」，更可能是？","我想先自己消化","我需要一点点掌控感","这是我表达自己的方式","我希望被当成成年人看待","reason_0|reason_1|reason_2|reason_3","normal"
"L1-L1-02-058-1d947046","L1","L1-02","吃饭|习惯","最近这段时间，关于「只想吃清淡的」，更接近我真实想法的是？","这是我自己的节奏，别太焦虑","偶尔这样没关系，不是常态","我其实也想调整，需要温和提醒","我想先被理解，再谈改不改","autonomy|balance|support|understand","normal"
"L1-L1-02-031-b9d6588e","L1","L1-02","吃饭|习惯","在我们家沟通里，关于「想跳过某一餐」，更接近我真实想法的是？","这是我自己的节奏，别太焦虑","偶尔这样没关系，不是常态","我其实也想调整，需要温和提醒","我想先被理解，再谈改不改","autonomy|balance|support|understand","normal"
"L1-L1-02-032-15432321","L1","L1-02","吃饭|习惯","关于「深夜想吃点东西」，更接近我真实想法的是？","这是我自己的节奏，别太焦虑","偶尔这样没关系，不是常态","我其实也想调整，需要温和提醒","我想先被理解，再谈改不改","autonomy|balance|support|understand","normal"
"L1-L1-02-029-e9fe6d0a","L1","L1-02","吃饭|习惯","如果只能选一个更贴近的：关于「想跳过某一餐」，更接近我真实想法的是？","这是我自己的节奏，别太焦虑","偶尔这样没关系，不是常态","我其实也想调整，需要温和提醒","我想先被理解，再谈改不改","autonomy|balance|support|understand","normal"
"L1-L1-02-030-c69f91ab","L1","L1-02","吃饭|习惯","最近这段时间，关于「想跳过某一餐」，更接近我真实想法的是？","这是我自己的节奏，别太焦虑","偶尔这样没关系，不是常态","我其实也想调整，需要温和提醒","我想先被理解，再谈改不改","autonomy|balance|support|understand","normal"
"L1-L1-02-033-e6c7d688","L1","L1-02","吃饭|习惯","如果只能选一个更贴近的：关于「深夜想吃点东西」，更接近我真实想法的是？","这是我自己的节奏，别太焦虑","偶尔这样没关系，不是常态","我其实也想调整，需要温和提醒","我想先被理解，再谈改不改","autonomy|balance|support|understand","normal"
"L1-L1-02-036-fd9be0f6","L1","L1-02","吃饭|习惯","关于「不想吃剩菜被劝」，更接近我真实想法的是？","这是我自己的节奏，别太焦虑","偶尔这样没关系，不是常态","我其实也想调整，需要温和提醒","我想先被理解，再谈改不改","autonomy|balance|support|understand","normal"
"L1-L1-02-037-b5a9953f","L1","L1-02","吃饭|习惯","如果只能选一个更贴近的：关于「不想吃剩菜被劝」，更接近我真实想法的是？","这是我自己的节奏，别太焦虑","偶尔这样没关系，不是常态","我其实也想调整，需要温和提醒","我想先被理解，再谈改不改","autonomy|balance|support|understand","normal"
"L1-L1-02-034-b37e2bd0","L1","L1-02","吃饭|习惯","最近这段时间，关于「深夜想吃点东西」，更接近我真实想法的是？","这是我自己的节奏，别太焦虑","偶尔这样没关系，不是常态","我其实也想调整，需要温和提醒","我想先被理解，再谈改不改","autonomy|balance|support|understand","normal"
"L1-L1-02-035-72982f05","L1","L1-02","吃饭|习惯","在我们家沟通里，关于「深夜想吃点东西」，更接近我真实想法的是？","这是我自己的节奏，别太焦虑","偶尔这样没关系，不是常态","我其实也想调整，需要温和提醒","我想先被理解，再谈改不改","autonomy|balance|support|understand","normal"
"L1-L1-02-028-a21d5d14","L1","L1-02","吃饭|习惯","关于「想跳过某一餐」，更接近我真实想法的是？","这是我自己的节奏，别太焦虑","偶尔这样没关系，不是常态","我其实也想调整，需要温和提醒","我想先被理解，再谈改不改","autonomy|balance|support|understand","normal"
"L1-L1-02-021-ac3b54b3","L1","L1-02","吃饭|习惯","如果只能选一个更贴近的：关于「减脂或控制饮食」，更接近我真实想法的是？","这是我自己的节奏，别太焦虑","偶尔这样没关系，不是常态","我其实也想调整，需要温和提醒","我想先被理解，再谈改不改","autonomy|balance|support|understand","normal"
"L1-L1-02-022-2b57b8ee","L1","L1-02","吃饭|习惯","最近这段时间，关于「减脂或控制饮食」，更接近我真实想法的是？","这是我自己的节奏，别太焦虑","偶尔这样没关系，不是常态","我其实也想调整，需要温和提醒","我想先被理解，再谈改不改","autonomy|balance|support|understand","normal"
"L1-L1-02-019-b180769c","L1","L1-02","吃饭|习惯","在我们家沟通里，关于「节食后反弹焦虑」，更接近我真实想法的是？","这是我自己的节奏，别太焦虑","偶尔这样没关系，不是常态","我其实也想调整，需要温和提醒","我想先被理解，再谈改不改","autonomy|balance|support|understand","normal"
"L1-L1-02-020-bda7c872","L1","L1-02","吃饭|习惯","关于「减脂或控制饮食」，更接近我真实想法的是？","这是我自己的节奏，别太焦虑","偶尔这样没关系，不是常态","我其实也想调整，需要温和提醒","我想先被理解，再谈改不改","autonomy|balance|support|understand","normal"
"L1-L1-02-023-cc0ce686","L1","L1-02","吃饭|习惯","在我们家沟通里，关于「减脂或控制饮食」，更接近我真实想法的是？","这是我自己的节奏，别太焦虑","偶尔这样没关系，不是常态","我其实也想调整，需要温和提醒","我想先被理解，再谈改不改","autonomy|balance|support|understand","normal"
"L1-L1-02-026-b05dc4c1","L1","L1-02","吃饭|习惯","最近这段时间，关于「口味突然变了」，更接近我真实想法的是？","这是我自己的节奏，别太焦虑","偶尔这样没关系，不是常态","我其实也想调整，需要温和提醒","我想先被理解，再谈改不改","autonomy|balance|support|understand","normal"
"L1-L1-02-027-ba403315","L1","L1-02","吃饭|习惯","在我们家沟通里，关于「口味突然变了」，更接近我真实想法的是？","这是我自己的节奏，别太焦虑","偶尔这样没关系，不是常态","我其实也想调整，需要温和提醒","我想先被理解，再谈改不改","autonomy|balance|support|understand","normal"
"L1-L1-02-024-b615095f","L1","L1-02","吃饭|习惯","关于「口味突然变了」，更接近我真实想法的是？","这是我自己的节奏，别太焦虑","偶尔这样没关系，不是常态","我其实也想调整，需要温和提醒","我想先被理解，再谈改不改","autonomy|balance|support|understand","normal"
"L1-L1-02-025-14c6565e","L1","L1-02","吃饭|习惯","如果只能选一个更贴近的：关于「口味突然变了」，更接近我真实想法的是？","这是我自己的节奏，别太焦虑","偶尔这样没关系，不是常态","我其实也想调整，需要温和提醒","我想先被理解，再谈改不改","autonomy|balance|support|understand","normal"
"L1-L1-02-038-e6ec8cfd","L1","L1-02","吃饭|习惯","最近这段时间，关于「不想吃剩菜被劝」，更接近我真实想法的是？","这是我自己的节奏，别太焦虑","偶尔这样没关系，不是常态","我其实也想调整，需要温和提醒","我想先被理解，再谈改不改","autonomy|balance|support|understand","normal"
"L1-L1-02-051-2079911a","L1","L1-02","吃饭|习惯","在我们家沟通里，关于「不想按时吃饭」，更接近我真实想法的是？","这是我自己的节奏，别太焦虑","偶尔这样没关系，不是常态","我其实也想调整，需要温和提醒","我想先被理解，再谈改不改","autonomy|balance|support|understand","normal"
"L1-L1-02-052-6943d66a","L1","L1-02","吃饭|习惯","关于「想点外卖解决」，更接近我真实想法的是？","这是我自己的节奏，别太焦虑","偶尔这样没关系，不是常态","我其实也想调整，需要温和提醒","我想先被理解，再谈改不改","autonomy|balance|support|understand","normal"
"L1-L1-02-049-f704bc12","L1","L1-02","吃饭|习惯","如果只能选一个更贴近的：关于「不想按时吃饭」，更接近我真实想法的是？","这是我自己的节奏，别太焦虑","偶尔这样没关系，不是常态","我其实也想调整，需要温和提醒","我想先被理解，再谈改不改","autonomy|balance|support|understand","normal"
"L1-L1-02-050-7b9b7f2c","L1","L1-02","吃饭|习惯","最近这段时间，关于「不想按时吃饭」，更接近我真实想法的是？","这是我自己的节奏，别太焦虑","偶尔这样没关系，不是常态","我其实也想调整，需要温和提醒","我想先被理解，再谈改不改","autonomy|balance|support|understand","normal"
"L1-L1-02-053-9d6d8327","L1","L1-02","吃饭|习惯","如果只能选一个更贴近的：关于「想点外卖解决」，更接近我真实想法的是？","这是我自己的节奏，别太焦虑","偶尔这样没关系，不是常态","我其实也想调整，需要温和提醒","我想先被理解，再谈改不改","autonomy|balance|support|understand","normal"
"L1-L1-02-056-a439454c","L1","L1-02","吃饭|习惯","关于「只想吃清淡的」，更接近我真实想法的是？","这是我自己的节奏，别太焦虑","偶尔这样没关系，不是常态","我其实也想调整，需要温和提醒","我想先被理解，再谈改不改","autonomy|balance|support|understand","normal"
"L1-L1-02-057-821dc98f","L1","L1-02","吃饭|习惯","如果只能选一个更贴近的：关于「只想吃清淡的」，更接近我真实想法的是？","这是我自己的节奏，别太焦虑","偶尔这样没关系，不是常态","我其实也想调整，需要温和提醒","我想先被理解，再谈改不改","autonomy|balance|support|understand","normal"
"L1-L1-02-054-bf0404c2","L1","L1-02","吃饭|习惯","最近这段时间，关于「想点外卖解决」，更接近我真实想法的是？","这是我自己的节奏，别太焦虑","偶尔这样没关系，不是常态","我其实也想调整，需要温和提醒","我想先被理解，再谈改不改","autonomy|balance|support|understand","normal"
"L1-L1-02-055-5e6cc43f","L1","L1-02","吃饭|习惯","在我们家沟通里，关于「想点外卖解决」，更接近我真实想法的是？","这是我自己的节奏，别太焦虑","偶尔这样没关系，不是常态","我其实也想调整，需要温和提醒","我想先被理解，再谈改不改","autonomy|balance|support|understand","normal"
"L1-L1-02-048-3fdddb7c","L1","L1-02","吃饭|习惯","关于「不想按时吃饭」，更接近我真实想法的是？","这是我自己的节奏，别太焦虑","偶尔这样没关系，不是常态","我其实也想调整，需要温和提醒","我想先被理解，再谈改不改","autonomy|balance|support|understand","normal"
"L1-L1-02-041-9c7d1fe9","L1","L1-02","吃饭|习惯","如果只能选一个更贴近的：关于「肠胃不适只能喝粥」，更接近我真实想法的是？","这是我自己的节奏，别太焦虑","偶尔这样没关系，不是常态","我其实也想调整，需要温和提醒","我想先被理解，再谈改不改","autonomy|balance|support|understand","normal"
"L1-L1-02-042-25e8536c","L1","L1-02","吃饭|习惯","最近这段时间，关于「肠胃不适只能喝粥」，更接近我真实想法的是？","这是我自己的节奏，别太焦虑","偶尔这样没关系，不是常态","我其实也想调整，需要温和提醒","我想先被理解，再谈改不改","autonomy|balance|support|understand","normal"
"L1-L1-02-039-995c81fc","L1","L1-02","吃饭|习惯","在我们家沟通里，关于「不想吃剩菜被劝」，更接近我真实想法的是？","这是我自己的节奏，别太焦虑","偶尔这样没关系，不是常态","我其实也想调整，需要温和提醒","我想先被理解，再谈改不改","autonomy|balance|support|understand","normal"
"L1-L1-02-040-901ca5bc","L1","L1-02","吃饭|习惯","关于「肠胃不适只能喝粥」，更接近我真实想法的是？","这是我自己的节奏，别太焦虑","偶尔这样没关系，不是常态","我其实也想调整，需要温和提醒","我想先被理解，再谈改不改","autonomy|balance|support|understand","normal"
"L1-L1-02-043-d663ac87","L1","L1-02","吃饭|习惯","在我们家沟通里，关于「肠胃不适只能喝粥」，更接近我真实想法的是？","这是我自己的节奏，别太焦虑","偶尔这样没关系，不是常态","我其实也想调整，需要温和提醒","我想先被理解，再谈改不改","autonomy|balance|support|understand","normal"
"L1-L1-02-046-891ff136","L1","L1-02","吃饭|习惯","最近这段时间，关于「聚餐被劝酒或劝菜」，更接近我真实想法的是？","这是我自己的节奏，别太焦虑","偶尔这样没关系，不是常态","我其实也想调整，需要温和提醒","我想先被理解，再谈改不改","autonomy|balance|support|understand","normal"
"L1-L1-02-047-c48210d6","L1","L1-02","吃饭|习惯","在我们家沟通里，关于「聚餐被劝酒或劝菜」，更接近我真实想法的是？","这是我自己的节奏，别太焦虑","偶尔这样没关系，不是常态","我其实也想调整，需要温和提醒","我想先被理解，再谈改不改","autonomy|balance|support|understand","normal"
"L1-L1-02-044-a1285a4e","L1","L1-02","吃饭|习惯","关于「聚餐被劝酒或劝菜」，更接近我真实想法的是？","这是我自己的节奏，别太焦虑","偶尔这样没关系，不是常态","我其实也想调整，需要温和提醒","我想先被理解，再谈改不改","autonomy|balance|support|understand","normal"
"L1-L1-02-045-a2a6f5ab","L1","L1-02","吃饭|习惯","如果只能选一个更贴近的：关于「聚餐被劝酒或劝菜」，更接近我真实想法的是？","这是我自己的节奏，别太焦虑","偶尔这样没关系，不是常态","我其实也想调整，需要温和提醒","我想先被理解，再谈改不改","autonomy|balance|support|understand","normal"
"L1-L1-04-088-b01ae40b","L1","L1-04","作息","我「租房或缴租日附近」时，你们怎样做会让我舒服一点？","先别追问原因","发一句「我在」","给我留点吃的或热水","等我主动开口再聊","space|checkin|practical|listen","normal"
"L1-L1-04-089-d22baa91","L1","L1-04","作息","如果只能选一个更贴近的：我「租房或缴租日附近」时，你们怎样做会让我舒服一点？","先别追问原因","发一句「我在」","给我留点吃的或热水","等我主动开口再聊","space|checkin|practical|listen","normal"
"L1-L1-04-086-8ff33728","L1","L1-04","作息","最近这段时间，我「月底钱有点紧」时，你们怎样做会让我舒服一点？","先别追问原因","发一句「我在」","给我留点吃的或热水","等我主动开口再聊","space|checkin|practical|listen","normal"
"L1-L1-04-087-114b4e02","L1","L1-04","作息","在我们家沟通里，我「月底钱有点紧」时，你们怎样做会让我舒服一点？","先别追问原因","发一句「我在」","给我留点吃的或热水","等我主动开口再聊","space|checkin|practical|listen","normal"
"L1-L1-04-090-a2ab2e45","L1","L1-04","作息","最近这段时间，我「租房或缴租日附近」时，你们怎样做会让我舒服一点？","先别追问原因","发一句「我在」","给我留点吃的或热水","等我主动开口再聊","space|checkin|practical|listen","normal"
"L1-L1-04-093-2e43bb7e","L1","L1-04","作息","如果只能选一个更贴近的：我「连续上班很累」时，你们怎样做会让我舒服一点？","先别追问原因","发一句「我在」","给我留点吃的或热水","等我主动开口再聊","space|checkin|practical|listen","normal"
"L1-L1-04-094-6d398a59","L1","L1-04","作息","最近这段时间，我「连续上班很累」时，你们怎样做会让我舒服一点？","先别追问原因","发一句「我在」","给我留点吃的或热水","等我主动开口再聊","space|checkin|practical|listen","normal"
"L1-L1-04-091-ff348749","L1","L1-04","作息","在我们家沟通里，我「租房或缴租日附近」时，你们怎样做会让我舒服一点？","先别追问原因","发一句「我在」","给我留点吃的或热水","等我主动开口再聊","space|checkin|practical|listen","normal"
"L1-L1-04-092-c4dbeb97","L1","L1-04","作息","我「连续上班很累」时，你们怎样做会让我舒服一点？","先别追问原因","发一句「我在」","给我留点吃的或热水","等我主动开口再聊","space|checkin|practical|listen","normal"
"L1-L1-04-085-4bd60e2e","L1","L1-04","作息","如果只能选一个更贴近的：我「月底钱有点紧」时，你们怎样做会让我舒服一点？","先别追问原因","发一句「我在」","给我留点吃的或热水","等我主动开口再聊","space|checkin|practical|listen","normal"
"L1-L1-04-078-92363179","L1","L1-04","作息","最近这段时间，我「加班很晚回家」时，你们怎样做会让我舒服一点？","先别追问原因","发一句「我在」","给我留点吃的或热水","等我主动开口再聊","space|checkin|practical|listen","normal"
"L1-L1-04-079-89018235","L1","L1-04","作息","在我们家沟通里，我「加班很晚回家」时，你们怎样做会让我舒服一点？","先别追问原因","发一句「我在」","给我留点吃的或热水","等我主动开口再聊","space|checkin|practical|listen","normal"
"L1-L1-04-076-c0aee133","L1","L1-04","作息","我「加班很晚回家」时，你们怎样做会让我舒服一点？","先别追问原因","发一句「我在」","给我留点吃的或热水","等我主动开口再聊","space|checkin|practical|listen","normal"
"L1-L1-04-077-b50f3975","L1","L1-04","作息","如果只能选一个更贴近的：我「加班很晚回家」时，你们怎样做会让我舒服一点？","先别追问原因","发一句「我在」","给我留点吃的或热水","等我主动开口再聊","space|checkin|practical|listen","normal"
"L1-L1-04-080-e483cd2e","L1","L1-04","作息","我「独处一整天后」时，你们怎样做会让我舒服一点？","先别追问原因","发一句「我在」","给我留点吃的或热水","等我主动开口再聊","space|checkin|practical|listen","normal"
"L1-L1-04-083-808609aa","L1","L1-04","作息","在我们家沟通里，我「独处一整天后」时，你们怎样做会让我舒服一点？","先别追问原因","发一句「我在」","给我留点吃的或热水","等我主动开口再聊","space|checkin|practical|listen","normal"
"L1-L1-04-084-ee976975","L1","L1-04","作息","我「月底钱有点紧」时，你们怎样做会让我舒服一点？","先别追问原因","发一句「我在」","给我留点吃的或热水","等我主动开口再聊","space|checkin|practical|listen","normal"
"L1-L1-04-081-d835e4cb","L1","L1-04","作息","如果只能选一个更贴近的：我「独处一整天后」时，你们怎样做会让我舒服一点？","先别追问原因","发一句「我在」","给我留点吃的或热水","等我主动开口再聊","space|checkin|practical|listen","normal"
"L1-L1-04-082-1e501709","L1","L1-04","作息","最近这段时间，我「独处一整天后」时，你们怎样做会让我舒服一点？","先别追问原因","发一句「我在」","给我留点吃的或热水","等我主动开口再聊","space|checkin|practical|listen","normal"
"L1-L1-04-095-062048c9","L1","L1-04","作息","在我们家沟通里，我「连续上班很累」时，你们怎样做会让我舒服一点？","先别追问原因","发一句「我在」","给我留点吃的或热水","等我主动开口再聊","space|checkin|practical|listen","normal"
"L1-L1-04-108-1196e4f4","L1","L1-04","作息","我「网购到货很开心」时，你们怎样做会让我舒服一点？","先别追问原因","发一句「我在」","给我留点吃的或热水","等我主动开口再聊","space|checkin|practical|listen","normal"
"L1-L1-04-109-79072e08","L1","L1-04","作息","如果只能选一个更贴近的：我「网购到货很开心」时，你们怎样做会让我舒服一点？","先别追问原因","发一句「我在」","给我留点吃的或热水","等我主动开口再聊","space|checkin|practical|listen","normal"
"L1-L1-04-106-e0496f23","L1","L1-04","作息","最近这段时间，我「刚拒绝一个社交邀请」时，你们怎样做会让我舒服一点？","先别追问原因","发一句「我在」","给我留点吃的或热水","等我主动开口再聊","space|checkin|practical|listen","normal"
"L1-L1-04-107-ebb079b7","L1","L1-04","作息","在我们家沟通里，我「刚拒绝一个社交邀请」时，你们怎样做会让我舒服一点？","先别追问原因","发一句「我在」","给我留点吃的或热水","等我主动开口再聊","space|checkin|practical|listen","normal"
"L1-L1-04-110-547b5a5a","L1","L1-04","作息","最近这段时间，我「网购到货很开心」时，你们怎样做会让我舒服一点？","先别追问原因","发一句「我在」","给我留点吃的或热水","等我主动开口再聊","space|checkin|practical|listen","normal"
"L1-L1-04-113-f3debca9","L1","L1-04","作息","如果只能选一个更贴近的：我「看牙医或体检前后」时，你们怎样做会让我舒服一点？","先别追问原因","发一句「我在」","给我留点吃的或热水","等我主动开口再聊","space|checkin|practical|listen","normal"
"L1-L1-04-114-f7ea343d","L1","L1-04","作息","最近这段时间，我「看牙医或体检前后」时，你们怎样做会让我舒服一点？","先别追问原因","发一句「我在」","给我留点吃的或热水","等我主动开口再聊","space|checkin|practical|listen","normal"
"L1-L1-04-111-0639c990","L1","L1-04","作息","在我们家沟通里，我「网购到货很开心」时，你们怎样做会让我舒服一点？","先别追问原因","发一句「我在」","给我留点吃的或热水","等我主动开口再聊","space|checkin|practical|listen","normal"
"L1-L1-04-112-3f861e71","L1","L1-04","作息","我「看牙医或体检前后」时，你们怎样做会让我舒服一点？","先别追问原因","发一句「我在」","给我留点吃的或热水","等我主动开口再聊","space|checkin|practical|listen","normal"
"L1-L1-04-105-d79cf461","L1","L1-04","作息","如果只能选一个更贴近的：我「刚拒绝一个社交邀请」时，你们怎样做会让我舒服一点？","先别追问原因","发一句「我在」","给我留点吃的或热水","等我主动开口再聊","space|checkin|practical|listen","normal"
"L1-L1-04-098-0cefa578","L1","L1-04","作息","最近这段时间，我「周末想宅在家」时，你们怎样做会让我舒服一点？","先别追问原因","发一句「我在」","给我留点吃的或热水","等我主动开口再聊","space|checkin|practical|listen","normal"
"L1-L1-04-099-965f8cc0","L1","L1-04","作息","在我们家沟通里，我「周末想宅在家」时，你们怎样做会让我舒服一点？","先别追问原因","发一句「我在」","给我留点吃的或热水","等我主动开口再聊","space|checkin|practical|listen","normal"
"L1-L1-04-096-7c135b7b","L1","L1-04","作息","我「周末想宅在家」时，你们怎样做会让我舒服一点？","先别追问原因","发一句「我在」","给我留点吃的或热水","等我主动开口再聊","space|checkin|practical|listen","normal"
"L1-L1-04-097-edf5ceba","L1","L1-04","作息","如果只能选一个更贴近的：我「周末想宅在家」时，你们怎样做会让我舒服一点？","先别追问原因","发一句「我在」","给我留点吃的或热水","等我主动开口再聊","space|checkin|practical|listen","normal"
"L1-L1-04-100-8cb1f3d7","L1","L1-04","作息","我「周末被临时叫回家」时，你们怎样做会让我舒服一点？","先别追问原因","发一句「我在」","给我留点吃的或热水","等我主动开口再聊","space|checkin|practical|listen","normal"
"L1-L1-04-103-a2d329c9","L1","L1-04","作息","在我们家沟通里，我「周末被临时叫回家」时，你们怎样做会让我舒服一点？","先别追问原因","发一句「我在」","给我留点吃的或热水","等我主动开口再聊","space|checkin|practical|listen","normal"
"L1-L1-04-104-e8fd98a3","L1","L1-04","作息","我「刚拒绝一个社交邀请」时，你们怎样做会让我舒服一点？","先别追问原因","发一句「我在」","给我留点吃的或热水","等我主动开口再聊","space|checkin|practical|listen","normal"
"L1-L1-04-101-d8eb13a5","L1","L1-04","作息","如果只能选一个更贴近的：我「周末被临时叫回家」时，你们怎样做会让我舒服一点？","先别追问原因","发一句「我在」","给我留点吃的或热水","等我主动开口再聊","space|checkin|practical|listen","normal"
"L1-L1-04-102-2db97ed7","L1","L1-04","作息","最近这段时间，我「周末被临时叫回家」时，你们怎样做会让我舒服一点？","先别追问原因","发一句「我在」","给我留点吃的或热水","等我主动开口再聊","space|checkin|practical|listen","normal"
"L1-L1-04-075-c8e58a7e","L1","L1-04","作息","在我们家沟通里，我「早上起不来」时，你们怎样做会让我舒服一点？","先别追问原因","发一句「我在」","给我留点吃的或热水","等我主动开口再聊","space|checkin|practical|listen","normal"
"L1-L1-04-048-79a68e43","L1","L1-04","作息","我「计划被雨天打乱」时，你们怎样做会让我舒服一点？","先别追问原因","发一句「我在」","给我留点吃的或热水","等我主动开口再聊","space|checkin|practical|listen","normal"
"L1-L1-04-049-1c587fcc","L1","L1-04","作息","如果只能选一个更贴近的：我「计划被雨天打乱」时，你们怎样做会让我舒服一点？","先别追问原因","发一句「我在」","给我留点吃的或热水","等我主动开口再聊","space|checkin|practical|listen","normal"
"L1-L1-04-046-9b7142a3","L1","L1-04","作息","最近这段时间，我「和同事发生小摩擦后」时，你们怎样做会让我舒服一点？","先别追问原因","发一句「我在」","给我留点吃的或热水","等我主动开口再聊","space|checkin|practical|listen","normal"
"L1-L1-04-047-7a5849d7","L1","L1-04","作息","在我们家沟通里，我「和同事发生小摩擦后」时，你们怎样做会让我舒服一点？","先别追问原因","发一句「我在」","给我留点吃的或热水","等我主动开口再聊","space|checkin|practical|listen","normal"
"L1-L1-04-050-2611c770","L1","L1-04","作息","最近这段时间，我「计划被雨天打乱」时，你们怎样做会让我舒服一点？","先别追问原因","发一句「我在」","给我留点吃的或热水","等我主动开口再聊","space|checkin|practical|listen","normal"
"L1-L1-04-053-6feb6f56","L1","L1-04","作息","如果只能选一个更贴近的：我「熬夜赶东西」时，你们怎样做会让我舒服一点？","先别追问原因","发一句「我在」","给我留点吃的或热水","等我主动开口再聊","space|checkin|practical|listen","normal"
"L1-L1-04-054-d72c15ed","L1","L1-04","作息","最近这段时间，我「熬夜赶东西」时，你们怎样做会让我舒服一点？","先别追问原因","发一句「我在」","给我留点吃的或热水","等我主动开口再聊","space|checkin|practical|listen","normal"
"L1-L1-04-051-73d0174d","L1","L1-04","作息","在我们家沟通里，我「计划被雨天打乱」时，你们怎样做会让我舒服一点？","先别追问原因","发一句「我在」","给我留点吃的或热水","等我主动开口再聊","space|checkin|practical|listen","normal"
"L1-L1-04-052-c36ac6b8","L1","L1-04","作息","我「熬夜赶东西」时，你们怎样做会让我舒服一点？","先别追问原因","发一句「我在」","给我留点吃的或热水","等我主动开口再聊","space|checkin|practical|listen","normal"
"L1-L1-04-045-26818dac","L1","L1-04","作息","如果只能选一个更贴近的：我「和同事发生小摩擦后」时，你们怎样做会让我舒服一点？","先别追问原因","发一句「我在」","给我留点吃的或热水","等我主动开口再聊","space|checkin|practical|listen","normal"
"L1-L1-04-038-018c1518","L1","L1-04","作息","最近这段时间，我「生病不太舒服」时，你们怎样做会让我舒服一点？","先别追问原因","发一句「我在」","给我留点吃的或热水","等我主动开口再聊","space|checkin|practical|listen","normal"
"L1-L1-04-039-efb13cfb","L1","L1-04","作息","在我们家沟通里，我「生病不太舒服」时，你们怎样做会让我舒服一点？","先别追问原因","发一句「我在」","给我留点吃的或热水","等我主动开口再聊","space|checkin|practical|listen","normal"
"L1-L1-04-036-628ca331","L1","L1-04","作息","我「生病不太舒服」时，你们怎样做会让我舒服一点？","先别追问原因","发一句「我在」","给我留点吃的或热水","等我主动开口再聊","space|checkin|practical|listen","normal"
"L1-L1-04-037-4d7bd698","L1","L1-04","作息","如果只能选一个更贴近的：我「生病不太舒服」时，你们怎样做会让我舒服一点？","先别追问原因","发一句「我在」","给我留点吃的或热水","等我主动开口再聊","space|checkin|practical|listen","normal"
"L1-L1-04-040-68f61d4e","L1","L1-04","作息","我「刷到让自己emo的内容」时，你们怎样做会让我舒服一点？","先别追问原因","发一句「我在」","给我留点吃的或热水","等我主动开口再聊","space|checkin|practical|listen","normal"
"L1-L1-04-043-103269aa","L1","L1-04","作息","在我们家沟通里，我「刷到让自己emo的内容」时，你们怎样做会让我舒服一点？","先别追问原因","发一句「我在」","给我留点吃的或热水","等我主动开口再聊","space|checkin|practical|listen","normal"
"L1-L1-04-044-2b1f2ec9","L1","L1-04","作息","我「和同事发生小摩擦后」时，你们怎样做会让我舒服一点？","先别追问原因","发一句「我在」","给我留点吃的或热水","等我主动开口再聊","space|checkin|practical|listen","normal"
"L1-L1-04-041-f96185e4","L1","L1-04","作息","如果只能选一个更贴近的：我「刷到让自己emo的内容」时，你们怎样做会让我舒服一点？","先别追问原因","发一句「我在」","给我留点吃的或热水","等我主动开口再聊","space|checkin|practical|listen","normal"
"L1-L1-04-042-dd57a3da","L1","L1-04","作息","最近这段时间，我「刷到让自己emo的内容」时，你们怎样做会让我舒服一点？","先别追问原因","发一句「我在」","给我留点吃的或热水","等我主动开口再聊","space|checkin|practical|listen","normal"
"L1-L1-04-055-c7042baf","L1","L1-04","作息","在我们家沟通里，我「熬夜赶东西」时，你们怎样做会让我舒服一点？","先别追问原因","发一句「我在」","给我留点吃的或热水","等我主动开口再聊","space|checkin|practical|listen","normal"
"L1-L1-04-068-9d18f6b7","L1","L1-04","作息","我「换季容易不舒服」时，你们怎样做会让我舒服一点？","先别追问原因","发一句「我在」","给我留点吃的或热水","等我主动开口再聊","space|checkin|practical|listen","normal"
"L1-L1-04-069-0f5c1928","L1","L1-04","作息","如果只能选一个更贴近的：我「换季容易不舒服」时，你们怎样做会让我舒服一点？","先别追问原因","发一句「我在」","给我留点吃的或热水","等我主动开口再聊","space|checkin|practical|listen","normal"
"L1-L1-04-066-f98d5177","L1","L1-04","作息","最近这段时间，我「突然收到坏消息」时，你们怎样做会让我舒服一点？","先别追问原因","发一句「我在」","给我留点吃的或热水","等我主动开口再聊","space|checkin|practical|listen","normal"
"L1-L1-04-067-f6c1bedd","L1","L1-04","作息","在我们家沟通里，我「突然收到坏消息」时，你们怎样做会让我舒服一点？","先别追问原因","发一句「我在」","给我留点吃的或热水","等我主动开口再聊","space|checkin|practical|listen","normal"
"L1-L1-04-070-be508cb5","L1","L1-04","作息","最近这段时间，我「换季容易不舒服」时，你们怎样做会让我舒服一点？","先别追问原因","发一句「我在」","给我留点吃的或热水","等我主动开口再聊","space|checkin|practical|listen","normal"
"L1-L1-04-073-6a8164a8","L1","L1-04","作息","如果只能选一个更贴近的：我「早上起不来」时，你们怎样做会让我舒服一点？","先别追问原因","发一句「我在」","给我留点吃的或热水","等我主动开口再聊","space|checkin|practical|listen","normal"
"L1-L1-04-074-5e32080b","L1","L1-04","作息","最近这段时间，我「早上起不来」时，你们怎样做会让我舒服一点？","先别追问原因","发一句「我在」","给我留点吃的或热水","等我主动开口再聊","space|checkin|practical|listen","normal"
"L1-L1-04-071-01ac2de0","L1","L1-04","作息","在我们家沟通里，我「换季容易不舒服」时，你们怎样做会让我舒服一点？","先别追问原因","发一句「我在」","给我留点吃的或热水","等我主动开口再聊","space|checkin|practical|listen","normal"
"L1-L1-04-072-fe6dbf6f","L1","L1-04","作息","我「早上起不来」时，你们怎样做会让我舒服一点？","先别追问原因","发一句「我在」","给我留点吃的或热水","等我主动开口再聊","space|checkin|practical|listen","normal"
"L1-L1-04-065-88d2067e","L1","L1-04","作息","如果只能选一个更贴近的：我「突然收到坏消息」时，你们怎样做会让我舒服一点？","先别追问原因","发一句「我在」","给我留点吃的或热水","等我主动开口再聊","space|checkin|practical|listen","normal"
"L1-L1-04-058-3a5ccbf8","L1","L1-04","作息","最近这段时间，我「刚结束一段忙碌」时，你们怎样做会让我舒服一点？","先别追问原因","发一句「我在」","给我留点吃的或热水","等我主动开口再聊","space|checkin|practical|listen","normal"
"L1-L1-04-059-361bf71f","L1","L1-04","作息","在我们家沟通里，我「刚结束一段忙碌」时，你们怎样做会让我舒服一点？","先别追问原因","发一句「我在」","给我留点吃的或热水","等我主动开口再聊","space|checkin|practical|listen","normal"
"L1-L1-04-056-ec75c3bc","L1","L1-04","作息","我「刚结束一段忙碌」时，你们怎样做会让我舒服一点？","先别追问原因","发一句「我在」","给我留点吃的或热水","等我主动开口再聊","space|checkin|practical|listen","normal"
"L1-L1-04-057-8ce4a90e","L1","L1-04","作息","如果只能选一个更贴近的：我「刚结束一段忙碌」时，你们怎样做会让我舒服一点？","先别追问原因","发一句「我在」","给我留点吃的或热水","等我主动开口再聊","space|checkin|practical|listen","normal"
"L1-L1-04-060-2ea3b955","L1","L1-04","作息","我「一个人在外吃饭」时，你们怎样做会让我舒服一点？","先别追问原因","发一句「我在」","给我留点吃的或热水","等我主动开口再聊","space|checkin|practical|listen","normal"
"L1-L1-04-063-9f95fae1","L1","L1-04","作息","在我们家沟通里，我「一个人在外吃饭」时，你们怎样做会让我舒服一点？","先别追问原因","发一句「我在」","给我留点吃的或热水","等我主动开口再聊","space|checkin|practical|listen","normal"
"L1-L1-04-064-6e15e18d","L1","L1-04","作息","我「突然收到坏消息」时，你们怎样做会让我舒服一点？","先别追问原因","发一句「我在」","给我留点吃的或热水","等我主动开口再聊","space|checkin|practical|listen","normal"
"L1-L1-04-061-dd41f1bb","L1","L1-04","作息","如果只能选一个更贴近的：我「一个人在外吃饭」时，你们怎样做会让我舒服一点？","先别追问原因","发一句「我在」","给我留点吃的或热水","等我主动开口再聊","space|checkin|practical|listen","normal"
"L1-L1-04-062-1dec2d63","L1","L1-04","作息","最近这段时间，我「一个人在外吃饭」时，你们怎样做会让我舒服一点？","先别追问原因","发一句「我在」","给我留点吃的或热水","等我主动开口再聊","space|checkin|practical|listen","normal"
"L1-L1-05-011-99e78df3","L1","L1-05","消费|习惯","在我们家沟通里，如果我「请朋友吃饭」，我更希望你们的第一反应是？","先问问我为什么喜欢","相信我有预算概念","提醒即可，别否定","一起看看值不值得","curious|trust|soft|discuss","normal"
"L1-L1-05-012-91e57047","L1","L1-05","消费|习惯","如果我「为穿搭或外观花钱」，我更希望你们的第一反应是？","先问问我为什么喜欢","相信我有预算概念","提醒即可，别否定","一起看看值不值得","curious|trust|soft|discuss","normal"
"L1-L1-05-009-b76e5963","L1","L1-05","消费|习惯","如果只能选一个更贴近的：如果我「请朋友吃饭」，我更希望你们的第一反应是？","先问问我为什么喜欢","相信我有预算概念","提醒即可，别否定","一起看看值不值得","curious|trust|soft|discuss","normal"
"L1-L1-05-010-a1a1b8df","L1","L1-05","消费|习惯","最近这段时间，如果我「请朋友吃饭」，我更希望你们的第一反应是？","先问问我为什么喜欢","相信我有预算概念","提醒即可，别否定","一起看看值不值得","curious|trust|soft|discuss","normal"
"L1-L1-05-013-89433678","L1","L1-05","消费|习惯","如果只能选一个更贴近的：如果我「为穿搭或外观花钱」，我更希望你们的第一反应是？","先问问我为什么喜欢","相信我有预算概念","提醒即可，别否定","一起看看值不值得","curious|trust|soft|discuss","normal"
"L1-L1-05-016-98f86f90","L1","L1-05","消费|习惯","如果我「换手机或数码产品」，我更希望你们的第一反应是？","先问问我为什么喜欢","相信我有预算概念","提醒即可，别否定","一起看看值不值得","curious|trust|soft|discuss","normal"
"L1-L1-05-017-4ad37299","L1","L1-05","消费|习惯","如果只能选一个更贴近的：如果我「换手机或数码产品」，我更希望你们的第一反应是？","先问问我为什么喜欢","相信我有预算概念","提醒即可，别否定","一起看看值不值得","curious|trust|soft|discuss","normal"
"L1-L1-05-014-80b8d072","L1","L1-05","消费|习惯","最近这段时间，如果我「为穿搭或外观花钱」，我更希望你们的第一反应是？","先问问我为什么喜欢","相信我有预算概念","提醒即可，别否定","一起看看值不值得","curious|trust|soft|discuss","normal"
"L1-L1-05-015-f90a50af","L1","L1-05","消费|习惯","在我们家沟通里，如果我「为穿搭或外观花钱」，我更希望你们的第一反应是？","先问问我为什么喜欢","相信我有预算概念","提醒即可，别否定","一起看看值不值得","curious|trust|soft|discuss","normal"
"L1-L1-05-008-86999379","L1","L1-05","消费|习惯","如果我「请朋友吃饭」，我更希望你们的第一反应是？","先问问我为什么喜欢","相信我有预算概念","提醒即可，别否定","一起看看值不值得","curious|trust|soft|discuss","normal"
"L1-L1-05-001-dc7d3908","L1","L1-05","消费|习惯","如果只能选一个更贴近的：如果我「和朋友平摊聚餐」，我更希望你们的第一反应是？","先问问我为什么喜欢","相信我有预算概念","提醒即可，别否定","一起看看值不值得","curious|trust|soft|discuss","normal"
"L1-L1-05-002-34efb65e","L1","L1-05","消费|习惯","最近这段时间，如果我「和朋友平摊聚餐」，我更希望你们的第一反应是？","先问问我为什么喜欢","相信我有预算概念","提醒即可，别否定","一起看看值不值得","curious|trust|soft|discuss","normal"
"L1-L1-04-155-a3b2f91c","L1","L1-04","作息","在我们家沟通里，我「被临时安排加班」时，你们怎样做会让我舒服一点？","先别追问原因","发一句「我在」","给我留点吃的或热水","等我主动开口再聊","space|checkin|practical|listen","normal"
"L1-L1-05-000-598a0229","L1","L1-05","消费|习惯","如果我「和朋友平摊聚餐」，我更希望你们的第一反应是？","先问问我为什么喜欢","相信我有预算概念","提醒即可，别否定","一起看看值不值得","curious|trust|soft|discuss","normal"
"L1-L1-05-003-75cd20fe","L1","L1-05","消费|习惯","在我们家沟通里，如果我「和朋友平摊聚餐」，我更希望你们的第一反应是？","先问问我为什么喜欢","相信我有预算概念","提醒即可，别否定","一起看看值不值得","curious|trust|soft|discuss","normal"
"L1-L1-05-006-0291a3a3","L1","L1-05","消费|习惯","最近这段时间，如果我「报一个兴趣班或课程」，我更希望你们的第一反应是？","先问问我为什么喜欢","相信我有预算概念","提醒即可，别否定","一起看看值不值得","curious|trust|soft|discuss","normal"
"L1-L1-05-007-447582fb","L1","L1-05","消费|习惯","在我们家沟通里，如果我「报一个兴趣班或课程」，我更希望你们的第一反应是？","先问问我为什么喜欢","相信我有预算概念","提醒即可，别否定","一起看看值不值得","curious|trust|soft|discuss","normal"
"L1-L1-05-004-a92fedda","L1","L1-05","消费|习惯","如果我「报一个兴趣班或课程」，我更希望你们的第一反应是？","先问问我为什么喜欢","相信我有预算概念","提醒即可，别否定","一起看看值不值得","curious|trust|soft|discuss","normal"
"L1-L1-05-005-d78a66e5","L1","L1-05","消费|习惯","如果只能选一个更贴近的：如果我「报一个兴趣班或课程」，我更希望你们的第一反应是？","先问问我为什么喜欢","相信我有预算概念","提醒即可，别否定","一起看看值不值得","curious|trust|soft|discuss","normal"
"L1-L1-05-018-d1fe0c57","L1","L1-05","消费|习惯","最近这段时间，如果我「换手机或数码产品」，我更希望你们的第一反应是？","先问问我为什么喜欢","相信我有预算概念","提醒即可，别否定","一起看看值不值得","curious|trust|soft|discuss","normal"
"L1-L1-05-031-3ba0d291","L1","L1-05","消费|习惯","在我们家沟通里，如果我「订阅会员或工具」，我更希望你们的第一反应是？","先问问我为什么喜欢","相信我有预算概念","提醒即可，别否定","一起看看值不值得","curious|trust|soft|discuss","normal"
"L1-L1-05-032-41208ee1","L1","L1-05","消费|习惯","如果我「搬家相关开销」，我更希望你们的第一反应是？","先问问我为什么喜欢","相信我有预算概念","提醒即可，别否定","一起看看值不值得","curious|trust|soft|discuss","normal"
"L1-L1-05-029-9b6d60e5","L1","L1-05","消费|习惯","如果只能选一个更贴近的：如果我「订阅会员或工具」，我更希望你们的第一反应是？","先问问我为什么喜欢","相信我有预算概念","提醒即可，别否定","一起看看值不值得","curious|trust|soft|discuss","normal"
"L1-L1-05-030-1954ffc0","L1","L1-05","消费|习惯","最近这段时间，如果我「订阅会员或工具」，我更希望你们的第一反应是？","先问问我为什么喜欢","相信我有预算概念","提醒即可，别否定","一起看看值不值得","curious|trust|soft|discuss","normal"
"L1-L1-05-033-2833cf09","L1","L1-05","消费|习惯","如果只能选一个更贴近的：如果我「搬家相关开销」，我更希望你们的第一反应是？","先问问我为什么喜欢","相信我有预算概念","提醒即可，别否定","一起看看值不值得","curious|trust|soft|discuss","normal"
"L1-L1-05-036-51002a63","L1","L1-05","消费|习惯","如果我「旅行花一笔预算」，我更希望你们的第一反应是？","先问问我为什么喜欢","相信我有预算概念","提醒即可，别否定","一起看看值不值得","curious|trust|soft|discuss","normal"
"L1-L1-05-037-5db253f4","L1","L1-05","消费|习惯","如果只能选一个更贴近的：如果我「旅行花一笔预算」，我更希望你们的第一反应是？","先问问我为什么喜欢","相信我有预算概念","提醒即可，别否定","一起看看值不值得","curious|trust|soft|discuss","normal"
"L1-L1-05-034-7a60234c","L1","L1-05","消费|习惯","最近这段时间，如果我「搬家相关开销」，我更希望你们的第一反应是？","先问问我为什么喜欢","相信我有预算概念","提醒即可，别否定","一起看看值不值得","curious|trust|soft|discuss","normal"
"L1-L1-05-035-bfc69e48","L1","L1-05","消费|习惯","在我们家沟通里，如果我「搬家相关开销」，我更希望你们的第一反应是？","先问问我为什么喜欢","相信我有预算概念","提醒即可，别否定","一起看看值不值得","curious|trust|soft|discuss","normal"
"L1-L1-05-028-3cc4345f","L1","L1-05","消费|习惯","如果我「订阅会员或工具」，我更希望你们的第一反应是？","先问问我为什么喜欢","相信我有预算概念","提醒即可，别否定","一起看看值不值得","curious|trust|soft|discuss","normal"
"L1-L1-05-021-bc2d5371","L1","L1-05","消费|习惯","如果只能选一个更贴近的：如果我「买一件非必需但很喜欢的东西」，我更希望你们的第一反应是？","先问问我为什么喜欢","相信我有预算概念","提醒即可，别否定","一起看看值不值得","curious|trust|soft|discuss","normal"
"L1-L1-05-022-440dd921","L1","L1-05","消费|习惯","最近这段时间，如果我「买一件非必需但很喜欢的东西」，我更希望你们的第一反应是？","先问问我为什么喜欢","相信我有预算概念","提醒即可，别否定","一起看看值不值得","curious|trust|soft|discuss","normal"
"L1-L1-05-019-88279d24","L1","L1-05","消费|习惯","在我们家沟通里，如果我「换手机或数码产品」，我更希望你们的第一反应是？","先问问我为什么喜欢","相信我有预算概念","提醒即可，别否定","一起看看值不值得","curious|trust|soft|discuss","normal"
"L1-L1-05-020-adbe198e","L1","L1-05","消费|习惯","如果我「买一件非必需但很喜欢的东西」，我更希望你们的第一反应是？","先问问我为什么喜欢","相信我有预算概念","提醒即可，别否定","一起看看值不值得","curious|trust|soft|discuss","normal"
"L1-L1-05-023-18f25532","L1","L1-05","消费|习惯","在我们家沟通里，如果我「买一件非必需但很喜欢的东西」，我更希望你们的第一反应是？","先问问我为什么喜欢","相信我有预算概念","提醒即可，别否定","一起看看值不值得","curious|trust|soft|discuss","normal"
"L1-L1-05-026-345f9a1c","L1","L1-05","消费|习惯","最近这段时间，如果我「为情绪价值买单」，我更希望你们的第一反应是？","先问问我为什么喜欢","相信我有预算概念","提醒即可，别否定","一起看看值不值得","curious|trust|soft|discuss","normal"
"L1-L1-05-027-09c14910","L1","L1-05","消费|习惯","在我们家沟通里，如果我「为情绪价值买单」，我更希望你们的第一反应是？","先问问我为什么喜欢","相信我有预算概念","提醒即可，别否定","一起看看值不值得","curious|trust|soft|discuss","normal"
"L1-L1-05-024-bf64a0fb","L1","L1-05","消费|习惯","如果我「为情绪价值买单」，我更希望你们的第一反应是？","先问问我为什么喜欢","相信我有预算概念","提醒即可，别否定","一起看看值不值得","curious|trust|soft|discuss","normal"
"L1-L1-05-025-34035994","L1","L1-05","消费|习惯","如果只能选一个更贴近的：如果我「为情绪价值买单」，我更希望你们的第一反应是？","先问问我为什么喜欢","相信我有预算概念","提醒即可，别否定","一起看看值不值得","curious|trust|soft|discuss","normal"
"L1-L1-04-154-cf841791","L1","L1-04","作息","最近这段时间，我「被临时安排加班」时，你们怎样做会让我舒服一点？","先别追问原因","发一句「我在」","给我留点吃的或热水","等我主动开口再聊","space|checkin|practical|listen","normal"
"L1-L1-04-127-3c1c744c","L1","L1-04","作息","在我们家沟通里，我「发工资后几天」时，你们怎样做会让我舒服一点？","先别追问原因","发一句「我在」","给我留点吃的或热水","等我主动开口再聊","space|checkin|practical|listen","normal"
"L1-L1-04-128-b33b199b","L1","L1-04","作息","我「旅行在路上」时，你们怎样做会让我舒服一点？","先别追问原因","发一句「我在」","给我留点吃的或热水","等我主动开口再聊","space|checkin|practical|listen","normal"
"L1-L1-04-125-c2708f15","L1","L1-04","作息","如果只能选一个更贴近的：我「发工资后几天」时，你们怎样做会让我舒服一点？","先别追问原因","发一句「我在」","给我留点吃的或热水","等我主动开口再聊","space|checkin|practical|listen","normal"
"L1-L1-04-126-bdb05505","L1","L1-04","作息","最近这段时间，我「发工资后几天」时，你们怎样做会让我舒服一点？","先别追问原因","发一句「我在」","给我留点吃的或热水","等我主动开口再聊","space|checkin|practical|listen","normal"
"L1-L1-04-129-35604281","L1","L1-04","作息","如果只能选一个更贴近的：我「旅行在路上」时，你们怎样做会让我舒服一点？","先别追问原因","发一句「我在」","给我留点吃的或热水","等我主动开口再聊","space|checkin|practical|listen","normal"
"L1-L1-04-132-8df21646","L1","L1-04","作息","我「约会或社交后回来」时，你们怎样做会让我舒服一点？","先别追问原因","发一句「我在」","给我留点吃的或热水","等我主动开口再聊","space|checkin|practical|listen","normal"
"L1-L1-04-133-8e7c0b07","L1","L1-04","作息","如果只能选一个更贴近的：我「约会或社交后回来」时，你们怎样做会让我舒服一点？","先别追问原因","发一句「我在」","给我留点吃的或热水","等我主动开口再聊","space|checkin|practical|listen","normal"
"L1-L1-04-130-15f46471","L1","L1-04","作息","最近这段时间，我「旅行在路上」时，你们怎样做会让我舒服一点？","先别追问原因","发一句「我在」","给我留点吃的或热水","等我主动开口再聊","space|checkin|practical|listen","normal"
"L1-L1-04-131-f5ab9397","L1","L1-04","作息","在我们家沟通里，我「旅行在路上」时，你们怎样做会让我舒服一点？","先别追问原因","发一句「我在」","给我留点吃的或热水","等我主动开口再聊","space|checkin|practical|listen","normal"
"L1-L1-04-124-b907e41a","L1","L1-04","作息","我「发工资后几天」时，你们怎样做会让我舒服一点？","先别追问原因","发一句「我在」","给我留点吃的或热水","等我主动开口再聊","space|checkin|practical|listen","normal"
"L1-L1-04-117-90649612","L1","L1-04","作息","如果只能选一个更贴近的：我「刚吵完架还在余怒」时，你们怎样做会让我舒服一点？","先别追问原因","发一句「我在」","给我留点吃的或热水","等我主动开口再聊","space|checkin|practical|listen","normal"
"L1-L1-04-118-a4fe20fa","L1","L1-04","作息","最近这段时间，我「刚吵完架还在余怒」时，你们怎样做会让我舒服一点？","先别追问原因","发一句「我在」","给我留点吃的或热水","等我主动开口再聊","space|checkin|practical|listen","normal"
"L1-L1-04-115-49b6f18d","L1","L1-04","作息","在我们家沟通里，我「看牙医或体检前后」时，你们怎样做会让我舒服一点？","先别追问原因","发一句「我在」","给我留点吃的或热水","等我主动开口再聊","space|checkin|practical|listen","normal"
"L1-L1-04-116-7caf96af","L1","L1-04","作息","我「刚吵完架还在余怒」时，你们怎样做会让我舒服一点？","先别追问原因","发一句「我在」","给我留点吃的或热水","等我主动开口再聊","space|checkin|practical|listen","normal"
"L1-L1-04-119-271059ec","L1","L1-04","作息","在我们家沟通里，我「刚吵完架还在余怒」时，你们怎样做会让我舒服一点？","先别追问原因","发一句「我在」","给我留点吃的或热水","等我主动开口再聊","space|checkin|practical|listen","normal"
"L1-L1-04-122-f8251b83","L1","L1-04","作息","最近这段时间，我「学会一个新技能后」时，你们怎样做会让我舒服一点？","先别追问原因","发一句「我在」","给我留点吃的或热水","等我主动开口再聊","space|checkin|practical|listen","normal"
"L1-L1-04-123-bce07bee","L1","L1-04","作息","在我们家沟通里，我「学会一个新技能后」时，你们怎样做会让我舒服一点？","先别追问原因","发一句「我在」","给我留点吃的或热水","等我主动开口再聊","space|checkin|practical|listen","normal"
"L1-L1-04-120-8feb1ed5","L1","L1-04","作息","我「学会一个新技能后」时，你们怎样做会让我舒服一点？","先别追问原因","发一句「我在」","给我留点吃的或热水","等我主动开口再聊","space|checkin|practical|listen","normal"
"L1-L1-04-121-be76f6b7","L1","L1-04","作息","如果只能选一个更贴近的：我「学会一个新技能后」时，你们怎样做会让我舒服一点？","先别追问原因","发一句「我在」","给我留点吃的或热水","等我主动开口再聊","space|checkin|practical|listen","normal"
"L1-L1-04-134-d0b92861","L1","L1-04","作息","最近这段时间，我「约会或社交后回来」时，你们怎样做会让我舒服一点？","先别追问原因","发一句「我在」","给我留点吃的或热水","等我主动开口再聊","space|checkin|practical|listen","normal"
"L1-L1-04-147-e53e90e9","L1","L1-04","作息","在我们家沟通里，我「搬家或换环境」时，你们怎样做会让我舒服一点？","先别追问原因","发一句「我在」","给我留点吃的或热水","等我主动开口再聊","space|checkin|practical|listen","normal"
"L1-L1-04-148-9626b87b","L1","L1-04","作息","我「突然很想家」时，你们怎样做会让我舒服一点？","先别追问原因","发一句「我在」","给我留点吃的或热水","等我主动开口再聊","space|checkin|practical|listen","normal"
"L1-L1-04-145-275e9b4f","L1","L1-04","作息","如果只能选一个更贴近的：我「搬家或换环境」时，你们怎样做会让我舒服一点？","先别追问原因","发一句「我在」","给我留点吃的或热水","等我主动开口再聊","space|checkin|practical|listen","normal"
"L1-L1-04-146-d834044e","L1","L1-04","作息","最近这段时间，我「搬家或换环境」时，你们怎样做会让我舒服一点？","先别追问原因","发一句「我在」","给我留点吃的或热水","等我主动开口再聊","space|checkin|practical|listen","normal"
"L1-L1-04-149-8bb4fec1","L1","L1-04","作息","如果只能选一个更贴近的：我「突然很想家」时，你们怎样做会让我舒服一点？","先别追问原因","发一句「我在」","给我留点吃的或热水","等我主动开口再聊","space|checkin|practical|listen","normal"
"L1-L1-04-152-462422c6","L1","L1-04","作息","我「被临时安排加班」时，你们怎样做会让我舒服一点？","先别追问原因","发一句「我在」","给我留点吃的或热水","等我主动开口再聊","space|checkin|practical|listen","normal"
"L1-L1-04-153-3a03182b","L1","L1-04","作息","如果只能选一个更贴近的：我「被临时安排加班」时，你们怎样做会让我舒服一点？","先别追问原因","发一句「我在」","给我留点吃的或热水","等我主动开口再聊","space|checkin|practical|listen","normal"
"L1-L1-04-150-db82a1b6","L1","L1-04","作息","最近这段时间，我「突然很想家」时，你们怎样做会让我舒服一点？","先别追问原因","发一句「我在」","给我留点吃的或热水","等我主动开口再聊","space|checkin|practical|listen","normal"
"L1-L1-04-151-0c75cc2d","L1","L1-04","作息","在我们家沟通里，我「突然很想家」时，你们怎样做会让我舒服一点？","先别追问原因","发一句「我在」","给我留点吃的或热水","等我主动开口再聊","space|checkin|practical|listen","normal"
"L1-L1-04-144-fd829144","L1","L1-04","作息","我「搬家或换环境」时，你们怎样做会让我舒服一点？","先别追问原因","发一句「我在」","给我留点吃的或热水","等我主动开口再聊","space|checkin|practical|listen","normal"
"L1-L1-04-137-fcea58e2","L1","L1-04","作息","如果只能选一个更贴近的：我「连续开会头脑发胀」时，你们怎样做会让我舒服一点？","先别追问原因","发一句「我在」","给我留点吃的或热水","等我主动开口再聊","space|checkin|practical|listen","normal"
"L1-L1-04-138-f3ca0a88","L1","L1-04","作息","最近这段时间，我「连续开会头脑发胀」时，你们怎样做会让我舒服一点？","先别追问原因","发一句「我在」","给我留点吃的或热水","等我主动开口再聊","space|checkin|practical|listen","normal"
"L1-L1-04-135-55a82f82","L1","L1-04","作息","在我们家沟通里，我「约会或社交后回来」时，你们怎样做会让我舒服一点？","先别追问原因","发一句「我在」","给我留点吃的或热水","等我主动开口再聊","space|checkin|practical|listen","normal"
"L1-L1-04-136-edcec4e8","L1","L1-04","作息","我「连续开会头脑发胀」时，你们怎样做会让我舒服一点？","先别追问原因","发一句「我在」","给我留点吃的或热水","等我主动开口再聊","space|checkin|practical|listen","normal"
"L1-L1-04-139-76a9892c","L1","L1-04","作息","在我们家沟通里，我「连续开会头脑发胀」时，你们怎样做会让我舒服一点？","先别追问原因","发一句「我在」","给我留点吃的或热水","等我主动开口再聊","space|checkin|practical|listen","normal"
"L1-L1-04-142-238065a3","L1","L1-04","作息","最近这段时间，我「睡前刷手机」时，你们怎样做会让我舒服一点？","先别追问原因","发一句「我在」","给我留点吃的或热水","等我主动开口再聊","space|checkin|practical|listen","normal"
"L1-L1-04-143-2b98c922","L1","L1-04","作息","在我们家沟通里，我「睡前刷手机」时，你们怎样做会让我舒服一点？","先别追问原因","发一句「我在」","给我留点吃的或热水","等我主动开口再聊","space|checkin|practical|listen","normal"
"L1-L1-04-140-b214a895","L1","L1-04","作息","我「睡前刷手机」时，你们怎样做会让我舒服一点？","先别追问原因","发一句「我在」","给我留点吃的或热水","等我主动开口再聊","space|checkin|practical|listen","normal"
"L1-L1-04-141-7a613e28","L1","L1-04","作息","如果只能选一个更贴近的：我「睡前刷手机」时，你们怎样做会让我舒服一点？","先别追问原因","发一句「我在」","给我留点吃的或热水","等我主动开口再聊","space|checkin|practical|listen","normal"
"L1-L1-04-035-f7b67a62","L1","L1-04","作息","在我们家沟通里，我「和朋友出去玩」时，你们怎样做会让我舒服一点？","先别追问原因","发一句「我在」","给我留点吃的或热水","等我主动开口再聊","space|checkin|practical|listen","normal"
"L1-L1-03-249-ef3e9a61","L1","L1-03","习惯|误解","如果只能选一个更贴近的：我「穿得更随性」，通常不是因为「浪费时间和钱」，更可能是？","我在学着对自己负责","我需要一点点掌控感","我在认真尝试喜欢的事","这是我表达自己的方式","reason_0|reason_1|reason_2|reason_3","normal"
"L1-L1-03-250-cfad4f89","L1","L1-03","习惯|误解","最近这段时间，我「穿得更随性」，通常不是因为「浪费时间和钱」，更可能是？","我在学着对自己负责","我需要一点点掌控感","我在认真尝试喜欢的事","这是我表达自己的方式","reason_0|reason_1|reason_2|reason_3","normal"
"L1-L1-03-247-6165f1df","L1","L1-03","习惯|误解","在我们家沟通里，我「喝咖啡提神」，通常不是因为「浪费时间和钱」，更可能是？","这能让我从压力里喘口气","这对我的心理健康有帮助","我在学着对自己负责","我想用自己的方式爱这个家","reason_0|reason_1|reason_2|reason_3","normal"
"L1-L1-03-248-6dfd74b2","L1","L1-03","习惯|误解","我「穿得更随性」，通常不是因为「浪费时间和钱」，更可能是？","我在学着对自己负责","我需要一点点掌控感","我在认真尝试喜欢的事","这是我表达自己的方式","reason_0|reason_1|reason_2|reason_3","normal"
"L1-L1-03-251-fb2bcd63","L1","L1-03","习惯|误解","在我们家沟通里，我「穿得更随性」，通常不是因为「浪费时间和钱」，更可能是？","我在学着对自己负责","我需要一点点掌控感","我在认真尝试喜欢的事","这是我表达自己的方式","reason_0|reason_1|reason_2|reason_3","normal"
"L1-L1-03-254-d52ab03e","L1","L1-03","习惯|误解","最近这段时间，我「喜欢戴耳机独处」，通常不是因为「在赌气」，更可能是？","我想用自己的方式爱这个家","这对我的心理健康有帮助","这是我表达自己的方式","这样我会更舒服自在","reason_0|reason_1|reason_2|reason_3","normal"
"L1-L1-03-255-49aae8b3","L1","L1-03","习惯|误解","在我们家沟通里，我「喜欢戴耳机独处」，通常不是因为「在赌气」，更可能是？","我想用自己的方式爱这个家","这对我的心理健康有帮助","这是我表达自己的方式","这样我会更舒服自在","reason_0|reason_1|reason_2|reason_3","normal"
"L1-L1-03-252-559659d8","L1","L1-03","习惯|误解","我「喜欢戴耳机独处」，通常不是因为「在赌气」，更可能是？","我想用自己的方式爱这个家","这对我的心理健康有帮助","这是我表达自己的方式","这样我会更舒服自在","reason_0|reason_1|reason_2|reason_3","normal"
"L1-L1-03-253-c6ce497a","L1","L1-03","习惯|误解","如果只能选一个更贴近的：我「喜欢戴耳机独处」，通常不是因为「在赌气」，更可能是？","我想用自己的方式爱这个家","这对我的心理健康有帮助","这是我表达自己的方式","这样我会更舒服自在","reason_0|reason_1|reason_2|reason_3","normal"
"L1-L1-03-246-b1c9f23b","L1","L1-03","习惯|误解","最近这段时间，我「喝咖啡提神」，通常不是因为「浪费时间和钱」，更可能是？","这能让我从压力里喘口气","这对我的心理健康有帮助","我在学着对自己负责","我想用自己的方式爱这个家","reason_0|reason_1|reason_2|reason_3","normal"
"L1-L1-03-239-047752cd","L1","L1-03","习惯|误解","在我们家沟通里，我「晚睡」，通常不是因为「浪费时间和钱」，更可能是？","这能让我从压力里喘口气","想保留一点自己的节奏","我想被看见真实的自己","我希望被当成成年人看待","reason_0|reason_1|reason_2|reason_3","normal"
"L1-L1-03-240-09ba2b49","L1","L1-03","习惯|误解","我「玩手机时间变长」，通常不是因为「被外界带坏了」，更可能是？","我希望被当成成年人看待","这是我表达自己的方式","我想被看见真实的自己","我需要一点点掌控感","reason_0|reason_1|reason_2|reason_3","normal"
"L1-L1-03-237-f8fbeb05","L1","L1-03","习惯|误解","如果只能选一个更贴近的：我「晚睡」，通常不是因为「浪费时间和钱」，更可能是？","这能让我从压力里喘口气","想保留一点自己的节奏","我想被看见真实的自己","我希望被当成成年人看待","reason_0|reason_1|reason_2|reason_3","normal"
"L1-L1-03-238-7dd811e3","L1","L1-03","习惯|误解","最近这段时间，我「晚睡」，通常不是因为「浪费时间和钱」，更可能是？","这能让我从压力里喘口气","想保留一点自己的节奏","我想被看见真实的自己","我希望被当成成年人看待","reason_0|reason_1|reason_2|reason_3","normal"
"L1-L1-03-241-78c80aae","L1","L1-03","习惯|误解","如果只能选一个更贴近的：我「玩手机时间变长」，通常不是因为「被外界带坏了」，更可能是？","我希望被当成成年人看待","这是我表达自己的方式","我想被看见真实的自己","我需要一点点掌控感","reason_0|reason_1|reason_2|reason_3","normal"
"L1-L1-03-244-535a1c69","L1","L1-03","习惯|误解","我「喝咖啡提神」，通常不是因为「浪费时间和钱」，更可能是？","这能让我从压力里喘口气","这对我的心理健康有帮助","我在学着对自己负责","我想用自己的方式爱这个家","reason_0|reason_1|reason_2|reason_3","normal"
"L1-L1-03-245-4752c25b","L1","L1-03","习惯|误解","如果只能选一个更贴近的：我「喝咖啡提神」，通常不是因为「浪费时间和钱」，更可能是？","这能让我从压力里喘口气","这对我的心理健康有帮助","我在学着对自己负责","我想用自己的方式爱这个家","reason_0|reason_1|reason_2|reason_3","normal"
"L1-L1-03-242-5cca863a","L1","L1-03","习惯|误解","最近这段时间，我「玩手机时间变长」，通常不是因为「被外界带坏了」，更可能是？","我希望被当成成年人看待","这是我表达自己的方式","我想被看见真实的自己","我需要一点点掌控感","reason_0|reason_1|reason_2|reason_3","normal"
"L1-L1-03-243-5fc12a6f","L1","L1-03","习惯|误解","在我们家沟通里，我「玩手机时间变长」，通常不是因为「被外界带坏了」，更可能是？","我希望被当成成年人看待","这是我表达自己的方式","我想被看见真实的自己","我需要一点点掌控感","reason_0|reason_1|reason_2|reason_3","normal"
"L1-L1-03-256-c8e5255b","L1","L1-03","习惯|误解","我「喝咖啡提神」，通常不是因为「不把家里放在心上」，更可能是？","想保留一点自己的节奏","我想被看见真实的自己","我想先自己消化","这是我表达自己的方式","reason_0|reason_1|reason_2|reason_3","normal"
"L1-L1-03-269-54dff84c","L1","L1-03","习惯|误解","如果只能选一个更贴近的：我「房间有点乱」，通常不是因为「做事没长远考虑」，更可能是？","我想先自己消化","这对我的心理健康有帮助","这是我表达自己的方式","我希望被当成成年人看待","reason_0|reason_1|reason_2|reason_3","normal"
"L1-L1-03-270-854bb3fb","L1","L1-03","习惯|误解","最近这段时间，我「房间有点乱」，通常不是因为「做事没长远考虑」，更可能是？","我想先自己消化","这对我的心理健康有帮助","这是我表达自己的方式","我希望被当成成年人看待","reason_0|reason_1|reason_2|reason_3","normal"
"L1-L1-03-267-b70b2f9c","L1","L1-03","习惯|误解","在我们家沟通里，我「作息和家里不一致」，通常不是因为「只顾自己玩」，更可能是？","这是我表达自己的方式","我想先自己消化","我希望被当成成年人看待","想保留一点自己的节奏","reason_0|reason_1|reason_2|reason_3","normal"
"L1-L1-03-268-f716522f","L1","L1-03","习惯|误解","我「房间有点乱」，通常不是因为「做事没长远考虑」，更可能是？","我想先自己消化","这对我的心理健康有帮助","这是我表达自己的方式","我希望被当成成年人看待","reason_0|reason_1|reason_2|reason_3","normal"
"L1-L1-03-271-4e89df40","L1","L1-03","习惯|误解","在我们家沟通里，我「房间有点乱」，通常不是因为「做事没长远考虑」，更可能是？","我想先自己消化","这对我的心理健康有帮助","这是我表达自己的方式","我希望被当成成年人看待","reason_0|reason_1|reason_2|reason_3","normal"
"L1-L1-03-274-8d2c41c2","L1","L1-03","习惯|误解","最近这段时间，我「花小钱买喜欢的东西」，通常不是因为「浪费时间和钱」，更可能是？","我在认真尝试喜欢的事","我在学着对自己负责","我想被看见真实的自己","这样我会更舒服自在","reason_0|reason_1|reason_2|reason_3","normal"
"L1-L1-03-275-5601ce5d","L1","L1-03","习惯|误解","在我们家沟通里，我「花小钱买喜欢的东西」，通常不是因为「浪费时间和钱」，更可能是？","我在认真尝试喜欢的事","我在学着对自己负责","我想被看见真实的自己","这样我会更舒服自在","reason_0|reason_1|reason_2|reason_3","normal"
"L1-L1-03-272-e6c5923a","L1","L1-03","习惯|误解","我「花小钱买喜欢的东西」，通常不是因为「浪费时间和钱」，更可能是？","我在认真尝试喜欢的事","我在学着对自己负责","我想被看见真实的自己","这样我会更舒服自在","reason_0|reason_1|reason_2|reason_3","normal"
"L1-L1-03-273-cbbe24b2","L1","L1-03","习惯|误解","如果只能选一个更贴近的：我「花小钱买喜欢的东西」，通常不是因为「浪费时间和钱」，更可能是？","我在认真尝试喜欢的事","我在学着对自己负责","我想被看见真实的自己","这样我会更舒服自在","reason_0|reason_1|reason_2|reason_3","normal"
"L1-L1-03-266-2d377ebc","L1","L1-03","习惯|误解","最近这段时间，我「作息和家里不一致」，通常不是因为「只顾自己玩」，更可能是？","这是我表达自己的方式","我想先自己消化","我希望被当成成年人看待","想保留一点自己的节奏","reason_0|reason_1|reason_2|reason_3","normal"
"L1-L1-03-259-e1a47ce1","L1","L1-03","习惯|误解","在我们家沟通里，我「喝咖啡提神」，通常不是因为「不把家里放在心上」，更可能是？","想保留一点自己的节奏","我想被看见真实的自己","我想先自己消化","这是我表达自己的方式","reason_0|reason_1|reason_2|reason_3","normal"
"L1-L1-03-260-99a2d3e9","L1","L1-03","习惯|误解","我「穿得更随性」，通常不是因为「故意唱反调」，更可能是？","这能让我从压力里喘口气","我想被看见真实的自己","我希望被当成成年人看待","我想先自己消化","reason_0|reason_1|reason_2|reason_3","normal"
"L1-L1-03-257-e23055d6","L1","L1-03","习惯|误解","如果只能选一个更贴近的：我「喝咖啡提神」，通常不是因为「不把家里放在心上」，更可能是？","想保留一点自己的节奏","我想被看见真实的自己","我想先自己消化","这是我表达自己的方式","reason_0|reason_1|reason_2|reason_3","normal"
"L1-L1-03-258-6c6a63d4","L1","L1-03","习惯|误解","最近这段时间，我「喝咖啡提神」，通常不是因为「不把家里放在心上」，更可能是？","想保留一点自己的节奏","我想被看见真实的自己","我想先自己消化","这是我表达自己的方式","reason_0|reason_1|reason_2|reason_3","normal"
"L1-L1-03-261-0f39f2dd","L1","L1-03","习惯|误解","如果只能选一个更贴近的：我「穿得更随性」，通常不是因为「故意唱反调」，更可能是？","这能让我从压力里喘口气","我想被看见真实的自己","我希望被当成成年人看待","我想先自己消化","reason_0|reason_1|reason_2|reason_3","normal"
"L1-L1-03-264-0a252066","L1","L1-03","习惯|误解","我「作息和家里不一致」，通常不是因为「只顾自己玩」，更可能是？","这是我表达自己的方式","我想先自己消化","我希望被当成成年人看待","想保留一点自己的节奏","reason_0|reason_1|reason_2|reason_3","normal"
"L1-L1-03-265-b937dde8","L1","L1-03","习惯|误解","如果只能选一个更贴近的：我「作息和家里不一致」，通常不是因为「只顾自己玩」，更可能是？","这是我表达自己的方式","我想先自己消化","我希望被当成成年人看待","想保留一点自己的节奏","reason_0|reason_1|reason_2|reason_3","normal"
"L1-L1-03-262-49725aaa","L1","L1-03","习惯|误解","最近这段时间，我「穿得更随性」，通常不是因为「故意唱反调」，更可能是？","这能让我从压力里喘口气","我想被看见真实的自己","我希望被当成成年人看待","我想先自己消化","reason_0|reason_1|reason_2|reason_3","normal"
"L1-L1-03-263-b5e5a744","L1","L1-03","习惯|误解","在我们家沟通里，我「穿得更随性」，通常不是因为「故意唱反调」，更可能是？","这能让我从压力里喘口气","我想被看见真实的自己","我希望被当成成年人看待","我想先自己消化","reason_0|reason_1|reason_2|reason_3","normal"
"L1-L1-03-236-a5ca841a","L1","L1-03","习惯|误解","我「晚睡」，通常不是因为「浪费时间和钱」，更可能是？","这能让我从压力里喘口气","想保留一点自己的节奏","我想被看见真实的自己","我希望被当成成年人看待","reason_0|reason_1|reason_2|reason_3","normal"
"L1-L1-03-209-0f8ea7fb","L1","L1-03","习惯|误解","如果只能选一个更贴近的：我「晚睡」，通常不是因为「叛逆或不听话」，更可能是？","这是我表达自己的方式","这对我的心理健康有帮助","我在认真尝试喜欢的事","这能让我从压力里喘口气","reason_0|reason_1|reason_2|reason_3","normal"
"L1-L1-03-210-b8569c7c","L1","L1-03","习惯|误解","最近这段时间，我「晚睡」，通常不是因为「叛逆或不听话」，更可能是？","这是我表达自己的方式","这对我的心理健康有帮助","我在认真尝试喜欢的事","这能让我从压力里喘口气","reason_0|reason_1|reason_2|reason_3","normal"
"L1-L1-03-207-438479f6","L1","L1-03","习惯|误解","在我们家沟通里，我「喝咖啡提神」，通常不是因为「被外界带坏了」，更可能是？","我需要一点点掌控感","想保留一点自己的节奏","这能让我从压力里喘口气","我在认真尝试喜欢的事","reason_0|reason_1|reason_2|reason_3","normal"
"L1-L1-03-208-490e463d","L1","L1-03","习惯|误解","我「晚睡」，通常不是因为「叛逆或不听话」，更可能是？","这是我表达自己的方式","这对我的心理健康有帮助","我在认真尝试喜欢的事","这能让我从压力里喘口气","reason_0|reason_1|reason_2|reason_3","normal"
"L1-L1-03-211-577b0f18","L1","L1-03","习惯|误解","在我们家沟通里，我「晚睡」，通常不是因为「叛逆或不听话」，更可能是？","这是我表达自己的方式","这对我的心理健康有帮助","我在认真尝试喜欢的事","这能让我从压力里喘口气","reason_0|reason_1|reason_2|reason_3","normal"
"L1-L1-03-214-985cafff","L1","L1-03","习惯|误解","最近这段时间，我「染了或换了发型」，通常不是因为「故意唱反调」，更可能是？","想保留一点自己的节奏","这是我表达自己的方式","这对我的心理健康有帮助","我想被看见真实的自己","reason_0|reason_1|reason_2|reason_3","normal"
"L1-L1-03-215-d9b133c0","L1","L1-03","习惯|误解","在我们家沟通里，我「染了或换了发型」，通常不是因为「故意唱反调」，更可能是？","想保留一点自己的节奏","这是我表达自己的方式","这对我的心理健康有帮助","我想被看见真实的自己","reason_0|reason_1|reason_2|reason_3","normal"
"L1-L1-03-212-c0bd9f39","L1","L1-03","习惯|误解","我「染了或换了发型」，通常不是因为「故意唱反调」，更可能是？","想保留一点自己的节奏","这是我表达自己的方式","这对我的心理健康有帮助","我想被看见真实的自己","reason_0|reason_1|reason_2|reason_3","normal"
"L1-L1-03-213-6af22eba","L1","L1-03","习惯|误解","如果只能选一个更贴近的：我「染了或换了发型」，通常不是因为「故意唱反调」，更可能是？","想保留一点自己的节奏","这是我表达自己的方式","这对我的心理健康有帮助","我想被看见真实的自己","reason_0|reason_1|reason_2|reason_3","normal"
"L1-L1-03-206-175a3769","L1","L1-03","习惯|误解","最近这段时间，我「喝咖啡提神」，通常不是因为「被外界带坏了」，更可能是？","我需要一点点掌控感","想保留一点自己的节奏","这能让我从压力里喘口气","我在认真尝试喜欢的事","reason_0|reason_1|reason_2|reason_3","normal"
"L1-L1-03-199-c4be2139","L1","L1-03","习惯|误解","在我们家沟通里，我「玩手机时间变长」，通常不是因为「不接受你们的好意」，更可能是？","这是我表达自己的方式","这对我的心理健康有帮助","想保留一点自己的节奏","这能让我从压力里喘口气","reason_0|reason_1|reason_2|reason_3","normal"
"L1-L1-03-200-37f1fd22","L1","L1-03","习惯|误解","我「穿得更随性」，通常不是因为「不懂事或太自我」，更可能是？","这是我表达自己的方式","我希望被当成成年人看待","这对我的心理健康有帮助","这能让我从压力里喘口气","reason_0|reason_1|reason_2|reason_3","normal"
"L1-L1-03-197-01ae7bb1","L1","L1-03","习惯|误解","如果只能选一个更贴近的：我「玩手机时间变长」，通常不是因为「不接受你们的好意」，更可能是？","这是我表达自己的方式","这对我的心理健康有帮助","想保留一点自己的节奏","这能让我从压力里喘口气","reason_0|reason_1|reason_2|reason_3","normal"
"L1-L1-03-198-65ded51e","L1","L1-03","习惯|误解","最近这段时间，我「玩手机时间变长」，通常不是因为「不接受你们的好意」，更可能是？","这是我表达自己的方式","这对我的心理健康有帮助","想保留一点自己的节奏","这能让我从压力里喘口气","reason_0|reason_1|reason_2|reason_3","normal"
"L1-L1-03-201-c968787f","L1","L1-03","习惯|误解","如果只能选一个更贴近的：我「穿得更随性」，通常不是因为「不懂事或太自我」，更可能是？","这是我表达自己的方式","我希望被当成成年人看待","这对我的心理健康有帮助","这能让我从压力里喘口气","reason_0|reason_1|reason_2|reason_3","normal"
"L1-L1-03-204-f48dd0a6","L1","L1-03","习惯|误解","我「喝咖啡提神」，通常不是因为「被外界带坏了」，更可能是？","我需要一点点掌控感","想保留一点自己的节奏","这能让我从压力里喘口气","我在认真尝试喜欢的事","reason_0|reason_1|reason_2|reason_3","normal"
"L1-L1-03-205-f086303f","L1","L1-03","习惯|误解","如果只能选一个更贴近的：我「喝咖啡提神」，通常不是因为「被外界带坏了」，更可能是？","我需要一点点掌控感","想保留一点自己的节奏","这能让我从压力里喘口气","我在认真尝试喜欢的事","reason_0|reason_1|reason_2|reason_3","normal"
"L1-L1-03-202-2c231574","L1","L1-03","习惯|误解","最近这段时间，我「穿得更随性」，通常不是因为「不懂事或太自我」，更可能是？","这是我表达自己的方式","我希望被当成成年人看待","这对我的心理健康有帮助","这能让我从压力里喘口气","reason_0|reason_1|reason_2|reason_3","normal"
"L1-L1-03-203-ffc7aa22","L1","L1-03","习惯|误解","在我们家沟通里，我「穿得更随性」，通常不是因为「不懂事或太自我」，更可能是？","这是我表达自己的方式","我希望被当成成年人看待","这对我的心理健康有帮助","这能让我从压力里喘口气","reason_0|reason_1|reason_2|reason_3","normal"
"L1-L1-03-216-f137ecc5","L1","L1-03","习惯|误解","我「花小钱买喜欢的东西」，通常不是因为「被外界带坏了」，更可能是？","这样我会更舒服自在","我在学着对自己负责","我想先自己消化","我在认真尝试喜欢的事","reason_0|reason_1|reason_2|reason_3","normal"
"L1-L1-03-229-69167dd6","L1","L1-03","习惯|误解","如果只能选一个更贴近的：我「运动变少」，通常不是因为「做事没长远考虑」，更可能是？","这是我表达自己的方式","想保留一点自己的节奏","我想被看见真实的自己","这能让我从压力里喘口气","reason_0|reason_1|reason_2|reason_3","normal"
"L1-L1-03-230-93d6ab1d","L1","L1-03","习惯|误解","最近这段时间，我「运动变少」，通常不是因为「做事没长远考虑」，更可能是？","这是我表达自己的方式","想保留一点自己的节奏","我想被看见真实的自己","这能让我从压力里喘口气","reason_0|reason_1|reason_2|reason_3","normal"
"L1-L1-03-227-0ca1c145","L1","L1-03","习惯|误解","在我们家沟通里，我「不吃早饭」，通常不是因为「不接受你们的好意」，更可能是？","想保留一点自己的节奏","我在学着对自己负责","这是我表达自己的方式","我想先自己消化","reason_0|reason_1|reason_2|reason_3","normal"
"L1-L1-03-228-c3653182","L1","L1-03","习惯|误解","我「运动变少」，通常不是因为「做事没长远考虑」，更可能是？","这是我表达自己的方式","想保留一点自己的节奏","我想被看见真实的自己","这能让我从压力里喘口气","reason_0|reason_1|reason_2|reason_3","normal"
"L1-L1-03-231-5e5d9501","L1","L1-03","习惯|误解","在我们家沟通里，我「运动变少」，通常不是因为「做事没长远考虑」，更可能是？","这是我表达自己的方式","想保留一点自己的节奏","我想被看见真实的自己","这能让我从压力里喘口气","reason_0|reason_1|reason_2|reason_3","normal"
"L1-L1-03-234-b4fe598e","L1","L1-03","习惯|误解","最近这段时间，我「花小钱买喜欢的东西」，通常不是因为「做事没长远考虑」，更可能是？","想保留一点自己的节奏","我需要一点点掌控感","我想先自己消化","我希望被当成成年人看待","reason_0|reason_1|reason_2|reason_3","normal"
"L1-L1-03-235-d286775d","L1","L1-03","习惯|误解","在我们家沟通里，我「花小钱买喜欢的东西」，通常不是因为「做事没长远考虑」，更可能是？","想保留一点自己的节奏","我需要一点点掌控感","我想先自己消化","我希望被当成成年人看待","reason_0|reason_1|reason_2|reason_3","normal"
"L1-L1-03-232-75937cb5","L1","L1-03","习惯|误解","我「花小钱买喜欢的东西」，通常不是因为「做事没长远考虑」，更可能是？","想保留一点自己的节奏","我需要一点点掌控感","我想先自己消化","我希望被当成成年人看待","reason_0|reason_1|reason_2|reason_3","normal"
"L1-L1-03-233-3b57b463","L1","L1-03","习惯|误解","如果只能选一个更贴近的：我「花小钱买喜欢的东西」，通常不是因为「做事没长远考虑」，更可能是？","想保留一点自己的节奏","我需要一点点掌控感","我想先自己消化","我希望被当成成年人看待","reason_0|reason_1|reason_2|reason_3","normal"
"L1-L1-03-226-adac9cb4","L1","L1-03","习惯|误解","最近这段时间，我「不吃早饭」，通常不是因为「不接受你们的好意」，更可能是？","想保留一点自己的节奏","我在学着对自己负责","这是我表达自己的方式","我想先自己消化","reason_0|reason_1|reason_2|reason_3","normal"
"L1-L1-03-219-17d93ac8","L1","L1-03","习惯|误解","在我们家沟通里，我「花小钱买喜欢的东西」，通常不是因为「被外界带坏了」，更可能是？","这样我会更舒服自在","我在学着对自己负责","我想先自己消化","我在认真尝试喜欢的事","reason_0|reason_1|reason_2|reason_3","normal"
"L1-L1-03-220-7d359b7a","L1","L1-03","习惯|误解","我「自己做决定不先报备」，通常不是因为「不接受你们的好意」，更可能是？","我想用自己的方式爱这个家","这样我会更舒服自在","想保留一点自己的节奏","这能让我从压力里喘口气","reason_0|reason_1|reason_2|reason_3","normal"
"L1-L1-03-217-07dba5b0","L1","L1-03","习惯|误解","如果只能选一个更贴近的：我「花小钱买喜欢的东西」，通常不是因为「被外界带坏了」，更可能是？","这样我会更舒服自在","我在学着对自己负责","我想先自己消化","我在认真尝试喜欢的事","reason_0|reason_1|reason_2|reason_3","normal"
"L1-L1-03-218-c9972ab4","L1","L1-03","习惯|误解","最近这段时间，我「花小钱买喜欢的东西」，通常不是因为「被外界带坏了」，更可能是？","这样我会更舒服自在","我在学着对自己负责","我想先自己消化","我在认真尝试喜欢的事","reason_0|reason_1|reason_2|reason_3","normal"
"L1-L1-03-221-e850f401","L1","L1-03","习惯|误解","如果只能选一个更贴近的：我「自己做决定不先报备」，通常不是因为「不接受你们的好意」，更可能是？","我想用自己的方式爱这个家","这样我会更舒服自在","想保留一点自己的节奏","这能让我从压力里喘口气","reason_0|reason_1|reason_2|reason_3","normal"
"L1-L1-03-224-36137e59","L1","L1-03","习惯|误解","我「不吃早饭」，通常不是因为「不接受你们的好意」，更可能是？","想保留一点自己的节奏","我在学着对自己负责","这是我表达自己的方式","我想先自己消化","reason_0|reason_1|reason_2|reason_3","normal"
"L1-L1-03-225-74cca3af","L1","L1-03","习惯|误解","如果只能选一个更贴近的：我「不吃早饭」，通常不是因为「不接受你们的好意」，更可能是？","想保留一点自己的节奏","我在学着对自己负责","这是我表达自己的方式","我想先自己消化","reason_0|reason_1|reason_2|reason_3","normal"
"L1-L1-03-222-3265fb5c","L1","L1-03","习惯|误解","最近这段时间，我「自己做决定不先报备」，通常不是因为「不接受你们的好意」，更可能是？","我想用自己的方式爱这个家","这样我会更舒服自在","想保留一点自己的节奏","这能让我从压力里喘口气","reason_0|reason_1|reason_2|reason_3","normal"
"L1-L1-03-223-e5468f1c","L1","L1-03","习惯|误解","在我们家沟通里，我「自己做决定不先报备」，通常不是因为「不接受你们的好意」，更可能是？","我想用自己的方式爱这个家","这样我会更舒服自在","想保留一点自己的节奏","这能让我从压力里喘口气","reason_0|reason_1|reason_2|reason_3","normal"
"L1-L1-04-008-bc8f00c5","L1","L1-04","作息","我「看完一部很触动的片子」时，你们怎样做会让我舒服一点？","先别追问原因","发一句「我在」","给我留点吃的或热水","等我主动开口再聊","space|checkin|practical|listen","normal"
"L1-L1-04-009-46eab585","L1","L1-04","作息","如果只能选一个更贴近的：我「看完一部很触动的片子」时，你们怎样做会让我舒服一点？","先别追问原因","发一句「我在」","给我留点吃的或热水","等我主动开口再聊","space|checkin|practical|listen","normal"
"L1-L1-04-006-b56c0151","L1","L1-04","作息","最近这段时间，我「运动完很疲惫」时，你们怎样做会让我舒服一点？","先别追问原因","发一句「我在」","给我留点吃的或热水","等我主动开口再聊","space|checkin|practical|listen","normal"
"L1-L1-04-007-1f06d22a","L1","L1-04","作息","在我们家沟通里，我「运动完很疲惫」时，你们怎样做会让我舒服一点？","先别追问原因","发一句「我在」","给我留点吃的或热水","等我主动开口再聊","space|checkin|practical|listen","normal"
"L1-L1-04-010-54cf6c72","L1","L1-04","作息","最近这段时间，我「看完一部很触动的片子」时，你们怎样做会让我舒服一点？","先别追问原因","发一句「我在」","给我留点吃的或热水","等我主动开口再聊","space|checkin|practical|listen","normal"
"L1-L1-04-013-061430db","L1","L1-04","作息","如果只能选一个更贴近的：我「被批评后心情低落」时，你们怎样做会让我舒服一点？","先别追问原因","发一句「我在」","给我留点吃的或热水","等我主动开口再聊","space|checkin|practical|listen","normal"
"L1-L1-04-014-3d603e99","L1","L1-04","作息","最近这段时间，我「被批评后心情低落」时，你们怎样做会让我舒服一点？","先别追问原因","发一句「我在」","给我留点吃的或热水","等我主动开口再聊","space|checkin|practical|listen","normal"
"L1-L1-04-011-e8fc8535","L1","L1-04","作息","在我们家沟通里，我「看完一部很触动的片子」时，你们怎样做会让我舒服一点？","先别追问原因","发一句「我在」","给我留点吃的或热水","等我主动开口再聊","space|checkin|practical|listen","normal"
"L1-L1-04-012-b274e469","L1","L1-04","作息","我「被批评后心情低落」时，你们怎样做会让我舒服一点？","先别追问原因","发一句「我在」","给我留点吃的或热水","等我主动开口再聊","space|checkin|practical|listen","normal"
"L1-L1-04-005-9c313b19","L1","L1-04","作息","如果只能选一个更贴近的：我「运动完很疲惫」时，你们怎样做会让我舒服一点？","先别追问原因","发一句「我在」","给我留点吃的或热水","等我主动开口再聊","space|checkin|practical|listen","normal"
"L1-L1-03-318-6e2dbc6a","L1","L1-03","习惯|误解","最近这段时间，我「喝咖啡提神」，通常不是因为「叛逆或不听话」，更可能是？","我想先自己消化","想保留一点自己的节奏","这对我的心理健康有帮助","我需要一点点掌控感","reason_0|reason_1|reason_2|reason_3","normal"
"L1-L1-03-319-345f3454","L1","L1-03","习惯|误解","在我们家沟通里，我「喝咖啡提神」，通常不是因为「叛逆或不听话」，更可能是？","我想先自己消化","想保留一点自己的节奏","这对我的心理健康有帮助","我需要一点点掌控感","reason_0|reason_1|reason_2|reason_3","normal"
"L1-L1-03-316-d177ff97","L1","L1-03","习惯|误解","我「喝咖啡提神」，通常不是因为「叛逆或不听话」，更可能是？","我想先自己消化","想保留一点自己的节奏","这对我的心理健康有帮助","我需要一点点掌控感","reason_0|reason_1|reason_2|reason_3","normal"
"L1-L1-03-317-47fba5e0","L1","L1-03","习惯|误解","如果只能选一个更贴近的：我「喝咖啡提神」，通常不是因为「叛逆或不听话」，更可能是？","我想先自己消化","想保留一点自己的节奏","这对我的心理健康有帮助","我需要一点点掌控感","reason_0|reason_1|reason_2|reason_3","normal"
"L1-L1-04-000-58ebf050","L1","L1-04","作息","我「考试或汇报前紧张」时，你们怎样做会让我舒服一点？","先别追问原因","发一句「我在」","给我留点吃的或热水","等我主动开口再聊","space|checkin|practical|listen","normal"
"L1-L1-04-003-ffc60a35","L1","L1-04","作息","在我们家沟通里，我「考试或汇报前紧张」时，你们怎样做会让我舒服一点？","先别追问原因","发一句「我在」","给我留点吃的或热水","等我主动开口再聊","space|checkin|practical|listen","normal"
"L1-L1-04-004-a6da7111","L1","L1-04","作息","我「运动完很疲惫」时，你们怎样做会让我舒服一点？","先别追问原因","发一句「我在」","给我留点吃的或热水","等我主动开口再聊","space|checkin|practical|listen","normal"
"L1-L1-04-001-3162b41f","L1","L1-04","作息","如果只能选一个更贴近的：我「考试或汇报前紧张」时，你们怎样做会让我舒服一点？","先别追问原因","发一句「我在」","给我留点吃的或热水","等我主动开口再聊","space|checkin|practical|listen","normal"
"L1-L1-04-002-1b36b089","L1","L1-04","作息","最近这段时间，我「考试或汇报前紧张」时，你们怎样做会让我舒服一点？","先别追问原因","发一句「我在」","给我留点吃的或热水","等我主动开口再聊","space|checkin|practical|listen","normal"
"L1-L1-04-015-2446468f","L1","L1-04","作息","在我们家沟通里，我「被批评后心情低落」时，你们怎样做会让我舒服一点？","先别追问原因","发一句「我在」","给我留点吃的或热水","等我主动开口再聊","space|checkin|practical|listen","normal"
"L1-L1-04-028-01adc11d","L1","L1-04","作息","我「下雨不想出门」时，你们怎样做会让我舒服一点？","先别追问原因","发一句「我在」","给我留点吃的或热水","等我主动开口再聊","space|checkin|practical|listen","normal"
"L1-L1-04-029-f383046b","L1","L1-04","作息","如果只能选一个更贴近的：我「下雨不想出门」时，你们怎样做会让我舒服一点？","先别追问原因","发一句「我在」","给我留点吃的或热水","等我主动开口再聊","space|checkin|practical|listen","normal"
"L1-L1-04-026-b442e8d1","L1","L1-04","作息","最近这段时间，我「排队或通勤很烦」时，你们怎样做会让我舒服一点？","先别追问原因","发一句「我在」","给我留点吃的或热水","等我主动开口再聊","space|checkin|practical|listen","normal"
"L1-L1-04-027-c835750d","L1","L1-04","作息","在我们家沟通里，我「排队或通勤很烦」时，你们怎样做会让我舒服一点？","先别追问原因","发一句「我在」","给我留点吃的或热水","等我主动开口再聊","space|checkin|practical|listen","normal"
"L1-L1-04-030-fb6db7c2","L1","L1-04","作息","最近这段时间，我「下雨不想出门」时，你们怎样做会让我舒服一点？","先别追问原因","发一句「我在」","给我留点吃的或热水","等我主动开口再聊","space|checkin|practical|listen","normal"
"L1-L1-04-033-5d0b1ffe","L1","L1-04","作息","如果只能选一个更贴近的：我「和朋友出去玩」时，你们怎样做会让我舒服一点？","先别追问原因","发一句「我在」","给我留点吃的或热水","等我主动开口再聊","space|checkin|practical|listen","normal"
"L1-L1-04-034-6d27b2e7","L1","L1-04","作息","最近这段时间，我「和朋友出去玩」时，你们怎样做会让我舒服一点？","先别追问原因","发一句「我在」","给我留点吃的或热水","等我主动开口再聊","space|checkin|practical|listen","normal"
"L1-L1-04-031-4e834765","L1","L1-04","作息","在我们家沟通里，我「下雨不想出门」时，你们怎样做会让我舒服一点？","先别追问原因","发一句「我在」","给我留点吃的或热水","等我主动开口再聊","space|checkin|practical|listen","normal"
"L1-L1-04-032-0804561a","L1","L1-04","作息","我「和朋友出去玩」时，你们怎样做会让我舒服一点？","先别追问原因","发一句「我在」","给我留点吃的或热水","等我主动开口再聊","space|checkin|practical|listen","normal"
"L1-L1-04-025-f720b927","L1","L1-04","作息","如果只能选一个更贴近的：我「排队或通勤很烦」时，你们怎样做会让我舒服一点？","先别追问原因","发一句「我在」","给我留点吃的或热水","等我主动开口再聊","space|checkin|practical|listen","normal"
"L1-L1-04-018-c2ce21fc","L1","L1-04","作息","最近这段时间，我「突然收到好消息」时，你们怎样做会让我舒服一点？","先别追问原因","发一句「我在」","给我留点吃的或热水","等我主动开口再聊","space|checkin|practical|listen","normal"
"L1-L1-04-019-94e6378d","L1","L1-04","作息","在我们家沟通里，我「突然收到好消息」时，你们怎样做会让我舒服一点？","先别追问原因","发一句「我在」","给我留点吃的或热水","等我主动开口再聊","space|checkin|practical|listen","normal"
"L1-L1-04-016-5dafabcb","L1","L1-04","作息","我「突然收到好消息」时，你们怎样做会让我舒服一点？","先别追问原因","发一句「我在」","给我留点吃的或热水","等我主动开口再聊","space|checkin|practical|listen","normal"
"L1-L1-04-017-9bdef91d","L1","L1-04","作息","如果只能选一个更贴近的：我「突然收到好消息」时，你们怎样做会让我舒服一点？","先别追问原因","发一句「我在」","给我留点吃的或热水","等我主动开口再聊","space|checkin|practical|listen","normal"
"L1-L1-04-020-50741f93","L1","L1-04","作息","我「项目上线前夕」时，你们怎样做会让我舒服一点？","先别追问原因","发一句「我在」","给我留点吃的或热水","等我主动开口再聊","space|checkin|practical|listen","normal"
"L1-L1-04-023-968a09f5","L1","L1-04","作息","在我们家沟通里，我「项目上线前夕」时，你们怎样做会让我舒服一点？","先别追问原因","发一句「我在」","给我留点吃的或热水","等我主动开口再聊","space|checkin|practical|listen","normal"
"L1-L1-04-024-efadcf28","L1","L1-04","作息","我「排队或通勤很烦」时，你们怎样做会让我舒服一点？","先别追问原因","发一句「我在」","给我留点吃的或热水","等我主动开口再聊","space|checkin|practical|listen","normal"
"L1-L1-04-021-58cfc25d","L1","L1-04","作息","如果只能选一个更贴近的：我「项目上线前夕」时，你们怎样做会让我舒服一点？","先别追问原因","发一句「我在」","给我留点吃的或热水","等我主动开口再聊","space|checkin|practical|listen","normal"
"L1-L1-04-022-16d7987c","L1","L1-04","作息","最近这段时间，我「项目上线前夕」时，你们怎样做会让我舒服一点？","先别追问原因","发一句「我在」","给我留点吃的或热水","等我主动开口再聊","space|checkin|practical|listen","normal"
"L1-L1-03-315-c61337d4","L1","L1-03","习惯|误解","在我们家沟通里，我「不吃早饭」，通常不是因为「只顾自己玩」，更可能是？","这是我表达自己的方式","我需要一点点掌控感","我在认真尝试喜欢的事","想保留一点自己的节奏","reason_0|reason_1|reason_2|reason_3","normal"
"L1-L1-03-288-b6572a3d","L1","L1-03","习惯|误解","我「房间有点乱」，通常不是因为「在赌气」，更可能是？","这是我表达自己的方式","想保留一点自己的节奏","我想被看见真实的自己","这能让我从压力里喘口气","reason_0|reason_1|reason_2|reason_3","normal"
"L1-L1-03-289-b5d53b99","L1","L1-03","习惯|误解","如果只能选一个更贴近的：我「房间有点乱」，通常不是因为「在赌气」，更可能是？","这是我表达自己的方式","想保留一点自己的节奏","我想被看见真实的自己","这能让我从压力里喘口气","reason_0|reason_1|reason_2|reason_3","normal"
"L1-L1-03-286-93eb9c1f","L1","L1-03","习惯|误解","最近这段时间，我「穿得更随性」，通常不是因为「想摆脱这个家」，更可能是？","这样我会更舒服自在","我希望被当成成年人看待","这是我表达自己的方式","想保留一点自己的节奏","reason_0|reason_1|reason_2|reason_3","normal"
"L1-L1-03-287-a4f8009e","L1","L1-03","习惯|误解","在我们家沟通里，我「穿得更随性」，通常不是因为「想摆脱这个家」，更可能是？","这样我会更舒服自在","我希望被当成成年人看待","这是我表达自己的方式","想保留一点自己的节奏","reason_0|reason_1|reason_2|reason_3","normal"
"L1-L1-03-290-cb167f0a","L1","L1-03","习惯|误解","最近这段时间，我「房间有点乱」，通常不是因为「在赌气」，更可能是？","这是我表达自己的方式","想保留一点自己的节奏","我想被看见真实的自己","这能让我从压力里喘口气","reason_0|reason_1|reason_2|reason_3","normal"
"L1-L1-03-293-f0da1198","L1","L1-03","习惯|误解","如果只能选一个更贴近的：我「喝咖啡提神」，通常不是因为「做事没长远考虑」，更可能是？","这是我表达自己的方式","我想先自己消化","我在认真尝试喜欢的事","这对我的心理健康有帮助","reason_0|reason_1|reason_2|reason_3","normal"
"L1-L1-03-294-935d2500","L1","L1-03","习惯|误解","最近这段时间，我「喝咖啡提神」，通常不是因为「做事没长远考虑」，更可能是？","这是我表达自己的方式","我想先自己消化","我在认真尝试喜欢的事","这对我的心理健康有帮助","reason_0|reason_1|reason_2|reason_3","normal"
"L1-L1-03-291-94acd407","L1","L1-03","习惯|误解","在我们家沟通里，我「房间有点乱」，通常不是因为「在赌气」，更可能是？","这是我表达自己的方式","想保留一点自己的节奏","我想被看见真实的自己","这能让我从压力里喘口气","reason_0|reason_1|reason_2|reason_3","normal"
"L1-L1-03-292-90608018","L1","L1-03","习惯|误解","我「喝咖啡提神」，通常不是因为「做事没长远考虑」，更可能是？","这是我表达自己的方式","我想先自己消化","我在认真尝试喜欢的事","这对我的心理健康有帮助","reason_0|reason_1|reason_2|reason_3","normal"
"L1-L1-03-285-b145355f","L1","L1-03","习惯|误解","如果只能选一个更贴近的：我「穿得更随性」，通常不是因为「想摆脱这个家」，更可能是？","这样我会更舒服自在","我希望被当成成年人看待","这是我表达自己的方式","想保留一点自己的节奏","reason_0|reason_1|reason_2|reason_3","normal"
"L1-L1-03-278-5587951a","L1","L1-03","习惯|误解","最近这段时间，我「周末不回家」，通常不是因为「不接受你们的好意」，更可能是？","我在认真尝试喜欢的事","我想用自己的方式爱这个家","这是我表达自己的方式","我想被看见真实的自己","reason_0|reason_1|reason_2|reason_3","normal"
"L1-L1-03-279-3c7be1e8","L1","L1-03","习惯|误解","在我们家沟通里，我「周末不回家」，通常不是因为「不接受你们的好意」，更可能是？","我在认真尝试喜欢的事","我想用自己的方式爱这个家","这是我表达自己的方式","我想被看见真实的自己","reason_0|reason_1|reason_2|reason_3","normal"
"L1-L1-03-276-de73c714","L1","L1-03","习惯|误解","我「周末不回家」，通常不是因为「不接受你们的好意」，更可能是？","我在认真尝试喜欢的事","我想用自己的方式爱这个家","这是我表达自己的方式","我想被看见真实的自己","reason_0|reason_1|reason_2|reason_3","normal"
"L1-L1-03-277-6133b33c","L1","L1-03","习惯|误解","如果只能选一个更贴近的：我「周末不回家」，通常不是因为「不接受你们的好意」，更可能是？","我在认真尝试喜欢的事","我想用自己的方式爱这个家","这是我表达自己的方式","我想被看见真实的自己","reason_0|reason_1|reason_2|reason_3","normal"
"L1-L1-03-280-88f72870","L1","L1-03","习惯|误解","我「作息和家里不一致」，通常不是因为「故意让你们担心」，更可能是？","我需要一点点掌控感","这样我会更舒服自在","我在学着对自己负责","这对我的心理健康有帮助","reason_0|reason_1|reason_2|reason_3","normal"
"L1-L1-03-283-495492ef","L1","L1-03","习惯|误解","在我们家沟通里，我「作息和家里不一致」，通常不是因为「故意让你们担心」，更可能是？","我需要一点点掌控感","这样我会更舒服自在","我在学着对自己负责","这对我的心理健康有帮助","reason_0|reason_1|reason_2|reason_3","normal"
"L1-L1-03-284-5eee28a6","L1","L1-03","习惯|误解","我「穿得更随性」，通常不是因为「想摆脱这个家」，更可能是？","这样我会更舒服自在","我希望被当成成年人看待","这是我表达自己的方式","想保留一点自己的节奏","reason_0|reason_1|reason_2|reason_3","normal"
"L1-L1-03-281-bae8d3ad","L1","L1-03","习惯|误解","如果只能选一个更贴近的：我「作息和家里不一致」，通常不是因为「故意让你们担心」，更可能是？","我需要一点点掌控感","这样我会更舒服自在","我在学着对自己负责","这对我的心理健康有帮助","reason_0|reason_1|reason_2|reason_3","normal"
"L1-L1-03-282-af66e5aa","L1","L1-03","习惯|误解","最近这段时间，我「作息和家里不一致」，通常不是因为「故意让你们担心」，更可能是？","我需要一点点掌控感","这样我会更舒服自在","我在学着对自己负责","这对我的心理健康有帮助","reason_0|reason_1|reason_2|reason_3","normal"
"L1-L1-03-295-4aadcf53","L1","L1-03","习惯|误解","在我们家沟通里，我「喝咖啡提神」，通常不是因为「做事没长远考虑」，更可能是？","这是我表达自己的方式","我想先自己消化","我在认真尝试喜欢的事","这对我的心理健康有帮助","reason_0|reason_1|reason_2|reason_3","normal"
"L1-L1-03-308-121bb5ff","L1","L1-03","习惯|误解","我「养了兴趣班之外的爱好」，通常不是因为「不接受你们的好意」，更可能是？","我想先自己消化","我在学着对自己负责","想保留一点自己的节奏","这是我表达自己的方式","reason_0|reason_1|reason_2|reason_3","normal"
"L1-L1-03-309-f38484f8","L1","L1-03","习惯|误解","如果只能选一个更贴近的：我「养了兴趣班之外的爱好」，通常不是因为「不接受你们的好意」，更可能是？","我想先自己消化","我在学着对自己负责","想保留一点自己的节奏","这是我表达自己的方式","reason_0|reason_1|reason_2|reason_3","normal"
"L1-L1-03-306-de9a96f7","L1","L1-03","习惯|误解","最近这段时间，我「喜欢戴耳机独处」，通常不是因为「故意让你们担心」，更可能是？","我在学着对自己负责","这是我表达自己的方式","我在认真尝试喜欢的事","这对我的心理健康有帮助","reason_0|reason_1|reason_2|reason_3","normal"
"L1-L1-03-307-8acd0b0c","L1","L1-03","习惯|误解","在我们家沟通里，我「喜欢戴耳机独处」，通常不是因为「故意让你们担心」，更可能是？","我在学着对自己负责","这是我表达自己的方式","我在认真尝试喜欢的事","这对我的心理健康有帮助","reason_0|reason_1|reason_2|reason_3","normal"
"L1-L1-03-310-2f6c9e91","L1","L1-03","习惯|误解","最近这段时间，我「养了兴趣班之外的爱好」，通常不是因为「不接受你们的好意」，更可能是？","我想先自己消化","我在学着对自己负责","想保留一点自己的节奏","这是我表达自己的方式","reason_0|reason_1|reason_2|reason_3","normal"
"L1-L1-03-313-b348a3f0","L1","L1-03","习惯|误解","如果只能选一个更贴近的：我「不吃早饭」，通常不是因为「只顾自己玩」，更可能是？","这是我表达自己的方式","我需要一点点掌控感","我在认真尝试喜欢的事","想保留一点自己的节奏","reason_0|reason_1|reason_2|reason_3","normal"
"L1-L1-03-314-f58a9051","L1","L1-03","习惯|误解","最近这段时间，我「不吃早饭」，通常不是因为「只顾自己玩」，更可能是？","这是我表达自己的方式","我需要一点点掌控感","我在认真尝试喜欢的事","想保留一点自己的节奏","reason_0|reason_1|reason_2|reason_3","normal"
"L1-L1-03-311-a8340905","L1","L1-03","习惯|误解","在我们家沟通里，我「养了兴趣班之外的爱好」，通常不是因为「不接受你们的好意」，更可能是？","我想先自己消化","我在学着对自己负责","想保留一点自己的节奏","这是我表达自己的方式","reason_0|reason_1|reason_2|reason_3","normal"
"L1-L1-03-312-4d4ecb64","L1","L1-03","习惯|误解","我「不吃早饭」，通常不是因为「只顾自己玩」，更可能是？","这是我表达自己的方式","我需要一点点掌控感","我在认真尝试喜欢的事","想保留一点自己的节奏","reason_0|reason_1|reason_2|reason_3","normal"
"L1-L1-03-305-1881274b","L1","L1-03","习惯|误解","如果只能选一个更贴近的：我「喜欢戴耳机独处」，通常不是因为「故意让你们担心」，更可能是？","我在学着对自己负责","这是我表达自己的方式","我在认真尝试喜欢的事","这对我的心理健康有帮助","reason_0|reason_1|reason_2|reason_3","normal"
"L1-L1-03-298-e0d58223","L1","L1-03","习惯|误解","最近这段时间，我「运动变少」，通常不是因为「不把家里放在心上」，更可能是？","我希望被当成成年人看待","我想用自己的方式爱这个家","我在认真尝试喜欢的事","这是我表达自己的方式","reason_0|reason_1|reason_2|reason_3","normal"
"L1-L1-03-299-6d794001","L1","L1-03","习惯|误解","在我们家沟通里，我「运动变少」，通常不是因为「不把家里放在心上」，更可能是？","我希望被当成成年人看待","我想用自己的方式爱这个家","我在认真尝试喜欢的事","这是我表达自己的方式","reason_0|reason_1|reason_2|reason_3","normal"
"L1-L1-03-296-52989f00","L1","L1-03","习惯|误解","我「运动变少」，通常不是因为「不把家里放在心上」，更可能是？","我希望被当成成年人看待","我想用自己的方式爱这个家","我在认真尝试喜欢的事","这是我表达自己的方式","reason_0|reason_1|reason_2|reason_3","normal"
"L1-L1-03-297-ac3c627e","L1","L1-03","习惯|误解","如果只能选一个更贴近的：我「运动变少」，通常不是因为「不把家里放在心上」，更可能是？","我希望被当成成年人看待","我想用自己的方式爱这个家","我在认真尝试喜欢的事","这是我表达自己的方式","reason_0|reason_1|reason_2|reason_3","normal"
"L1-L1-03-300-f6c87a24","L1","L1-03","习惯|误解","我「玩手机时间变长」，通常不是因为「做事没长远考虑」，更可能是？","这对我的心理健康有帮助","我在认真尝试喜欢的事","我想用自己的方式爱这个家","我在学着对自己负责","reason_0|reason_1|reason_2|reason_3","normal"
"L1-L1-03-303-67fc3da7","L1","L1-03","习惯|误解","在我们家沟通里，我「玩手机时间变长」，通常不是因为「做事没长远考虑」，更可能是？","这对我的心理健康有帮助","我在认真尝试喜欢的事","我想用自己的方式爱这个家","我在学着对自己负责","reason_0|reason_1|reason_2|reason_3","normal"
"L1-L1-03-304-170224f9","L1","L1-03","习惯|误解","我「喜欢戴耳机独处」，通常不是因为「故意让你们担心」，更可能是？","我在学着对自己负责","这是我表达自己的方式","我在认真尝试喜欢的事","这对我的心理健康有帮助","reason_0|reason_1|reason_2|reason_3","normal"
"L1-L1-03-301-cbdd5572","L1","L1-03","习惯|误解","如果只能选一个更贴近的：我「玩手机时间变长」，通常不是因为「做事没长远考虑」，更可能是？","这对我的心理健康有帮助","我在认真尝试喜欢的事","我想用自己的方式爱这个家","我在学着对自己负责","reason_0|reason_1|reason_2|reason_3","normal"
"L1-L1-03-302-f85b9046","L1","L1-03","习惯|误解","最近这段时间，我「玩手机时间变长」，通常不是因为「做事没长远考虑」，更可能是？","这对我的心理健康有帮助","我在认真尝试喜欢的事","我想用自己的方式爱这个家","我在学着对自己负责","reason_0|reason_1|reason_2|reason_3","normal"
"L2-L2-08-148-583b13b7","L2","L2-08","沟通渠道","「网购到货很开心」时，我更想用哪种方式和家里联系？","短消息就好","语音简明说重点","有空再视频","发照片比文字轻松","short|voice|video|photo","normal"
"L2-L2-08-147-04b7f8a3","L2","L2-08","沟通渠道","在我们家沟通里，「发工资后几天」时，我更想用哪种方式和家里联系？","短消息就好","语音简明说重点","有空再视频","发照片比文字轻松","short|voice|video|photo","normal"
"L2-L2-08-146-f318f67a","L2","L2-08","沟通渠道","最近这段时间，「发工资后几天」时，我更想用哪种方式和家里联系？","短消息就好","语音简明说重点","有空再视频","发照片比文字轻松","short|voice|video|photo","normal"
"L2-L2-08-149-0b742ddd","L2","L2-08","沟通渠道","如果只能选一个更贴近的：「网购到货很开心」时，我更想用哪种方式和家里联系？","短消息就好","语音简明说重点","有空再视频","发照片比文字轻松","short|voice|video|photo","normal"
"L2-L2-08-152-0b6e4a05","L2","L2-08","沟通渠道","「刚结束一段忙碌」时，我更想用哪种方式和家里联系？","短消息就好","语音简明说重点","有空再视频","发照片比文字轻松","short|voice|video|photo","normal"
"L2-L2-08-151-5211beff","L2","L2-08","沟通渠道","在我们家沟通里，「网购到货很开心」时，我更想用哪种方式和家里联系？","短消息就好","语音简明说重点","有空再视频","发照片比文字轻松","short|voice|video|photo","normal"
"L2-L2-08-150-e3cd480f","L2","L2-08","沟通渠道","最近这段时间，「网购到货很开心」时，我更想用哪种方式和家里联系？","短消息就好","语音简明说重点","有空再视频","发照片比文字轻松","short|voice|video|photo","normal"
"L2-L2-08-145-ea801698","L2","L2-08","沟通渠道","如果只能选一个更贴近的：「发工资后几天」时，我更想用哪种方式和家里联系？","短消息就好","语音简明说重点","有空再视频","发照片比文字轻松","short|voice|video|photo","normal"
"L2-L2-08-140-f29062ce","L2","L2-08","沟通渠道","「排队或通勤很烦」时，我更想用哪种方式和家里联系？","短消息就好","语音简明说重点","有空再视频","发照片比文字轻松","short|voice|video|photo","normal"
"L2-L2-08-139-c8ad1128","L2","L2-08","沟通渠道","在我们家沟通里，「睡前刷手机」时，我更想用哪种方式和家里联系？","短消息就好","语音简明说重点","有空再视频","发照片比文字轻松","short|voice|video|photo","normal"
"L2-L2-08-138-d0d8e42f","L2","L2-08","沟通渠道","最近这段时间，「睡前刷手机」时，我更想用哪种方式和家里联系？","短消息就好","语音简明说重点","有空再视频","发照片比文字轻松","short|voice|video|photo","normal"
"L2-L2-08-141-ee7ff18d","L2","L2-08","沟通渠道","如果只能选一个更贴近的：「排队或通勤很烦」时，我更想用哪种方式和家里联系？","短消息就好","语音简明说重点","有空再视频","发照片比文字轻松","short|voice|video|photo","normal"
"L2-L2-08-144-66aaec33","L2","L2-08","沟通渠道","「发工资后几天」时，我更想用哪种方式和家里联系？","短消息就好","语音简明说重点","有空再视频","发照片比文字轻松","short|voice|video|photo","normal"
"L2-L2-08-143-d01be09f","L2","L2-08","沟通渠道","在我们家沟通里，「排队或通勤很烦」时，我更想用哪种方式和家里联系？","短消息就好","语音简明说重点","有空再视频","发照片比文字轻松","short|voice|video|photo","normal"
"L2-L2-08-142-493fe1a0","L2","L2-08","沟通渠道","最近这段时间，「排队或通勤很烦」时，我更想用哪种方式和家里联系？","短消息就好","语音简明说重点","有空再视频","发照片比文字轻松","short|voice|video|photo","normal"
"L2-L2-09-007-5fb8ed3a","L2","L2-09","被夸奖","在我们家沟通里，当我被夸奖「工作学习」相关的事时，我更吃哪一套？","私下夸一句就够","具体说我哪里做得好","别在亲戚面前夸太满","用行动支持比夸奖重要","private|specific|boundary|action","normal"
"L2-L2-09-006-7136cd6a","L2","L2-09","被夸奖","最近这段时间，当我被夸奖「工作学习」相关的事时，我更吃哪一套？","私下夸一句就够","具体说我哪里做得好","别在亲戚面前夸太满","用行动支持比夸奖重要","private|specific|boundary|action","normal"
"L2-L2-09-005-ed61e235","L2","L2-09","被夸奖","如果只能选一个更贴近的：当我被夸奖「工作学习」相关的事时，我更吃哪一套？","私下夸一句就够","具体说我哪里做得好","别在亲戚面前夸太满","用行动支持比夸奖重要","private|specific|boundary|action","normal"
"L2-L2-09-008-a30f9024","L2","L2-09","被夸奖","当我被夸奖「性格成熟」相关的事时，我更吃哪一套？","私下夸一句就够","具体说我哪里做得好","别在亲戚面前夸太满","用行动支持比夸奖重要","private|specific|boundary|action","normal"
"L2-L2-09-011-3cc45676","L2","L2-09","被夸奖","在我们家沟通里，当我被夸奖「性格成熟」相关的事时，我更吃哪一套？","私下夸一句就够","具体说我哪里做得好","别在亲戚面前夸太满","用行动支持比夸奖重要","private|specific|boundary|action","normal"
"L2-L2-09-010-c550d5f3","L2","L2-09","被夸奖","最近这段时间，当我被夸奖「性格成熟」相关的事时，我更吃哪一套？","私下夸一句就够","具体说我哪里做得好","别在亲戚面前夸太满","用行动支持比夸奖重要","private|specific|boundary|action","normal"
"L2-L2-09-009-6e3a39fe","L2","L2-09","被夸奖","如果只能选一个更贴近的：当我被夸奖「性格成熟」相关的事时，我更吃哪一套？","私下夸一句就够","具体说我哪里做得好","别在亲戚面前夸太满","用行动支持比夸奖重要","private|specific|boundary|action","normal"
"L2-L2-09-004-6b9075f5","L2","L2-09","被夸奖","当我被夸奖「工作学习」相关的事时，我更吃哪一套？","私下夸一句就够","具体说我哪里做得好","别在亲戚面前夸太满","用行动支持比夸奖重要","private|specific|boundary|action","normal"
"L2-L2-08-155-6593426b","L2","L2-08","沟通渠道","在我们家沟通里，「刚结束一段忙碌」时，我更想用哪种方式和家里联系？","短消息就好","语音简明说重点","有空再视频","发照片比文字轻松","short|voice|video|photo","normal"
"L2-L2-08-154-955730cc","L2","L2-08","沟通渠道","最近这段时间，「刚结束一段忙碌」时，我更想用哪种方式和家里联系？","短消息就好","语音简明说重点","有空再视频","发照片比文字轻松","short|voice|video|photo","normal"
"L2-L2-08-153-eeaf680d","L2","L2-08","沟通渠道","如果只能选一个更贴近的：「刚结束一段忙碌」时，我更想用哪种方式和家里联系？","短消息就好","语音简明说重点","有空再视频","发照片比文字轻松","short|voice|video|photo","normal"
"L2-L2-09-000-b04aec8f","L2","L2-09","被夸奖","当我被夸奖「坚持爱好」相关的事时，我更吃哪一套？","私下夸一句就够","具体说我哪里做得好","别在亲戚面前夸太满","用行动支持比夸奖重要","private|specific|boundary|action","normal"
"L2-L2-09-003-13f9e747","L2","L2-09","被夸奖","在我们家沟通里，当我被夸奖「坚持爱好」相关的事时，我更吃哪一套？","私下夸一句就够","具体说我哪里做得好","别在亲戚面前夸太满","用行动支持比夸奖重要","private|specific|boundary|action","normal"
"L2-L2-09-002-44c21517","L2","L2-09","被夸奖","最近这段时间，当我被夸奖「坚持爱好」相关的事时，我更吃哪一套？","私下夸一句就够","具体说我哪里做得好","别在亲戚面前夸太满","用行动支持比夸奖重要","private|specific|boundary|action","normal"
"L2-L2-09-001-55fb191a","L2","L2-09","被夸奖","如果只能选一个更贴近的：当我被夸奖「坚持爱好」相关的事时，我更吃哪一套？","私下夸一句就够","具体说我哪里做得好","别在亲戚面前夸太满","用行动支持比夸奖重要","private|specific|boundary|action","normal"
"L2-L2-08-118-53de6a39","L2","L2-08","沟通渠道","最近这段时间，「周末想宅在家」时，我更想用哪种方式和家里联系？","短消息就好","语音简明说重点","有空再视频","发照片比文字轻松","short|voice|video|photo","normal"
"L2-L2-08-117-4f55e74f","L2","L2-08","沟通渠道","如果只能选一个更贴近的：「周末想宅在家」时，我更想用哪种方式和家里联系？","短消息就好","语音简明说重点","有空再视频","发照片比文字轻松","short|voice|video|photo","normal"
"L2-L2-08-116-5cedac80","L2","L2-08","沟通渠道","「周末想宅在家」时，我更想用哪种方式和家里联系？","短消息就好","语音简明说重点","有空再视频","发照片比文字轻松","short|voice|video|photo","normal"
"L2-L2-08-119-26fcb323","L2","L2-08","沟通渠道","在我们家沟通里，「周末想宅在家」时，我更想用哪种方式和家里联系？","短消息就好","语音简明说重点","有空再视频","发照片比文字轻松","short|voice|video|photo","normal"
"L2-L2-08-122-dd259d6e","L2","L2-08","沟通渠道","最近这段时间，「学会一个新技能后」时，我更想用哪种方式和家里联系？","短消息就好","语音简明说重点","有空再视频","发照片比文字轻松","short|voice|video|photo","normal"
"L2-L2-08-121-677b04d0","L2","L2-08","沟通渠道","如果只能选一个更贴近的：「学会一个新技能后」时，我更想用哪种方式和家里联系？","短消息就好","语音简明说重点","有空再视频","发照片比文字轻松","short|voice|video|photo","normal"
"L2-L2-08-120-9deae920","L2","L2-08","沟通渠道","「学会一个新技能后」时，我更想用哪种方式和家里联系？","短消息就好","语音简明说重点","有空再视频","发照片比文字轻松","short|voice|video|photo","normal"
"L2-L2-08-115-537c940f","L2","L2-08","沟通渠道","在我们家沟通里，「考试或汇报前紧张」时，我更想用哪种方式和家里联系？","短消息就好","语音简明说重点","有空再视频","发照片比文字轻松","short|voice|video|photo","normal"
"L2-L2-08-110-92de0004","L2","L2-08","沟通渠道","最近这段时间，「连续上班很累」时，我更想用哪种方式和家里联系？","短消息就好","语音简明说重点","有空再视频","发照片比文字轻松","short|voice|video|photo","normal"
"L2-L2-08-109-7890f149","L2","L2-08","沟通渠道","如果只能选一个更贴近的：「连续上班很累」时，我更想用哪种方式和家里联系？","短消息就好","语音简明说重点","有空再视频","发照片比文字轻松","short|voice|video|photo","normal"
"L2-L2-08-108-54792e8c","L2","L2-08","沟通渠道","「连续上班很累」时，我更想用哪种方式和家里联系？","短消息就好","语音简明说重点","有空再视频","发照片比文字轻松","short|voice|video|photo","normal"
"L2-L2-08-111-1f49c5ec","L2","L2-08","沟通渠道","在我们家沟通里，「连续上班很累」时，我更想用哪种方式和家里联系？","短消息就好","语音简明说重点","有空再视频","发照片比文字轻松","short|voice|video|photo","normal"
"L2-L2-08-114-b46d0f88","L2","L2-08","沟通渠道","最近这段时间，「考试或汇报前紧张」时，我更想用哪种方式和家里联系？","短消息就好","语音简明说重点","有空再视频","发照片比文字轻松","short|voice|video|photo","normal"
"L2-L2-08-113-2bda5826","L2","L2-08","沟通渠道","如果只能选一个更贴近的：「考试或汇报前紧张」时，我更想用哪种方式和家里联系？","短消息就好","语音简明说重点","有空再视频","发照片比文字轻松","short|voice|video|photo","normal"
"L2-L2-08-112-8f8592dd","L2","L2-08","沟通渠道","「考试或汇报前紧张」时，我更想用哪种方式和家里联系？","短消息就好","语音简明说重点","有空再视频","发照片比文字轻松","short|voice|video|photo","normal"
"L2-L2-08-133-19abff6f","L2","L2-08","沟通渠道","如果只能选一个更贴近的：「旅行在路上」时，我更想用哪种方式和家里联系？","短消息就好","语音简明说重点","有空再视频","发照片比文字轻松","short|voice|video|photo","normal"
"L2-L2-08-132-d2bfb448","L2","L2-08","沟通渠道","「旅行在路上」时，我更想用哪种方式和家里联系？","短消息就好","语音简明说重点","有空再视频","发照片比文字轻松","short|voice|video|photo","normal"
"L2-L2-08-131-acca2a4f","L2","L2-08","沟通渠道","在我们家沟通里，「生病不太舒服」时，我更想用哪种方式和家里联系？","短消息就好","语音简明说重点","有空再视频","发照片比文字轻松","short|voice|video|photo","normal"
"L2-L2-08-134-a3160e2f","L2","L2-08","沟通渠道","最近这段时间，「旅行在路上」时，我更想用哪种方式和家里联系？","短消息就好","语音简明说重点","有空再视频","发照片比文字轻松","short|voice|video|photo","normal"
"L2-L2-08-137-9632ceb9","L2","L2-08","沟通渠道","如果只能选一个更贴近的：「睡前刷手机」时，我更想用哪种方式和家里联系？","短消息就好","语音简明说重点","有空再视频","发照片比文字轻松","short|voice|video|photo","normal"
"L2-L2-08-136-06608e30","L2","L2-08","沟通渠道","「睡前刷手机」时，我更想用哪种方式和家里联系？","短消息就好","语音简明说重点","有空再视频","发照片比文字轻松","short|voice|video|photo","normal"
"L2-L2-08-135-a95adf16","L2","L2-08","沟通渠道","在我们家沟通里，「旅行在路上」时，我更想用哪种方式和家里联系？","短消息就好","语音简明说重点","有空再视频","发照片比文字轻松","short|voice|video|photo","normal"
"L2-L2-08-130-afa62a28","L2","L2-08","沟通渠道","最近这段时间，「生病不太舒服」时，我更想用哪种方式和家里联系？","短消息就好","语音简明说重点","有空再视频","发照片比文字轻松","short|voice|video|photo","normal"
"L2-L2-08-125-03f685bb","L2","L2-08","沟通渠道","如果只能选一个更贴近的：「刚吵完架还在余怒」时，我更想用哪种方式和家里联系？","短消息就好","语音简明说重点","有空再视频","发照片比文字轻松","short|voice|video|photo","normal"
"L2-L2-08-124-f05abce2","L2","L2-08","沟通渠道","「刚吵完架还在余怒」时，我更想用哪种方式和家里联系？","短消息就好","语音简明说重点","有空再视频","发照片比文字轻松","short|voice|video|photo","normal"
"L2-L2-08-123-2fb7d184","L2","L2-08","沟通渠道","在我们家沟通里，「学会一个新技能后」时，我更想用哪种方式和家里联系？","短消息就好","语音简明说重点","有空再视频","发照片比文字轻松","short|voice|video|photo","normal"
"L2-L2-08-126-ab9c665e","L2","L2-08","沟通渠道","最近这段时间，「刚吵完架还在余怒」时，我更想用哪种方式和家里联系？","短消息就好","语音简明说重点","有空再视频","发照片比文字轻松","short|voice|video|photo","normal"
"L2-L2-08-129-471fee27","L2","L2-08","沟通渠道","如果只能选一个更贴近的：「生病不太舒服」时，我更想用哪种方式和家里联系？","短消息就好","语音简明说重点","有空再视频","发照片比文字轻松","short|voice|video|photo","normal"
"L2-L2-08-128-ca1d16b1","L2","L2-08","沟通渠道","「生病不太舒服」时，我更想用哪种方式和家里联系？","短消息就好","语音简明说重点","有空再视频","发照片比文字轻松","short|voice|video|photo","normal"
"L2-L2-08-127-32b3dfac","L2","L2-08","沟通渠道","在我们家沟通里，「刚吵完架还在余怒」时，我更想用哪种方式和家里联系？","短消息就好","语音简明说重点","有空再视频","发照片比文字轻松","short|voice|video|photo","normal"
"L2-L2-11-004-b8eb122a","L2","L2-11","电话","电话里谈到「隐私被追问」时，我更希望？","先挂断冷静，文字继续","缩短通话，别反复绕","先确认感受，再讲道理","改日再谈这个话题","pause|short|feel|later","sensitive"
"L2-L2-11-003-5976750e","L2","L2-11","电话","在我们家沟通里，电话里谈到「被拿来和别人比较」时，我更希望？","先挂断冷静，文字继续","缩短通话，别反复绕","先确认感受，再讲道理","改日再谈这个话题","pause|short|feel|later","sensitive"
"L2-L2-11-002-b5379261","L2","L2-11","电话","最近这段时间，电话里谈到「被拿来和别人比较」时，我更希望？","先挂断冷静，文字继续","缩短通话，别反复绕","先确认感受，再讲道理","改日再谈这个话题","pause|short|feel|later","sensitive"
"L2-L2-11-005-99b76dca","L2","L2-11","电话","如果只能选一个更贴近的：电话里谈到「隐私被追问」时，我更希望？","先挂断冷静，文字继续","缩短通话，别反复绕","先确认感受，再讲道理","改日再谈这个话题","pause|short|feel|later","sensitive"
"L2-L2-11-008-184296df","L2","L2-11","电话","电话里谈到「被反复叮嘱同一件事」时，我更希望？","先挂断冷静，文字继续","缩短通话，别反复绕","先确认感受，再讲道理","改日再谈这个话题","pause|short|feel|later","sensitive"
"L2-L2-11-007-2ecef5c9","L2","L2-11","电话","在我们家沟通里，电话里谈到「隐私被追问」时，我更希望？","先挂断冷静，文字继续","缩短通话，别反复绕","先确认感受，再讲道理","改日再谈这个话题","pause|short|feel|later","sensitive"
"L2-L2-11-006-021cee15","L2","L2-11","电话","最近这段时间，电话里谈到「隐私被追问」时，我更希望？","先挂断冷静，文字继续","缩短通话，别反复绕","先确认感受，再讲道理","改日再谈这个话题","pause|short|feel|later","sensitive"
"L2-L2-11-001-4a2d991a","L2","L2-11","电话","如果只能选一个更贴近的：电话里谈到「被拿来和别人比较」时，我更希望？","先挂断冷静，文字继续","缩短通话，别反复绕","先确认感受，再讲道理","改日再谈这个话题","pause|short|feel|later","sensitive"
"L2-L2-10-020-7f32e2d9","L2","L2-10","低落","我心情低落是因为「突然很想家」时，怎样帮助最有效？","让我安静待一会","关心一句就好","帮我做点实际的事","听我说几分钟","space|checkin|practical|listen","normal"
"L2-L2-10-019-9cefa520","L2","L2-10","低落","在我们家沟通里，我心情低落是因为「连续上班很累」时，怎样帮助最有效？","让我安静待一会","关心一句就好","帮我做点实际的事","听我说几分钟","space|checkin|practical|listen","normal"
"L2-L2-10-018-04783d85","L2","L2-10","低落","最近这段时间，我心情低落是因为「连续上班很累」时，怎样帮助最有效？","让我安静待一会","关心一句就好","帮我做点实际的事","听我说几分钟","space|checkin|practical|listen","normal"
"L2-L2-10-021-9fb4d642","L2","L2-10","低落","如果只能选一个更贴近的：我心情低落是因为「突然很想家」时，怎样帮助最有效？","让我安静待一会","关心一句就好","帮我做点实际的事","听我说几分钟","space|checkin|practical|listen","normal"
"L2-L2-11-000-9261f24f","L2","L2-11","电话","电话里谈到「被拿来和别人比较」时，我更希望？","先挂断冷静，文字继续","缩短通话，别反复绕","先确认感受，再讲道理","改日再谈这个话题","pause|short|feel|later","sensitive"
"L2-L2-10-023-639d932d","L2","L2-10","低落","在我们家沟通里，我心情低落是因为「突然很想家」时，怎样帮助最有效？","让我安静待一会","关心一句就好","帮我做点实际的事","听我说几分钟","space|checkin|practical|listen","normal"
"L2-L2-10-022-ab3de9ce","L2","L2-10","低落","最近这段时间，我心情低落是因为「突然很想家」时，怎样帮助最有效？","让我安静待一会","关心一句就好","帮我做点实际的事","听我说几分钟","space|checkin|practical|listen","normal"
"L2-L2-11-019-41d76eb1","L2","L2-11","电话","在我们家沟通里，电话里谈到「回不回家起争议」时，我更希望？","先挂断冷静，文字继续","缩短通话，别反复绕","先确认感受，再讲道理","改日再谈这个话题","pause|short|feel|later","sensitive"
"L2-L2-11-018-fafc3039","L2","L2-11","电话","最近这段时间，电话里谈到「回不回家起争议」时，我更希望？","先挂断冷静，文字继续","缩短通话，别反复绕","先确认感受，再讲道理","改日再谈这个话题","pause|short|feel|later","sensitive"
"L2-L2-11-017-67271dc4","L2","L2-11","电话","如果只能选一个更贴近的：电话里谈到「回不回家起争议」时，我更希望？","先挂断冷静，文字继续","缩短通话，别反复绕","先确认感受，再讲道理","改日再谈这个话题","pause|short|feel|later","sensitive"
"L2-L2-11-020-86d1c8ed","L2","L2-11","电话","电话里谈到「电话里越说越僵」时，我更希望？","先挂断冷静，文字继续","缩短通话，别反复绕","先确认感受，再讲道理","改日再谈这个话题","pause|short|feel|later","sensitive"
"L2-L2-11-023-6a288085","L2","L2-11","电话","在我们家沟通里，电话里谈到「电话里越说越僵」时，我更希望？","先挂断冷静，文字继续","缩短通话，别反复绕","先确认感受，再讲道理","改日再谈这个话题","pause|short|feel|later","sensitive"
"L2-L2-11-022-1c1f4f82","L2","L2-11","电话","最近这段时间，电话里谈到「电话里越说越僵」时，我更希望？","先挂断冷静，文字继续","缩短通话，别反复绕","先确认感受，再讲道理","改日再谈这个话题","pause|short|feel|later","sensitive"
"L2-L2-11-021-8f275ec6","L2","L2-11","电话","如果只能选一个更贴近的：电话里谈到「电话里越说越僵」时，我更希望？","先挂断冷静，文字继续","缩短通话，别反复绕","先确认感受，再讲道理","改日再谈这个话题","pause|short|feel|later","sensitive"
"L2-L2-11-016-95fcff5f","L2","L2-11","电话","电话里谈到「回不回家起争议」时，我更希望？","先挂断冷静，文字继续","缩短通话，别反复绕","先确认感受，再讲道理","改日再谈这个话题","pause|short|feel|later","sensitive"
"L2-L2-11-011-0ee9fa00","L2","L2-11","电话","在我们家沟通里，电话里谈到「被反复叮嘱同一件事」时，我更希望？","先挂断冷静，文字继续","缩短通话，别反复绕","先确认感受，再讲道理","改日再谈这个话题","pause|short|feel|later","sensitive"
"L2-L2-11-010-e05517c6","L2","L2-11","电话","最近这段时间，电话里谈到「被反复叮嘱同一件事」时，我更希望？","先挂断冷静，文字继续","缩短通话，别反复绕","先确认感受，再讲道理","改日再谈这个话题","pause|short|feel|later","sensitive"
"L2-L2-11-009-935cfa0b","L2","L2-11","电话","如果只能选一个更贴近的：电话里谈到「被反复叮嘱同一件事」时，我更希望？","先挂断冷静，文字继续","缩短通话，别反复绕","先确认感受，再讲道理","改日再谈这个话题","pause|short|feel|later","sensitive"
"L2-L2-11-012-8f4c1117","L2","L2-11","电话","电话里谈到「计划被临时更改」时，我更希望？","先挂断冷静，文字继续","缩短通话，别反复绕","先确认感受，再讲道理","改日再谈这个话题","pause|short|feel|later","sensitive"
"L2-L2-11-015-a40a2185","L2","L2-11","电话","在我们家沟通里，电话里谈到「计划被临时更改」时，我更希望？","先挂断冷静，文字继续","缩短通话，别反复绕","先确认感受，再讲道理","改日再谈这个话题","pause|short|feel|later","sensitive"
"L2-L2-11-014-9b68ba59","L2","L2-11","电话","最近这段时间，电话里谈到「计划被临时更改」时，我更希望？","先挂断冷静，文字继续","缩短通话，别反复绕","先确认感受，再讲道理","改日再谈这个话题","pause|short|feel|later","sensitive"
"L2-L2-11-013-dcb747d3","L2","L2-11","电话","如果只能选一个更贴近的：电话里谈到「计划被临时更改」时，我更希望？","先挂断冷静，文字继续","缩短通话，别反复绕","先确认感受，再讲道理","改日再谈这个话题","pause|short|feel|later","sensitive"
"L2-L2-09-022-f4652297","L2","L2-09","被夸奖","最近这段时间，当我被夸奖「外表变化」相关的事时，我更吃哪一套？","私下夸一句就够","具体说我哪里做得好","别在亲戚面前夸太满","用行动支持比夸奖重要","private|specific|boundary|action","normal"
"L2-L2-09-021-f6ba16d1","L2","L2-09","被夸奖","如果只能选一个更贴近的：当我被夸奖「外表变化」相关的事时，我更吃哪一套？","私下夸一句就够","具体说我哪里做得好","别在亲戚面前夸太满","用行动支持比夸奖重要","private|specific|boundary|action","normal"
"L2-L2-09-020-78226683","L2","L2-09","被夸奖","当我被夸奖「外表变化」相关的事时，我更吃哪一套？","私下夸一句就够","具体说我哪里做得好","别在亲戚面前夸太满","用行动支持比夸奖重要","private|specific|boundary|action","normal"
"L2-L2-09-023-89f7b671","L2","L2-09","被夸奖","在我们家沟通里，当我被夸奖「外表变化」相关的事时，我更吃哪一套？","私下夸一句就够","具体说我哪里做得好","别在亲戚面前夸太满","用行动支持比夸奖重要","private|specific|boundary|action","normal"
"L2-L2-10-002-aa666b6d","L2","L2-10","低落","最近这段时间，我心情低落是因为「看完一部很触动的片子」时，怎样帮助最有效？","让我安静待一会","关心一句就好","帮我做点实际的事","听我说几分钟","space|checkin|practical|listen","normal"
"L2-L2-10-001-e7153fee","L2","L2-10","低落","如果只能选一个更贴近的：我心情低落是因为「看完一部很触动的片子」时，怎样帮助最有效？","让我安静待一会","关心一句就好","帮我做点实际的事","听我说几分钟","space|checkin|practical|listen","normal"
"L2-L2-10-000-31878e9c","L2","L2-10","低落","我心情低落是因为「看完一部很触动的片子」时，怎样帮助最有效？","让我安静待一会","关心一句就好","帮我做点实际的事","听我说几分钟","space|checkin|practical|listen","normal"
"L2-L2-09-019-e48d03f7","L2","L2-09","被夸奖","在我们家沟通里，当我被夸奖「照顾家人」相关的事时，我更吃哪一套？","私下夸一句就够","具体说我哪里做得好","别在亲戚面前夸太满","用行动支持比夸奖重要","private|specific|boundary|action","normal"
"L2-L2-09-014-33f0c9d2","L2","L2-09","被夸奖","最近这段时间，当我被夸奖「生活自理」相关的事时，我更吃哪一套？","私下夸一句就够","具体说我哪里做得好","别在亲戚面前夸太满","用行动支持比夸奖重要","private|specific|boundary|action","normal"
"L2-L2-09-013-99b594a5","L2","L2-09","被夸奖","如果只能选一个更贴近的：当我被夸奖「生活自理」相关的事时，我更吃哪一套？","私下夸一句就够","具体说我哪里做得好","别在亲戚面前夸太满","用行动支持比夸奖重要","private|specific|boundary|action","normal"
"L2-L2-09-012-edf51eb2","L2","L2-09","被夸奖","当我被夸奖「生活自理」相关的事时，我更吃哪一套？","私下夸一句就够","具体说我哪里做得好","别在亲戚面前夸太满","用行动支持比夸奖重要","private|specific|boundary|action","normal"
"L2-L2-09-015-78cdd315","L2","L2-09","被夸奖","在我们家沟通里，当我被夸奖「生活自理」相关的事时，我更吃哪一套？","私下夸一句就够","具体说我哪里做得好","别在亲戚面前夸太满","用行动支持比夸奖重要","private|specific|boundary|action","normal"
"L2-L2-09-018-9fc8fde3","L2","L2-09","被夸奖","最近这段时间，当我被夸奖「照顾家人」相关的事时，我更吃哪一套？","私下夸一句就够","具体说我哪里做得好","别在亲戚面前夸太满","用行动支持比夸奖重要","private|specific|boundary|action","normal"
"L2-L2-09-017-cb8074c1","L2","L2-09","被夸奖","如果只能选一个更贴近的：当我被夸奖「照顾家人」相关的事时，我更吃哪一套？","私下夸一句就够","具体说我哪里做得好","别在亲戚面前夸太满","用行动支持比夸奖重要","private|specific|boundary|action","normal"
"L2-L2-09-016-9951e66c","L2","L2-09","被夸奖","当我被夸奖「照顾家人」相关的事时，我更吃哪一套？","私下夸一句就够","具体说我哪里做得好","别在亲戚面前夸太满","用行动支持比夸奖重要","private|specific|boundary|action","normal"
"L2-L2-10-013-25d345a6","L2","L2-10","低落","如果只能选一个更贴近的：我心情低落是因为「刚吵完架还在余怒」时，怎样帮助最有效？","让我安静待一会","关心一句就好","帮我做点实际的事","听我说几分钟","space|checkin|practical|listen","normal"
"L2-L2-10-012-be108af7","L2","L2-10","低落","我心情低落是因为「刚吵完架还在余怒」时，怎样帮助最有效？","让我安静待一会","关心一句就好","帮我做点实际的事","听我说几分钟","space|checkin|practical|listen","normal"
"L2-L2-10-011-2b958305","L2","L2-10","低落","在我们家沟通里，我心情低落是因为「考试或汇报前紧张」时，怎样帮助最有效？","让我安静待一会","关心一句就好","帮我做点实际的事","听我说几分钟","space|checkin|practical|listen","normal"
"L2-L2-10-014-446de9d4","L2","L2-10","低落","最近这段时间，我心情低落是因为「刚吵完架还在余怒」时，怎样帮助最有效？","让我安静待一会","关心一句就好","帮我做点实际的事","听我说几分钟","space|checkin|practical|listen","normal"
"L2-L2-10-017-5e693a63","L2","L2-10","低落","如果只能选一个更贴近的：我心情低落是因为「连续上班很累」时，怎样帮助最有效？","让我安静待一会","关心一句就好","帮我做点实际的事","听我说几分钟","space|checkin|practical|listen","normal"
"L2-L2-10-016-3c7082e5","L2","L2-10","低落","我心情低落是因为「连续上班很累」时，怎样帮助最有效？","让我安静待一会","关心一句就好","帮我做点实际的事","听我说几分钟","space|checkin|practical|listen","normal"
"L2-L2-10-015-27f027ea","L2","L2-10","低落","在我们家沟通里，我心情低落是因为「刚吵完架还在余怒」时，怎样帮助最有效？","让我安静待一会","关心一句就好","帮我做点实际的事","听我说几分钟","space|checkin|practical|listen","normal"
"L2-L2-10-010-60c03018","L2","L2-10","低落","最近这段时间，我心情低落是因为「考试或汇报前紧张」时，怎样帮助最有效？","让我安静待一会","关心一句就好","帮我做点实际的事","听我说几分钟","space|checkin|practical|listen","normal"
"L2-L2-10-005-de04c328","L2","L2-10","低落","如果只能选一个更贴近的：我心情低落是因为「被批评后心情低落」时，怎样帮助最有效？","让我安静待一会","关心一句就好","帮我做点实际的事","听我说几分钟","space|checkin|practical|listen","normal"
"L2-L2-10-004-70360a8b","L2","L2-10","低落","我心情低落是因为「被批评后心情低落」时，怎样帮助最有效？","让我安静待一会","关心一句就好","帮我做点实际的事","听我说几分钟","space|checkin|practical|listen","normal"
"L2-L2-10-003-cdcb3eca","L2","L2-10","低落","在我们家沟通里，我心情低落是因为「看完一部很触动的片子」时，怎样帮助最有效？","让我安静待一会","关心一句就好","帮我做点实际的事","听我说几分钟","space|checkin|practical|listen","normal"
"L2-L2-10-006-4db17b77","L2","L2-10","低落","最近这段时间，我心情低落是因为「被批评后心情低落」时，怎样帮助最有效？","让我安静待一会","关心一句就好","帮我做点实际的事","听我说几分钟","space|checkin|practical|listen","normal"
"L2-L2-10-009-45a813ff","L2","L2-10","低落","如果只能选一个更贴近的：我心情低落是因为「考试或汇报前紧张」时，怎样帮助最有效？","让我安静待一会","关心一句就好","帮我做点实际的事","听我说几分钟","space|checkin|practical|listen","normal"
"L2-L2-10-008-acdb2f95","L2","L2-10","低落","我心情低落是因为「考试或汇报前紧张」时，怎样帮助最有效？","让我安静待一会","关心一句就好","帮我做点实际的事","听我说几分钟","space|checkin|practical|listen","normal"
"L2-L2-10-007-bce0296e","L2","L2-10","低落","在我们家沟通里，我心情低落是因为「被批评后心情低落」时，怎样帮助最有效？","让我安静待一会","关心一句就好","帮我做点实际的事","听我说几分钟","space|checkin|practical|listen","normal"
"L2-L2-08-028-8679943c","L2","L2-08","沟通渠道","「加班很晚回家」时，我更想用哪种方式和家里联系？","短消息就好","语音简明说重点","有空再视频","发照片比文字轻松","short|voice|video|photo","normal"
"L2-L2-08-027-95fa6e52","L2","L2-08","沟通渠道","在我们家沟通里，「运动完很疲惫」时，我更想用哪种方式和家里联系？","短消息就好","语音简明说重点","有空再视频","发照片比文字轻松","short|voice|video|photo","normal"
"L2-L2-08-026-10f05a94","L2","L2-08","沟通渠道","最近这段时间，「运动完很疲惫」时，我更想用哪种方式和家里联系？","短消息就好","语音简明说重点","有空再视频","发照片比文字轻松","short|voice|video|photo","normal"
"L2-L2-08-029-af885394","L2","L2-08","沟通渠道","如果只能选一个更贴近的：「加班很晚回家」时，我更想用哪种方式和家里联系？","短消息就好","语音简明说重点","有空再视频","发照片比文字轻松","short|voice|video|photo","normal"
"L2-L2-08-032-36d517bd","L2","L2-08","沟通渠道","「独处一整天后」时，我更想用哪种方式和家里联系？","短消息就好","语音简明说重点","有空再视频","发照片比文字轻松","short|voice|video|photo","normal"
"L2-L2-08-031-1370c4ae","L2","L2-08","沟通渠道","在我们家沟通里，「加班很晚回家」时，我更想用哪种方式和家里联系？","短消息就好","语音简明说重点","有空再视频","发照片比文字轻松","short|voice|video|photo","normal"
"L2-L2-08-030-f315f750","L2","L2-08","沟通渠道","最近这段时间，「加班很晚回家」时，我更想用哪种方式和家里联系？","短消息就好","语音简明说重点","有空再视频","发照片比文字轻松","short|voice|video|photo","normal"
"L2-L2-08-025-8c0ca69c","L2","L2-08","沟通渠道","如果只能选一个更贴近的：「运动完很疲惫」时，我更想用哪种方式和家里联系？","短消息就好","语音简明说重点","有空再视频","发照片比文字轻松","short|voice|video|photo","normal"
"L2-L2-08-020-3886e97c","L2","L2-08","沟通渠道","「搬家或换环境」时，我更想用哪种方式和家里联系？","短消息就好","语音简明说重点","有空再视频","发照片比文字轻松","short|voice|video|photo","normal"
"L2-L2-08-019-d97d3e8d","L2","L2-08","沟通渠道","在我们家沟通里，「突然收到坏消息」时，我更想用哪种方式和家里联系？","短消息就好","语音简明说重点","有空再视频","发照片比文字轻松","short|voice|video|photo","normal"
"L2-L2-08-018-ed60b091","L2","L2-08","沟通渠道","最近这段时间，「突然收到坏消息」时，我更想用哪种方式和家里联系？","短消息就好","语音简明说重点","有空再视频","发照片比文字轻松","short|voice|video|photo","normal"
"L2-L2-08-021-e15bcdad","L2","L2-08","沟通渠道","如果只能选一个更贴近的：「搬家或换环境」时，我更想用哪种方式和家里联系？","短消息就好","语音简明说重点","有空再视频","发照片比文字轻松","short|voice|video|photo","normal"
"L2-L2-08-024-4e24220e","L2","L2-08","沟通渠道","「运动完很疲惫」时，我更想用哪种方式和家里联系？","短消息就好","语音简明说重点","有空再视频","发照片比文字轻松","short|voice|video|photo","normal"
"L2-L2-08-023-91468b9b","L2","L2-08","沟通渠道","在我们家沟通里，「搬家或换环境」时，我更想用哪种方式和家里联系？","短消息就好","语音简明说重点","有空再视频","发照片比文字轻松","short|voice|video|photo","normal"
"L2-L2-08-022-0b49a4c2","L2","L2-08","沟通渠道","最近这段时间，「搬家或换环境」时，我更想用哪种方式和家里联系？","短消息就好","语音简明说重点","有空再视频","发照片比文字轻松","short|voice|video|photo","normal"
"L2-L2-08-043-6f2757f3","L2","L2-08","沟通渠道","在我们家沟通里，「约会或社交后回来」时，我更想用哪种方式和家里联系？","短消息就好","语音简明说重点","有空再视频","发照片比文字轻松","short|voice|video|photo","normal"
"L2-L2-08-042-c9d8df43","L2","L2-08","沟通渠道","最近这段时间，「约会或社交后回来」时，我更想用哪种方式和家里联系？","短消息就好","语音简明说重点","有空再视频","发照片比文字轻松","short|voice|video|photo","normal"
"L2-L2-08-041-fa6b5559","L2","L2-08","沟通渠道","如果只能选一个更贴近的：「约会或社交后回来」时，我更想用哪种方式和家里联系？","短消息就好","语音简明说重点","有空再视频","发照片比文字轻松","short|voice|video|photo","normal"
"L2-L2-08-044-47d80ad8","L2","L2-08","沟通渠道","「换季容易不舒服」时，我更想用哪种方式和家里联系？","短消息就好","语音简明说重点","有空再视频","发照片比文字轻松","short|voice|video|photo","normal"
"L2-L2-08-047-eb010442","L2","L2-08","沟通渠道","在我们家沟通里，「换季容易不舒服」时，我更想用哪种方式和家里联系？","短消息就好","语音简明说重点","有空再视频","发照片比文字轻松","short|voice|video|photo","normal"
"L2-L2-08-046-2c686ac8","L2","L2-08","沟通渠道","最近这段时间，「换季容易不舒服」时，我更想用哪种方式和家里联系？","短消息就好","语音简明说重点","有空再视频","发照片比文字轻松","short|voice|video|photo","normal"
"L2-L2-08-045-87bb25aa","L2","L2-08","沟通渠道","如果只能选一个更贴近的：「换季容易不舒服」时，我更想用哪种方式和家里联系？","短消息就好","语音简明说重点","有空再视频","发照片比文字轻松","short|voice|video|photo","normal"
"L2-L2-08-040-26644193","L2","L2-08","沟通渠道","「约会或社交后回来」时，我更想用哪种方式和家里联系？","短消息就好","语音简明说重点","有空再视频","发照片比文字轻松","short|voice|video|photo","normal"
"L2-L2-08-035-17b28d20","L2","L2-08","沟通渠道","在我们家沟通里，「独处一整天后」时，我更想用哪种方式和家里联系？","短消息就好","语音简明说重点","有空再视频","发照片比文字轻松","short|voice|video|photo","normal"
"L2-L2-08-034-a605aa96","L2","L2-08","沟通渠道","最近这段时间，「独处一整天后」时，我更想用哪种方式和家里联系？","短消息就好","语音简明说重点","有空再视频","发照片比文字轻松","short|voice|video|photo","normal"
"L2-L2-08-033-f3bdfad5","L2","L2-08","沟通渠道","如果只能选一个更贴近的：「独处一整天后」时，我更想用哪种方式和家里联系？","短消息就好","语音简明说重点","有空再视频","发照片比文字轻松","short|voice|video|photo","normal"
"L2-L2-08-036-eb8f0301","L2","L2-08","沟通渠道","「周末被临时叫回家」时，我更想用哪种方式和家里联系？","短消息就好","语音简明说重点","有空再视频","发照片比文字轻松","short|voice|video|photo","normal"
"L2-L2-08-039-64f6fc74","L2","L2-08","沟通渠道","在我们家沟通里，「周末被临时叫回家」时，我更想用哪种方式和家里联系？","短消息就好","语音简明说重点","有空再视频","发照片比文字轻松","short|voice|video|photo","normal"
"L2-L2-08-038-cf5f1556","L2","L2-08","沟通渠道","最近这段时间，「周末被临时叫回家」时，我更想用哪种方式和家里联系？","短消息就好","语音简明说重点","有空再视频","发照片比文字轻松","short|voice|video|photo","normal"
"L2-L2-08-037-9329d1c4","L2","L2-08","沟通渠道","如果只能选一个更贴近的：「周末被临时叫回家」时，我更想用哪种方式和家里联系？","短消息就好","语音简明说重点","有空再视频","发照片比文字轻松","short|voice|video|photo","normal"
"L2-L2-07-002-7644c05d","L2","L2-07","开心","最近这段时间，我分享开心事时，最希望你们的反应是？","先替我开心，别先泼冷水","问我细节，表示真的感兴趣","简单祝贺就很好","把骄傲放心里，别过度宣传","joy|curious|simple|private","normal"
"L2-L2-07-001-75686e58","L2","L2-07","开心","如果只能选一个更贴近的：我分享开心事时，最希望你们的反应是？","先替我开心，别先泼冷水","问我细节，表示真的感兴趣","简单祝贺就很好","把骄傲放心里，别过度宣传","joy|curious|simple|private","normal"
"L2-L2-07-000-407f11c3","L2","L2-07","开心","我分享开心事时，最希望你们的反应是？","先替我开心，别先泼冷水","问我细节，表示真的感兴趣","简单祝贺就很好","把骄傲放心里，别过度宣传","joy|curious|simple|private","normal"
"L2-L2-07-003-fad513bd","L2","L2-07","开心","在我们家沟通里，我分享开心事时，最希望你们的反应是？","先替我开心，别先泼冷水","问我细节，表示真的感兴趣","简单祝贺就很好","把骄傲放心里，别过度宣传","joy|curious|simple|private","normal"
"L2-L2-08-002-09e5a420","L2","L2-08","沟通渠道","最近这段时间，「一个人在外吃饭」时，我更想用哪种方式和家里联系？","短消息就好","语音简明说重点","有空再视频","发照片比文字轻松","short|voice|video|photo","normal"
"L2-L2-08-001-4715c1a8","L2","L2-08","沟通渠道","如果只能选一个更贴近的：「一个人在外吃饭」时，我更想用哪种方式和家里联系？","短消息就好","语音简明说重点","有空再视频","发照片比文字轻松","short|voice|video|photo","normal"
"L2-L2-08-000-8201e3d2","L2","L2-08","沟通渠道","「一个人在外吃饭」时，我更想用哪种方式和家里联系？","短消息就好","语音简明说重点","有空再视频","发照片比文字轻松","short|voice|video|photo","normal"
"L2-L2-06-155-2f5730fb","L2","L2-06","担心","在我们家沟通里，你们担心我时，我「看完一部很触动的片子」的情况下更希望？","先相信我能处理好","问一句近况就好","给我建议但别替我决定","等我求助时再介入","trust|checkin|advice|space","normal"
"L2-L2-06-150-5fd94958","L2","L2-06","担心","最近这段时间，你们担心我时，我「租房或缴租日附近」的情况下更希望？","先相信我能处理好","问一句近况就好","给我建议但别替我决定","等我求助时再介入","trust|checkin|advice|space","normal"
"L2-L2-06-149-7dc2cfa4","L2","L2-06","担心","如果只能选一个更贴近的：你们担心我时，我「租房或缴租日附近」的情况下更希望？","先相信我能处理好","问一句近况就好","给我建议但别替我决定","等我求助时再介入","trust|checkin|advice|space","normal"
"L2-L2-06-148-8d17d9e8","L2","L2-06","担心","你们担心我时，我「租房或缴租日附近」的情况下更希望？","先相信我能处理好","问一句近况就好","给我建议但别替我决定","等我求助时再介入","trust|checkin|advice|space","normal"
"L2-L2-06-151-81b6c947","L2","L2-06","担心","在我们家沟通里，你们担心我时，我「租房或缴租日附近」的情况下更希望？","先相信我能处理好","问一句近况就好","给我建议但别替我决定","等我求助时再介入","trust|checkin|advice|space","normal"
"L2-L2-06-154-edb425de","L2","L2-06","担心","最近这段时间，你们担心我时，我「看完一部很触动的片子」的情况下更希望？","先相信我能处理好","问一句近况就好","给我建议但别替我决定","等我求助时再介入","trust|checkin|advice|space","normal"
"L2-L2-06-153-181c0298","L2","L2-06","担心","如果只能选一个更贴近的：你们担心我时，我「看完一部很触动的片子」的情况下更希望？","先相信我能处理好","问一句近况就好","给我建议但别替我决定","等我求助时再介入","trust|checkin|advice|space","normal"
"L2-L2-06-152-0367c0b9","L2","L2-06","担心","你们担心我时，我「看完一部很触动的片子」的情况下更希望？","先相信我能处理好","问一句近况就好","给我建议但别替我决定","等我求助时再介入","trust|checkin|advice|space","normal"
"L2-L2-08-013-4798fc9b","L2","L2-08","沟通渠道","如果只能选一个更贴近的：「刚拒绝一个社交邀请」时，我更想用哪种方式和家里联系？","短消息就好","语音简明说重点","有空再视频","发照片比文字轻松","short|voice|video|photo","normal"
"L2-L2-08-012-e1474b36","L2","L2-08","沟通渠道","「刚拒绝一个社交邀请」时，我更想用哪种方式和家里联系？","短消息就好","语音简明说重点","有空再视频","发照片比文字轻松","short|voice|video|photo","normal"
"L2-L2-08-011-f2dec3f7","L2","L2-08","沟通渠道","在我们家沟通里，「看牙医或体检前后」时，我更想用哪种方式和家里联系？","短消息就好","语音简明说重点","有空再视频","发照片比文字轻松","short|voice|video|photo","normal"
"L2-L2-08-014-4ef9470a","L2","L2-08","沟通渠道","最近这段时间，「刚拒绝一个社交邀请」时，我更想用哪种方式和家里联系？","短消息就好","语音简明说重点","有空再视频","发照片比文字轻松","short|voice|video|photo","normal"
"L2-L2-08-017-70c992ef","L2","L2-08","沟通渠道","如果只能选一个更贴近的：「突然收到坏消息」时，我更想用哪种方式和家里联系？","短消息就好","语音简明说重点","有空再视频","发照片比文字轻松","short|voice|video|photo","normal"
"L2-L2-08-016-68f45708","L2","L2-08","沟通渠道","「突然收到坏消息」时，我更想用哪种方式和家里联系？","短消息就好","语音简明说重点","有空再视频","发照片比文字轻松","short|voice|video|photo","normal"
"L2-L2-08-015-76c300dc","L2","L2-08","沟通渠道","在我们家沟通里，「刚拒绝一个社交邀请」时，我更想用哪种方式和家里联系？","短消息就好","语音简明说重点","有空再视频","发照片比文字轻松","short|voice|video|photo","normal"
"L2-L2-08-010-47b85f45","L2","L2-08","沟通渠道","最近这段时间，「看牙医或体检前后」时，我更想用哪种方式和家里联系？","短消息就好","语音简明说重点","有空再视频","发照片比文字轻松","short|voice|video|photo","normal"
"L2-L2-08-005-d0b01781","L2","L2-08","沟通渠道","如果只能选一个更贴近的：「租房或缴租日附近」时，我更想用哪种方式和家里联系？","短消息就好","语音简明说重点","有空再视频","发照片比文字轻松","short|voice|video|photo","normal"
"L2-L2-08-004-8e00d814","L2","L2-08","沟通渠道","「租房或缴租日附近」时，我更想用哪种方式和家里联系？","短消息就好","语音简明说重点","有空再视频","发照片比文字轻松","short|voice|video|photo","normal"
"L2-L2-08-003-cc56b0c9","L2","L2-08","沟通渠道","在我们家沟通里，「一个人在外吃饭」时，我更想用哪种方式和家里联系？","短消息就好","语音简明说重点","有空再视频","发照片比文字轻松","short|voice|video|photo","normal"
"L2-L2-08-006-f5f7019e","L2","L2-08","沟通渠道","最近这段时间，「租房或缴租日附近」时，我更想用哪种方式和家里联系？","短消息就好","语音简明说重点","有空再视频","发照片比文字轻松","short|voice|video|photo","normal"
"L2-L2-08-009-0e5a8fc7","L2","L2-08","沟通渠道","如果只能选一个更贴近的：「看牙医或体检前后」时，我更想用哪种方式和家里联系？","短消息就好","语音简明说重点","有空再视频","发照片比文字轻松","short|voice|video|photo","normal"
"L2-L2-08-008-d0e4d8a5","L2","L2-08","沟通渠道","「看牙医或体检前后」时，我更想用哪种方式和家里联系？","短消息就好","语音简明说重点","有空再视频","发照片比文字轻松","short|voice|video|photo","normal"
"L2-L2-08-007-b8570bfc","L2","L2-08","沟通渠道","在我们家沟通里，「租房或缴租日附近」时，我更想用哪种方式和家里联系？","短消息就好","语音简明说重点","有空再视频","发照片比文字轻松","short|voice|video|photo","normal"
"L2-L2-08-088-166458f0","L2","L2-08","沟通渠道","「月底钱有点紧」时，我更想用哪种方式和家里联系？","短消息就好","语音简明说重点","有空再视频","发照片比文字轻松","short|voice|video|photo","normal"
"L2-L2-08-087-1e7d3ba8","L2","L2-08","沟通渠道","在我们家沟通里，「计划被雨天打乱」时，我更想用哪种方式和家里联系？","短消息就好","语音简明说重点","有空再视频","发照片比文字轻松","short|voice|video|photo","normal"
"L2-L2-08-086-0efc2198","L2","L2-08","沟通渠道","最近这段时间，「计划被雨天打乱」时，我更想用哪种方式和家里联系？","短消息就好","语音简明说重点","有空再视频","发照片比文字轻松","short|voice|video|photo","normal"
"L2-L2-08-089-ae359cb7","L2","L2-08","沟通渠道","如果只能选一个更贴近的：「月底钱有点紧」时，我更想用哪种方式和家里联系？","短消息就好","语音简明说重点","有空再视频","发照片比文字轻松","short|voice|video|photo","normal"
"L2-L2-08-092-c09f2796","L2","L2-08","沟通渠道","「下雨不想出门」时，我更想用哪种方式和家里联系？","短消息就好","语音简明说重点","有空再视频","发照片比文字轻松","short|voice|video|photo","normal"
"L2-L2-08-091-d542e28d","L2","L2-08","沟通渠道","在我们家沟通里，「月底钱有点紧」时，我更想用哪种方式和家里联系？","短消息就好","语音简明说重点","有空再视频","发照片比文字轻松","short|voice|video|photo","normal"
"L2-L2-08-090-875bac90","L2","L2-08","沟通渠道","最近这段时间，「月底钱有点紧」时，我更想用哪种方式和家里联系？","短消息就好","语音简明说重点","有空再视频","发照片比文字轻松","short|voice|video|photo","normal"
"L2-L2-08-085-680d97a9","L2","L2-08","沟通渠道","如果只能选一个更贴近的：「计划被雨天打乱」时，我更想用哪种方式和家里联系？","短消息就好","语音简明说重点","有空再视频","发照片比文字轻松","short|voice|video|photo","normal"
"L2-L2-08-080-c3730602","L2","L2-08","沟通渠道","「和同事发生小摩擦后」时，我更想用哪种方式和家里联系？","短消息就好","语音简明说重点","有空再视频","发照片比文字轻松","short|voice|video|photo","normal"
"L2-L2-08-079-89668a9b","L2","L2-08","沟通渠道","在我们家沟通里，「熬夜赶东西」时，我更想用哪种方式和家里联系？","短消息就好","语音简明说重点","有空再视频","发照片比文字轻松","short|voice|video|photo","normal"
"L2-L2-08-078-f8e624db","L2","L2-08","沟通渠道","最近这段时间，「熬夜赶东西」时，我更想用哪种方式和家里联系？","短消息就好","语音简明说重点","有空再视频","发照片比文字轻松","short|voice|video|photo","normal"
"L2-L2-08-081-00e23715","L2","L2-08","沟通渠道","如果只能选一个更贴近的：「和同事发生小摩擦后」时，我更想用哪种方式和家里联系？","短消息就好","语音简明说重点","有空再视频","发照片比文字轻松","short|voice|video|photo","normal"
"L2-L2-08-084-3de652a4","L2","L2-08","沟通渠道","「计划被雨天打乱」时，我更想用哪种方式和家里联系？","短消息就好","语音简明说重点","有空再视频","发照片比文字轻松","short|voice|video|photo","normal"
"L2-L2-08-083-4e50c789","L2","L2-08","沟通渠道","在我们家沟通里，「和同事发生小摩擦后」时，我更想用哪种方式和家里联系？","短消息就好","语音简明说重点","有空再视频","发照片比文字轻松","short|voice|video|photo","normal"
"L2-L2-08-082-02eea2dd","L2","L2-08","沟通渠道","最近这段时间，「和同事发生小摩擦后」时，我更想用哪种方式和家里联系？","短消息就好","语音简明说重点","有空再视频","发照片比文字轻松","short|voice|video|photo","normal"
"L2-L2-08-103-55f8597b","L2","L2-08","沟通渠道","在我们家沟通里，「连续开会头脑发胀」时，我更想用哪种方式和家里联系？","短消息就好","语音简明说重点","有空再视频","发照片比文字轻松","short|voice|video|photo","normal"
"L2-L2-08-102-90cc6f8e","L2","L2-08","沟通渠道","最近这段时间，「连续开会头脑发胀」时，我更想用哪种方式和家里联系？","短消息就好","语音简明说重点","有空再视频","发照片比文字轻松","short|voice|video|photo","normal"
"L2-L2-08-101-b3a1d0c7","L2","L2-08","沟通渠道","如果只能选一个更贴近的：「连续开会头脑发胀」时，我更想用哪种方式和家里联系？","短消息就好","语音简明说重点","有空再视频","发照片比文字轻松","short|voice|video|photo","normal"
"L2-L2-08-104-5e7da1dc","L2","L2-08","沟通渠道","「突然收到好消息」时，我更想用哪种方式和家里联系？","短消息就好","语音简明说重点","有空再视频","发照片比文字轻松","short|voice|video|photo","normal"
"L2-L2-08-107-bd28abbb","L2","L2-08","沟通渠道","在我们家沟通里，「突然收到好消息」时，我更想用哪种方式和家里联系？","短消息就好","语音简明说重点","有空再视频","发照片比文字轻松","short|voice|video|photo","normal"
"L2-L2-08-106-371bb160","L2","L2-08","沟通渠道","最近这段时间，「突然收到好消息」时，我更想用哪种方式和家里联系？","短消息就好","语音简明说重点","有空再视频","发照片比文字轻松","short|voice|video|photo","normal"
"L2-L2-08-105-e5463351","L2","L2-08","沟通渠道","如果只能选一个更贴近的：「突然收到好消息」时，我更想用哪种方式和家里联系？","短消息就好","语音简明说重点","有空再视频","发照片比文字轻松","short|voice|video|photo","normal"
"L2-L2-08-100-11c673d9","L2","L2-08","沟通渠道","「连续开会头脑发胀」时，我更想用哪种方式和家里联系？","短消息就好","语音简明说重点","有空再视频","发照片比文字轻松","short|voice|video|photo","normal"
"L2-L2-08-095-d6bed117","L2","L2-08","沟通渠道","在我们家沟通里，「下雨不想出门」时，我更想用哪种方式和家里联系？","短消息就好","语音简明说重点","有空再视频","发照片比文字轻松","short|voice|video|photo","normal"
"L2-L2-08-094-d7d4a622","L2","L2-08","沟通渠道","最近这段时间，「下雨不想出门」时，我更想用哪种方式和家里联系？","短消息就好","语音简明说重点","有空再视频","发照片比文字轻松","short|voice|video|photo","normal"
"L2-L2-08-093-bbb131ae","L2","L2-08","沟通渠道","如果只能选一个更贴近的：「下雨不想出门」时，我更想用哪种方式和家里联系？","短消息就好","语音简明说重点","有空再视频","发照片比文字轻松","short|voice|video|photo","normal"
"L2-L2-08-096-8dadd5f5","L2","L2-08","沟通渠道","「被临时安排加班」时，我更想用哪种方式和家里联系？","短消息就好","语音简明说重点","有空再视频","发照片比文字轻松","short|voice|video|photo","normal"
"L2-L2-08-099-0fef1b79","L2","L2-08","沟通渠道","在我们家沟通里，「被临时安排加班」时，我更想用哪种方式和家里联系？","短消息就好","语音简明说重点","有空再视频","发照片比文字轻松","short|voice|video|photo","normal"
"L2-L2-08-098-7c276a19","L2","L2-08","沟通渠道","最近这段时间，「被临时安排加班」时，我更想用哪种方式和家里联系？","短消息就好","语音简明说重点","有空再视频","发照片比文字轻松","short|voice|video|photo","normal"
"L2-L2-08-097-a1a62228","L2","L2-08","沟通渠道","如果只能选一个更贴近的：「被临时安排加班」时，我更想用哪种方式和家里联系？","短消息就好","语音简明说重点","有空再视频","发照片比文字轻松","short|voice|video|photo","normal"
"L2-L2-08-058-0f90a52f","L2","L2-08","沟通渠道","最近这段时间，「项目上线前夕」时，我更想用哪种方式和家里联系？","短消息就好","语音简明说重点","有空再视频","发照片比文字轻松","short|voice|video|photo","normal"
"L2-L2-08-057-9fb2fd7b","L2","L2-08","沟通渠道","如果只能选一个更贴近的：「项目上线前夕」时，我更想用哪种方式和家里联系？","短消息就好","语音简明说重点","有空再视频","发照片比文字轻松","short|voice|video|photo","normal"
"L2-L2-08-056-2d7efd3c","L2","L2-08","沟通渠道","「项目上线前夕」时，我更想用哪种方式和家里联系？","短消息就好","语音简明说重点","有空再视频","发照片比文字轻松","short|voice|video|photo","normal"
"L2-L2-08-059-af8a985d","L2","L2-08","沟通渠道","在我们家沟通里，「项目上线前夕」时，我更想用哪种方式和家里联系？","短消息就好","语音简明说重点","有空再视频","发照片比文字轻松","short|voice|video|photo","normal"
"L2-L2-08-062-8353bdd0","L2","L2-08","沟通渠道","最近这段时间，「早上起不来」时，我更想用哪种方式和家里联系？","短消息就好","语音简明说重点","有空再视频","发照片比文字轻松","short|voice|video|photo","normal"
"L2-L2-08-061-d98fad13","L2","L2-08","沟通渠道","如果只能选一个更贴近的：「早上起不来」时，我更想用哪种方式和家里联系？","短消息就好","语音简明说重点","有空再视频","发照片比文字轻松","short|voice|video|photo","normal"
"L2-L2-08-060-dfa35d2d","L2","L2-08","沟通渠道","「早上起不来」时，我更想用哪种方式和家里联系？","短消息就好","语音简明说重点","有空再视频","发照片比文字轻松","short|voice|video|photo","normal"
"L2-L2-08-055-990faa13","L2","L2-08","沟通渠道","在我们家沟通里，「被批评后心情低落」时，我更想用哪种方式和家里联系？","短消息就好","语音简明说重点","有空再视频","发照片比文字轻松","short|voice|video|photo","normal"
"L2-L2-08-050-8db79e1f","L2","L2-08","沟通渠道","最近这段时间，「突然很想家」时，我更想用哪种方式和家里联系？","短消息就好","语音简明说重点","有空再视频","发照片比文字轻松","short|voice|video|photo","normal"
"L2-L2-08-049-96c10f19","L2","L2-08","沟通渠道","如果只能选一个更贴近的：「突然很想家」时，我更想用哪种方式和家里联系？","短消息就好","语音简明说重点","有空再视频","发照片比文字轻松","short|voice|video|photo","normal"
"L2-L2-08-048-561ff480","L2","L2-08","沟通渠道","「突然很想家」时，我更想用哪种方式和家里联系？","短消息就好","语音简明说重点","有空再视频","发照片比文字轻松","short|voice|video|photo","normal"
"L2-L2-08-051-33e9307d","L2","L2-08","沟通渠道","在我们家沟通里，「突然很想家」时，我更想用哪种方式和家里联系？","短消息就好","语音简明说重点","有空再视频","发照片比文字轻松","short|voice|video|photo","normal"
"L2-L2-08-054-ab5512f5","L2","L2-08","沟通渠道","最近这段时间，「被批评后心情低落」时，我更想用哪种方式和家里联系？","短消息就好","语音简明说重点","有空再视频","发照片比文字轻松","short|voice|video|photo","normal"
"L2-L2-08-053-6281fa67","L2","L2-08","沟通渠道","如果只能选一个更贴近的：「被批评后心情低落」时，我更想用哪种方式和家里联系？","短消息就好","语音简明说重点","有空再视频","发照片比文字轻松","short|voice|video|photo","normal"
"L2-L2-08-052-ee450889","L2","L2-08","沟通渠道","「被批评后心情低落」时，我更想用哪种方式和家里联系？","短消息就好","语音简明说重点","有空再视频","发照片比文字轻松","short|voice|video|photo","normal"
"L2-L2-08-073-55ea17c5","L2","L2-08","沟通渠道","如果只能选一个更贴近的：「看完一部很触动的片子」时，我更想用哪种方式和家里联系？","短消息就好","语音简明说重点","有空再视频","发照片比文字轻松","short|voice|video|photo","normal"
"L2-L2-08-072-a0a156e9","L2","L2-08","沟通渠道","「看完一部很触动的片子」时，我更想用哪种方式和家里联系？","短消息就好","语音简明说重点","有空再视频","发照片比文字轻松","short|voice|video|photo","normal"
"L2-L2-08-071-7445ab10","L2","L2-08","沟通渠道","在我们家沟通里，「和朋友出去玩」时，我更想用哪种方式和家里联系？","短消息就好","语音简明说重点","有空再视频","发照片比文字轻松","short|voice|video|photo","normal"
"L2-L2-08-074-c837340a","L2","L2-08","沟通渠道","最近这段时间，「看完一部很触动的片子」时，我更想用哪种方式和家里联系？","短消息就好","语音简明说重点","有空再视频","发照片比文字轻松","short|voice|video|photo","normal"
"L2-L2-08-077-59b7a7cf","L2","L2-08","沟通渠道","如果只能选一个更贴近的：「熬夜赶东西」时，我更想用哪种方式和家里联系？","短消息就好","语音简明说重点","有空再视频","发照片比文字轻松","short|voice|video|photo","normal"
"L2-L2-08-076-414822b8","L2","L2-08","沟通渠道","「熬夜赶东西」时，我更想用哪种方式和家里联系？","短消息就好","语音简明说重点","有空再视频","发照片比文字轻松","short|voice|video|photo","normal"
"L2-L2-08-075-45b242cf","L2","L2-08","沟通渠道","在我们家沟通里，「看完一部很触动的片子」时，我更想用哪种方式和家里联系？","短消息就好","语音简明说重点","有空再视频","发照片比文字轻松","short|voice|video|photo","normal"
"L2-L2-08-070-8f87a577","L2","L2-08","沟通渠道","最近这段时间，「和朋友出去玩」时，我更想用哪种方式和家里联系？","短消息就好","语音简明说重点","有空再视频","发照片比文字轻松","short|voice|video|photo","normal"
"L2-L2-08-065-f047c3c4","L2","L2-08","沟通渠道","如果只能选一个更贴近的：「刷到让自己emo的内容」时，我更想用哪种方式和家里联系？","短消息就好","语音简明说重点","有空再视频","发照片比文字轻松","short|voice|video|photo","normal"
"L2-L2-08-064-38e43783","L2","L2-08","沟通渠道","「刷到让自己emo的内容」时，我更想用哪种方式和家里联系？","短消息就好","语音简明说重点","有空再视频","发照片比文字轻松","short|voice|video|photo","normal"
"L2-L2-08-063-94ed5208","L2","L2-08","沟通渠道","在我们家沟通里，「早上起不来」时，我更想用哪种方式和家里联系？","短消息就好","语音简明说重点","有空再视频","发照片比文字轻松","short|voice|video|photo","normal"
"L2-L2-08-066-135481fe","L2","L2-08","沟通渠道","最近这段时间，「刷到让自己emo的内容」时，我更想用哪种方式和家里联系？","短消息就好","语音简明说重点","有空再视频","发照片比文字轻松","short|voice|video|photo","normal"
"L2-L2-08-069-a159a5cc","L2","L2-08","沟通渠道","如果只能选一个更贴近的：「和朋友出去玩」时，我更想用哪种方式和家里联系？","短消息就好","语音简明说重点","有空再视频","发照片比文字轻松","short|voice|video|photo","normal"
"L2-L2-08-068-8db717bf","L2","L2-08","沟通渠道","「和朋友出去玩」时，我更想用哪种方式和家里联系？","短消息就好","语音简明说重点","有空再视频","发照片比文字轻松","short|voice|video|photo","normal"
"L2-L2-08-067-4c540e7b","L2","L2-08","沟通渠道","在我们家沟通里，「刷到让自己emo的内容」时，我更想用哪种方式和家里联系？","短消息就好","语音简明说重点","有空再视频","发照片比文字轻松","short|voice|video|photo","normal"
"L2-L2-16-048-e90b359c","L2","L2-16","求助","我「需要被鼓励的时候」如果向你们求助，我希望你们？","先问我需要听还是需要建议","别扩散给亲戚朋友","支持我的决定权","给我时间，不催结论","ask_mode|privacy|agency|time","normal"
"L2-L2-16-047-c22c6398","L2","L2-16","求助","在我们家沟通里，我「做错事后」如果向你们求助，我希望你们？","先问我需要听还是需要建议","别扩散给亲戚朋友","支持我的决定权","给我时间，不催结论","ask_mode|privacy|agency|time","normal"
"L2-L2-16-046-af75e336","L2","L2-16","求助","最近这段时间，我「做错事后」如果向你们求助，我希望你们？","先问我需要听还是需要建议","别扩散给亲戚朋友","支持我的决定权","给我时间，不催结论","ask_mode|privacy|agency|time","normal"
"L2-L2-16-049-3cd80def","L2","L2-16","求助","如果只能选一个更贴近的：我「需要被鼓励的时候」如果向你们求助，我希望你们？","先问我需要听还是需要建议","别扩散给亲戚朋友","支持我的决定权","给我时间，不催结论","ask_mode|privacy|agency|time","normal"
"L2-L2-16-052-a005cc12","L2","L2-16","求助","我「需要做重大决定时」如果向你们求助，我希望你们？","先问我需要听还是需要建议","别扩散给亲戚朋友","支持我的决定权","给我时间，不催结论","ask_mode|privacy|agency|time","normal"
"L2-L2-16-051-92e578ee","L2","L2-16","求助","在我们家沟通里，我「需要被鼓励的时候」如果向你们求助，我希望你们？","先问我需要听还是需要建议","别扩散给亲戚朋友","支持我的决定权","给我时间，不催结论","ask_mode|privacy|agency|time","normal"
"L2-L2-16-050-8e0dd80c","L2","L2-16","求助","最近这段时间，我「需要被鼓励的时候」如果向你们求助，我希望你们？","先问我需要听还是需要建议","别扩散给亲戚朋友","支持我的决定权","给我时间，不催结论","ask_mode|privacy|agency|time","normal"
"L2-L2-16-045-9f5c5d85","L2","L2-16","求助","如果只能选一个更贴近的：我「做错事后」如果向你们求助，我希望你们？","先问我需要听还是需要建议","别扩散给亲戚朋友","支持我的决定权","给我时间，不催结论","ask_mode|privacy|agency|time","normal"
"L2-L2-16-040-ffd9990d","L2","L2-16","求助","我「突然焦虑的时候」如果向你们求助，我希望你们？","先问我需要听还是需要建议","别扩散给亲戚朋友","支持我的决定权","给我时间，不催结论","ask_mode|privacy|agency|time","normal"
"L2-L2-16-039-beb00754","L2","L2-16","求助","在我们家沟通里，我「社交电池耗尽时」如果向你们求助，我希望你们？","先问我需要听还是需要建议","别扩散给亲戚朋友","支持我的决定权","给我时间，不催结论","ask_mode|privacy|agency|time","normal"
"L2-L2-16-038-1626b304","L2","L2-16","求助","最近这段时间，我「社交电池耗尽时」如果向你们求助，我希望你们？","先问我需要听还是需要建议","别扩散给亲戚朋友","支持我的决定权","给我时间，不催结论","ask_mode|privacy|agency|time","normal"
"L2-L2-16-041-5ec6b714","L2","L2-16","求助","如果只能选一个更贴近的：我「突然焦虑的时候」如果向你们求助，我希望你们？","先问我需要听还是需要建议","别扩散给亲戚朋友","支持我的决定权","给我时间，不催结论","ask_mode|privacy|agency|time","normal"
"L2-L2-16-044-9c25b824","L2","L2-16","求助","我「做错事后」如果向你们求助，我希望你们？","先问我需要听还是需要建议","别扩散给亲戚朋友","支持我的决定权","给我时间，不催结论","ask_mode|privacy|agency|time","normal"
"L2-L2-16-043-1d322e5e","L2","L2-16","求助","在我们家沟通里，我「突然焦虑的时候」如果向你们求助，我希望你们？","先问我需要听还是需要建议","别扩散给亲戚朋友","支持我的决定权","给我时间，不催结论","ask_mode|privacy|agency|time","normal"
"L2-L2-16-042-9904e109","L2","L2-16","求助","最近这段时间，我「突然焦虑的时候」如果向你们求助，我希望你们？","先问我需要听还是需要建议","别扩散给亲戚朋友","支持我的决定权","给我时间，不催结论","ask_mode|privacy|agency|time","normal"
"L2-L2-17-007-f439678d","L2","L2-17","道歉","在我们家沟通里，吵完后，话题还停在「在亲戚面前被数落」时，我更容易接受的修复是？","一句真诚的「刚才太急了」","用行动表示在意","下次换种说法","先恢复日常互动，不硬和解谈","sorry|action|change|normal","sensitive"
"L2-L2-17-006-06f72c39","L2","L2-17","道歉","最近这段时间，吵完后，话题还停在「在亲戚面前被数落」时，我更容易接受的修复是？","一句真诚的「刚才太急了」","用行动表示在意","下次换种说法","先恢复日常互动，不硬和解谈","sorry|action|change|normal","sensitive"
"L2-L2-17-005-6c779241","L2","L2-17","道歉","如果只能选一个更贴近的：吵完后，话题还停在「在亲戚面前被数落」时，我更容易接受的修复是？","一句真诚的「刚才太急了」","用行动表示在意","下次换种说法","先恢复日常互动，不硬和解谈","sorry|action|change|normal","sensitive"
"L2-L2-17-008-3793e40c","L2","L2-17","道歉","吵完后，话题还停在「被反复叮嘱同一件事」时，我更容易接受的修复是？","一句真诚的「刚才太急了」","用行动表示在意","下次换种说法","先恢复日常互动，不硬和解谈","sorry|action|change|normal","sensitive"
"L2-L2-17-011-5f6ca677","L2","L2-17","道歉","在我们家沟通里，吵完后，话题还停在「被反复叮嘱同一件事」时，我更容易接受的修复是？","一句真诚的「刚才太急了」","用行动表示在意","下次换种说法","先恢复日常互动，不硬和解谈","sorry|action|change|normal","sensitive"
"L2-L2-17-010-ca846147","L2","L2-17","道歉","最近这段时间，吵完后，话题还停在「被反复叮嘱同一件事」时，我更容易接受的修复是？","一句真诚的「刚才太急了」","用行动表示在意","下次换种说法","先恢复日常互动，不硬和解谈","sorry|action|change|normal","sensitive"
"L2-L2-17-009-de8317c6","L2","L2-17","道歉","如果只能选一个更贴近的：吵完后，话题还停在「被反复叮嘱同一件事」时，我更容易接受的修复是？","一句真诚的「刚才太急了」","用行动表示在意","下次换种说法","先恢复日常互动，不硬和解谈","sorry|action|change|normal","sensitive"
"L2-L2-17-004-dc8506f1","L2","L2-17","道歉","吵完后，话题还停在「在亲戚面前被数落」时，我更容易接受的修复是？","一句真诚的「刚才太急了」","用行动表示在意","下次换种说法","先恢复日常互动，不硬和解谈","sorry|action|change|normal","sensitive"
"L2-L2-16-055-44048665","L2","L2-16","求助","在我们家沟通里，我「需要做重大决定时」如果向你们求助，我希望你们？","先问我需要听还是需要建议","别扩散给亲戚朋友","支持我的决定权","给我时间，不催结论","ask_mode|privacy|agency|time","normal"
"L2-L2-16-054-7f1d7d2d","L2","L2-16","求助","最近这段时间，我「需要做重大决定时」如果向你们求助，我希望你们？","先问我需要听还是需要建议","别扩散给亲戚朋友","支持我的决定权","给我时间，不催结论","ask_mode|privacy|agency|time","normal"
"L2-L2-16-053-872f032e","L2","L2-16","求助","如果只能选一个更贴近的：我「需要做重大决定时」如果向你们求助，我希望你们？","先问我需要听还是需要建议","别扩散给亲戚朋友","支持我的决定权","给我时间，不催结论","ask_mode|privacy|agency|time","normal"
"L2-L2-17-000-4ce090d1","L2","L2-17","道歉","吵完后，话题还停在「意见不合快要吵起来」时，我更容易接受的修复是？","一句真诚的「刚才太急了」","用行动表示在意","下次换种说法","先恢复日常互动，不硬和解谈","sorry|action|change|normal","sensitive"
"L2-L2-17-003-d7fc88c5","L2","L2-17","道歉","在我们家沟通里，吵完后，话题还停在「意见不合快要吵起来」时，我更容易接受的修复是？","一句真诚的「刚才太急了」","用行动表示在意","下次换种说法","先恢复日常互动，不硬和解谈","sorry|action|change|normal","sensitive"
"L2-L2-17-002-a5856324","L2","L2-17","道歉","最近这段时间，吵完后，话题还停在「意见不合快要吵起来」时，我更容易接受的修复是？","一句真诚的「刚才太急了」","用行动表示在意","下次换种说法","先恢复日常互动，不硬和解谈","sorry|action|change|normal","sensitive"
"L2-L2-17-001-6de3917c","L2","L2-17","道歉","如果只能选一个更贴近的：吵完后，话题还停在「意见不合快要吵起来」时，我更容易接受的修复是？","一句真诚的「刚才太急了」","用行动表示在意","下次换种说法","先恢复日常互动，不硬和解谈","sorry|action|change|normal","sensitive"
"L2-L2-16-018-8cecb18c","L2","L2-16","求助","最近这段时间，我「犹豫不决的时候」如果向你们求助，我希望你们？","先问我需要听还是需要建议","别扩散给亲戚朋友","支持我的决定权","给我时间，不催结论","ask_mode|privacy|agency|time","normal"
"L2-L2-16-017-74b1a506","L2","L2-16","求助","如果只能选一个更贴近的：我「犹豫不决的时候」如果向你们求助，我希望你们？","先问我需要听还是需要建议","别扩散给亲戚朋友","支持我的决定权","给我时间，不催结论","ask_mode|privacy|agency|time","normal"
"L2-L2-16-016-99f5d2a8","L2","L2-16","求助","我「犹豫不决的时候」如果向你们求助，我希望你们？","先问我需要听还是需要建议","别扩散给亲戚朋友","支持我的决定权","给我时间，不催结论","ask_mode|privacy|agency|time","normal"
"L2-L2-16-019-80c25695","L2","L2-16","求助","在我们家沟通里，我「犹豫不决的时候」如果向你们求助，我希望你们？","先问我需要听还是需要建议","别扩散给亲戚朋友","支持我的决定权","给我时间，不催结论","ask_mode|privacy|agency|time","normal"
"L2-L2-16-022-81ba5ca1","L2","L2-16","求助","最近这段时间，我「被误解的时候」如果向你们求助，我希望你们？","先问我需要听还是需要建议","别扩散给亲戚朋友","支持我的决定权","给我时间，不催结论","ask_mode|privacy|agency|time","normal"
"L2-L2-16-021-b1301cb3","L2","L2-16","求助","如果只能选一个更贴近的：我「被误解的时候」如果向你们求助，我希望你们？","先问我需要听还是需要建议","别扩散给亲戚朋友","支持我的决定权","给我时间，不催结论","ask_mode|privacy|agency|time","normal"
"L2-L2-16-020-17bfd1ca","L2","L2-16","求助","我「被误解的时候」如果向你们求助，我希望你们？","先问我需要听还是需要建议","别扩散给亲戚朋友","支持我的决定权","给我时间，不催结论","ask_mode|privacy|agency|time","normal"
"L2-L2-16-015-3a089878","L2","L2-16","求助","在我们家沟通里，我「只想安静的时候」如果向你们求助，我希望你们？","先问我需要听还是需要建议","别扩散给亲戚朋友","支持我的决定权","给我时间，不催结论","ask_mode|privacy|agency|time","normal"
"L2-L2-16-010-f33be531","L2","L2-16","求助","最近这段时间，我「取得一点小成绩时」如果向你们求助，我希望你们？","先问我需要听还是需要建议","别扩散给亲戚朋友","支持我的决定权","给我时间，不催结论","ask_mode|privacy|agency|time","normal"
"L2-L2-16-009-6e3df1d6","L2","L2-16","求助","如果只能选一个更贴近的：我「取得一点小成绩时」如果向你们求助，我希望你们？","先问我需要听还是需要建议","别扩散给亲戚朋友","支持我的决定权","给我时间，不催结论","ask_mode|privacy|agency|time","normal"
"L2-L2-16-008-71913093","L2","L2-16","求助","我「取得一点小成绩时」如果向你们求助，我希望你们？","先问我需要听还是需要建议","别扩散给亲戚朋友","支持我的决定权","给我时间，不催结论","ask_mode|privacy|agency|time","normal"
"L2-L2-16-011-9cee612c","L2","L2-16","求助","在我们家沟通里，我「取得一点小成绩时」如果向你们求助，我希望你们？","先问我需要听还是需要建议","别扩散给亲戚朋友","支持我的决定权","给我时间，不催结论","ask_mode|privacy|agency|time","normal"
"L2-L2-16-014-f6351965","L2","L2-16","求助","最近这段时间，我「只想安静的时候」如果向你们求助，我希望你们？","先问我需要听还是需要建议","别扩散给亲戚朋友","支持我的决定权","给我时间，不催结论","ask_mode|privacy|agency|time","normal"
"L2-L2-16-013-e7be2add","L2","L2-16","求助","如果只能选一个更贴近的：我「只想安静的时候」如果向你们求助，我希望你们？","先问我需要听还是需要建议","别扩散给亲戚朋友","支持我的决定权","给我时间，不催结论","ask_mode|privacy|agency|time","normal"
"L2-L2-16-012-1d238a19","L2","L2-16","求助","我「只想安静的时候」如果向你们求助，我希望你们？","先问我需要听还是需要建议","别扩散给亲戚朋友","支持我的决定权","给我时间，不催结论","ask_mode|privacy|agency|time","normal"
"L2-L2-16-033-2cae63ab","L2","L2-16","求助","如果只能选一个更贴近的：我「累的时候」如果向你们求助，我希望你们？","先问我需要听还是需要建议","别扩散给亲戚朋友","支持我的决定权","给我时间，不催结论","ask_mode|privacy|agency|time","normal"
"L2-L2-16-032-38770211","L2","L2-16","求助","我「累的时候」如果向你们求助，我希望你们？","先问我需要听还是需要建议","别扩散给亲戚朋友","支持我的决定权","给我时间，不催结论","ask_mode|privacy|agency|time","normal"
"L2-L2-16-031-2d0181fa","L2","L2-16","求助","在我们家沟通里，我「开心的时候」如果向你们求助，我希望你们？","先问我需要听还是需要建议","别扩散给亲戚朋友","支持我的决定权","给我时间，不催结论","ask_mode|privacy|agency|time","normal"
"L2-L2-16-034-4e94d9b2","L2","L2-16","求助","最近这段时间，我「累的时候」如果向你们求助，我希望你们？","先问我需要听还是需要建议","别扩散给亲戚朋友","支持我的决定权","给我时间，不催结论","ask_mode|privacy|agency|time","normal"
"L2-L2-16-037-5cfac565","L2","L2-16","求助","如果只能选一个更贴近的：我「社交电池耗尽时」如果向你们求助，我希望你们？","先问我需要听还是需要建议","别扩散给亲戚朋友","支持我的决定权","给我时间，不催结论","ask_mode|privacy|agency|time","normal"
"L2-L2-16-036-d12141ad","L2","L2-16","求助","我「社交电池耗尽时」如果向你们求助，我希望你们？","先问我需要听还是需要建议","别扩散给亲戚朋友","支持我的决定权","给我时间，不催结论","ask_mode|privacy|agency|time","normal"
"L2-L2-16-035-26e2e917","L2","L2-16","求助","在我们家沟通里，我「累的时候」如果向你们求助，我希望你们？","先问我需要听还是需要建议","别扩散给亲戚朋友","支持我的决定权","给我时间，不催结论","ask_mode|privacy|agency|time","normal"
"L2-L2-16-030-28f5e212","L2","L2-16","求助","最近这段时间，我「开心的时候」如果向你们求助，我希望你们？","先问我需要听还是需要建议","别扩散给亲戚朋友","支持我的决定权","给我时间，不催结论","ask_mode|privacy|agency|time","normal"
"L2-L2-16-025-8247a974","L2","L2-16","求助","如果只能选一个更贴近的：我「压力大的时候」如果向你们求助，我希望你们？","先问我需要听还是需要建议","别扩散给亲戚朋友","支持我的决定权","给我时间，不催结论","ask_mode|privacy|agency|time","normal"
"L2-L2-16-024-1f8ae8db","L2","L2-16","求助","我「压力大的时候」如果向你们求助，我希望你们？","先问我需要听还是需要建议","别扩散给亲戚朋友","支持我的决定权","给我时间，不催结论","ask_mode|privacy|agency|time","normal"
"L2-L2-16-023-75174787","L2","L2-16","求助","在我们家沟通里，我「被误解的时候」如果向你们求助，我希望你们？","先问我需要听还是需要建议","别扩散给亲戚朋友","支持我的决定权","给我时间，不催结论","ask_mode|privacy|agency|time","normal"
"L2-L2-16-026-4cbad600","L2","L2-16","求助","最近这段时间，我「压力大的时候」如果向你们求助，我希望你们？","先问我需要听还是需要建议","别扩散给亲戚朋友","支持我的决定权","给我时间，不催结论","ask_mode|privacy|agency|time","normal"
"L2-L2-16-029-62136bed","L2","L2-16","求助","如果只能选一个更贴近的：我「开心的时候」如果向你们求助，我希望你们？","先问我需要听还是需要建议","别扩散给亲戚朋友","支持我的决定权","给我时间，不催结论","ask_mode|privacy|agency|time","normal"
"L2-L2-16-028-9fba3eff","L2","L2-16","求助","我「开心的时候」如果向你们求助，我希望你们？","先问我需要听还是需要建议","别扩散给亲戚朋友","支持我的决定权","给我时间，不催结论","ask_mode|privacy|agency|time","normal"
"L2-L2-16-027-dcbd0275","L2","L2-16","求助","在我们家沟通里，我「压力大的时候」如果向你们求助，我希望你们？","先问我需要听还是需要建议","别扩散给亲戚朋友","支持我的决定权","给我时间，不催结论","ask_mode|privacy|agency|time","normal"
"L2-L2-17-052-632e1841","L2","L2-17","道歉","吵完后，话题还停在「节日安排谈不拢」时，我更容易接受的修复是？","一句真诚的「刚才太急了」","用行动表示在意","下次换种说法","先恢复日常互动，不硬和解谈","sorry|action|change|normal","sensitive"
"L2-L2-17-051-61053e67","L2","L2-17","道歉","在我们家沟通里，吵完后，话题还停在「职业选择被否定」时，我更容易接受的修复是？","一句真诚的「刚才太急了」","用行动表示在意","下次换种说法","先恢复日常互动，不硬和解谈","sorry|action|change|normal","sensitive"
"L2-L2-17-050-8fb03849","L2","L2-17","道歉","最近这段时间，吵完后，话题还停在「职业选择被否定」时，我更容易接受的修复是？","一句真诚的「刚才太急了」","用行动表示在意","下次换种说法","先恢复日常互动，不硬和解谈","sorry|action|change|normal","sensitive"
"L2-L2-17-053-7a1b7860","L2","L2-17","道歉","如果只能选一个更贴近的：吵完后，话题还停在「节日安排谈不拢」时，我更容易接受的修复是？","一句真诚的「刚才太急了」","用行动表示在意","下次换种说法","先恢复日常互动，不硬和解谈","sorry|action|change|normal","sensitive"
"L2-L2-17-056-db850db6","L2","L2-17","道歉","吵完后，话题还停在「被翻旧账」时，我更容易接受的修复是？","一句真诚的「刚才太急了」","用行动表示在意","下次换种说法","先恢复日常互动，不硬和解谈","sorry|action|change|normal","sensitive"
"L2-L2-17-055-b0f6694b","L2","L2-17","道歉","在我们家沟通里，吵完后，话题还停在「节日安排谈不拢」时，我更容易接受的修复是？","一句真诚的「刚才太急了」","用行动表示在意","下次换种说法","先恢复日常互动，不硬和解谈","sorry|action|change|normal","sensitive"
"L2-L2-17-054-ab2d7bde","L2","L2-17","道歉","最近这段时间，吵完后，话题还停在「节日安排谈不拢」时，我更容易接受的修复是？","一句真诚的「刚才太急了」","用行动表示在意","下次换种说法","先恢复日常互动，不硬和解谈","sorry|action|change|normal","sensitive"
"L2-L2-17-049-be8d91c4","L2","L2-17","道歉","如果只能选一个更贴近的：吵完后，话题还停在「职业选择被否定」时，我更容易接受的修复是？","一句真诚的「刚才太急了」","用行动表示在意","下次换种说法","先恢复日常互动，不硬和解谈","sorry|action|change|normal","sensitive"
"L2-L2-17-044-1d4834b6","L2","L2-17","道歉","吵完后，话题还停在「回不回家起争议」时，我更容易接受的修复是？","一句真诚的「刚才太急了」","用行动表示在意","下次换种说法","先恢复日常互动，不硬和解谈","sorry|action|change|normal","sensitive"
"L2-L2-17-043-2cd8fecc","L2","L2-17","道歉","在我们家沟通里，吵完后，话题还停在「隐私被追问」时，我更容易接受的修复是？","一句真诚的「刚才太急了」","用行动表示在意","下次换种说法","先恢复日常互动，不硬和解谈","sorry|action|change|normal","sensitive"
"L2-L2-17-042-b661367b","L2","L2-17","道歉","最近这段时间，吵完后，话题还停在「隐私被追问」时，我更容易接受的修复是？","一句真诚的「刚才太急了」","用行动表示在意","下次换种说法","先恢复日常互动，不硬和解谈","sorry|action|change|normal","sensitive"
"L2-L2-17-045-79f48fab","L2","L2-17","道歉","如果只能选一个更贴近的：吵完后，话题还停在「回不回家起争议」时，我更容易接受的修复是？","一句真诚的「刚才太急了」","用行动表示在意","下次换种说法","先恢复日常互动，不硬和解谈","sorry|action|change|normal","sensitive"
"L2-L2-17-048-682e5218","L2","L2-17","道歉","吵完后，话题还停在「职业选择被否定」时，我更容易接受的修复是？","一句真诚的「刚才太急了」","用行动表示在意","下次换种说法","先恢复日常互动，不硬和解谈","sorry|action|change|normal","sensitive"
"L2-L2-17-047-87c66339","L2","L2-17","道歉","在我们家沟通里，吵完后，话题还停在「回不回家起争议」时，我更容易接受的修复是？","一句真诚的「刚才太急了」","用行动表示在意","下次换种说法","先恢复日常互动，不硬和解谈","sorry|action|change|normal","sensitive"
"L2-L2-17-046-cc909aa7","L2","L2-17","道歉","最近这段时间，吵完后，话题还停在「回不回家起争议」时，我更容易接受的修复是？","一句真诚的「刚才太急了」","用行动表示在意","下次换种说法","先恢复日常互动，不硬和解谈","sorry|action|change|normal","sensitive"
"L2-L2-19-003-7f351967","L2","L2-19","安全感","在我们家沟通里，什么会让我在家里更有安全感？","被信任，少被怀疑动机","冲突时仍被尊重","我的选择被认真听完","隐私边界被遵守","trust|respect|listen|privacy","normal"
"L2-L2-19-002-cb6bb039","L2","L2-19","安全感","最近这段时间，什么会让我在家里更有安全感？","被信任，少被怀疑动机","冲突时仍被尊重","我的选择被认真听完","隐私边界被遵守","trust|respect|listen|privacy","normal"
"L2-L2-19-001-4a9c3d51","L2","L2-19","安全感","如果只能选一个更贴近的：什么会让我在家里更有安全感？","被信任，少被怀疑动机","冲突时仍被尊重","我的选择被认真听完","隐私边界被遵守","trust|respect|listen|privacy","normal"
"L2-L2-20-000-08abbb42","L2","L2-20","日常总览","总的来说，我理想中的「轻度联系」是？","每天一个状态信号就够","有照片动态比纯文字轻松","重要事说清，琐事少追问","节日用心，平时轻松","signal|photo|priority|festival","normal"
"L2-L2-20-003-f779e514","L2","L2-20","日常总览","在我们家沟通里，总的来说，我理想中的「轻度联系」是？","每天一个状态信号就够","有照片动态比纯文字轻松","重要事说清，琐事少追问","节日用心，平时轻松","signal|photo|priority|festival","normal"
"L2-L2-20-002-a3109203","L2","L2-20","日常总览","最近这段时间，总的来说，我理想中的「轻度联系」是？","每天一个状态信号就够","有照片动态比纯文字轻松","重要事说清，琐事少追问","节日用心，平时轻松","signal|photo|priority|festival","normal"
"L2-L2-20-001-2e171679","L2","L2-20","日常总览","如果只能选一个更贴近的：总的来说，我理想中的「轻度联系」是？","每天一个状态信号就够","有照片动态比纯文字轻松","重要事说清，琐事少追问","节日用心，平时轻松","signal|photo|priority|festival","normal"
"L2-L2-19-000-66c1c57b","L2","L2-19","安全感","什么会让我在家里更有安全感？","被信任，少被怀疑动机","冲突时仍被尊重","我的选择被认真听完","隐私边界被遵守","trust|respect|listen|privacy","normal"
"L2-L2-17-059-423fe552","L2","L2-17","道歉","在我们家沟通里，吵完后，话题还停在「被翻旧账」时，我更容易接受的修复是？","一句真诚的「刚才太急了」","用行动表示在意","下次换种说法","先恢复日常互动，不硬和解谈","sorry|action|change|normal","sensitive"
"L2-L2-17-058-878a24bf","L2","L2-17","道歉","最近这段时间，吵完后，话题还停在「被翻旧账」时，我更容易接受的修复是？","一句真诚的「刚才太急了」","用行动表示在意","下次换种说法","先恢复日常互动，不硬和解谈","sorry|action|change|normal","sensitive"
"L2-L2-17-057-e95d3d35","L2","L2-17","道歉","如果只能选一个更贴近的：吵完后，话题还停在「被翻旧账」时，我更容易接受的修复是？","一句真诚的「刚才太急了」","用行动表示在意","下次换种说法","先恢复日常互动，不硬和解谈","sorry|action|change|normal","sensitive"
"L2-L2-18-000-896d7fc1","L2","L2-18","社交后","我「约会或社交后回来」，通常需要？","一点独处充电","随便聊聊今天见闻","别审问我和谁、去哪","吃点东西休息就好","space|chat|privacy|practical","normal"
"L2-L2-18-003-f4398574","L2","L2-18","社交后","在我们家沟通里，我「约会或社交后回来」，通常需要？","一点独处充电","随便聊聊今天见闻","别审问我和谁、去哪","吃点东西休息就好","space|chat|privacy|practical","normal"
"L2-L2-18-002-e1228722","L2","L2-18","社交后","最近这段时间，我「约会或社交后回来」，通常需要？","一点独处充电","随便聊聊今天见闻","别审问我和谁、去哪","吃点东西休息就好","space|chat|privacy|practical","normal"
"L2-L2-18-001-f12fae06","L2","L2-18","社交后","如果只能选一个更贴近的：我「约会或社交后回来」，通常需要？","一点独处充电","随便聊聊今天见闻","别审问我和谁、去哪","吃点东西休息就好","space|chat|privacy|practical","normal"
"L2-L2-17-022-3b17c646","L2","L2-17","道歉","最近这段时间，吵完后，话题还停在「电话里越说越僵」时，我更容易接受的修复是？","一句真诚的「刚才太急了」","用行动表示在意","下次换种说法","先恢复日常互动，不硬和解谈","sorry|action|change|normal","sensitive"
"L2-L2-17-021-68091996","L2","L2-17","道歉","如果只能选一个更贴近的：吵完后，话题还停在「电话里越说越僵」时，我更容易接受的修复是？","一句真诚的「刚才太急了」","用行动表示在意","下次换种说法","先恢复日常互动，不硬和解谈","sorry|action|change|normal","sensitive"
"L2-L2-17-020-50e92893","L2","L2-17","道歉","吵完后，话题还停在「电话里越说越僵」时，我更容易接受的修复是？","一句真诚的「刚才太急了」","用行动表示在意","下次换种说法","先恢复日常互动，不硬和解谈","sorry|action|change|normal","sensitive"
"L2-L2-17-023-c78b0f3f","L2","L2-17","道歉","在我们家沟通里，吵完后，话题还停在「电话里越说越僵」时，我更容易接受的修复是？","一句真诚的「刚才太急了」","用行动表示在意","下次换种说法","先恢复日常互动，不硬和解谈","sorry|action|change|normal","sensitive"
"L2-L2-17-026-796cf745","L2","L2-17","道歉","最近这段时间，吵完后，话题还停在「决定被当面否定」时，我更容易接受的修复是？","一句真诚的「刚才太急了」","用行动表示在意","下次换种说法","先恢复日常互动，不硬和解谈","sorry|action|change|normal","sensitive"
"L2-L2-17-025-2245174d","L2","L2-17","道歉","如果只能选一个更贴近的：吵完后，话题还停在「决定被当面否定」时，我更容易接受的修复是？","一句真诚的「刚才太急了」","用行动表示在意","下次换种说法","先恢复日常互动，不硬和解谈","sorry|action|change|normal","sensitive"
"L2-L2-17-024-e8e08e0c","L2","L2-17","道歉","吵完后，话题还停在「决定被当面否定」时，我更容易接受的修复是？","一句真诚的「刚才太急了」","用行动表示在意","下次换种说法","先恢复日常互动，不硬和解谈","sorry|action|change|normal","sensitive"
"L2-L2-17-019-3d32eacb","L2","L2-17","道歉","在我们家沟通里，吵完后，话题还停在「外貌相关被评价」时，我更容易接受的修复是？","一句真诚的「刚才太急了」","用行动表示在意","下次换种说法","先恢复日常互动，不硬和解谈","sorry|action|change|normal","sensitive"
"L2-L2-17-014-e9046f0d","L2","L2-17","道歉","最近这段时间，吵完后，话题还停在「钱的问题谈不拢」时，我更容易接受的修复是？","一句真诚的「刚才太急了」","用行动表示在意","下次换种说法","先恢复日常互动，不硬和解谈","sorry|action|change|normal","sensitive"
"L2-L2-17-013-fcafa0a3","L2","L2-17","道歉","如果只能选一个更贴近的：吵完后，话题还停在「钱的问题谈不拢」时，我更容易接受的修复是？","一句真诚的「刚才太急了」","用行动表示在意","下次换种说法","先恢复日常互动，不硬和解谈","sorry|action|change|normal","sensitive"
"L2-L2-17-012-7895b59e","L2","L2-17","道歉","吵完后，话题还停在「钱的问题谈不拢」时，我更容易接受的修复是？","一句真诚的「刚才太急了」","用行动表示在意","下次换种说法","先恢复日常互动，不硬和解谈","sorry|action|change|normal","sensitive"
"L2-L2-17-015-66b7129f","L2","L2-17","道歉","在我们家沟通里，吵完后，话题还停在「钱的问题谈不拢」时，我更容易接受的修复是？","一句真诚的「刚才太急了」","用行动表示在意","下次换种说法","先恢复日常互动，不硬和解谈","sorry|action|change|normal","sensitive"
"L2-L2-17-018-d24332b5","L2","L2-17","道歉","最近这段时间，吵完后，话题还停在「外貌相关被评价」时，我更容易接受的修复是？","一句真诚的「刚才太急了」","用行动表示在意","下次换种说法","先恢复日常互动，不硬和解谈","sorry|action|change|normal","sensitive"
"L2-L2-17-017-ed38b138","L2","L2-17","道歉","如果只能选一个更贴近的：吵完后，话题还停在「外貌相关被评价」时，我更容易接受的修复是？","一句真诚的「刚才太急了」","用行动表示在意","下次换种说法","先恢复日常互动，不硬和解谈","sorry|action|change|normal","sensitive"
"L2-L2-17-016-4306b5c5","L2","L2-17","道歉","吵完后，话题还停在「外貌相关被评价」时，我更容易接受的修复是？","一句真诚的「刚才太急了」","用行动表示在意","下次换种说法","先恢复日常互动，不硬和解谈","sorry|action|change|normal","sensitive"
"L2-L2-17-037-37481470","L2","L2-17","道歉","如果只能选一个更贴近的：吵完后，话题还停在「被拿来和别人比较」时，我更容易接受的修复是？","一句真诚的「刚才太急了」","用行动表示在意","下次换种说法","先恢复日常互动，不硬和解谈","sorry|action|change|normal","sensitive"
"L2-L2-17-036-8ac776e9","L2","L2-17","道歉","吵完后，话题还停在「被拿来和别人比较」时，我更容易接受的修复是？","一句真诚的「刚才太急了」","用行动表示在意","下次换种说法","先恢复日常互动，不硬和解谈","sorry|action|change|normal","sensitive"
"L2-L2-17-035-8fe5e375","L2","L2-17","道歉","在我们家沟通里，吵完后，话题还停在「对象或交友被干涉」时，我更容易接受的修复是？","一句真诚的「刚才太急了」","用行动表示在意","下次换种说法","先恢复日常互动，不硬和解谈","sorry|action|change|normal","sensitive"
"L2-L2-17-038-2ee20778","L2","L2-17","道歉","最近这段时间，吵完后，话题还停在「被拿来和别人比较」时，我更容易接受的修复是？","一句真诚的「刚才太急了」","用行动表示在意","下次换种说法","先恢复日常互动，不硬和解谈","sorry|action|change|normal","sensitive"
"L2-L2-17-041-b3c4256a","L2","L2-17","道歉","如果只能选一个更贴近的：吵完后，话题还停在「隐私被追问」时，我更容易接受的修复是？","一句真诚的「刚才太急了」","用行动表示在意","下次换种说法","先恢复日常互动，不硬和解谈","sorry|action|change|normal","sensitive"
"L2-L2-17-040-a186aa03","L2","L2-17","道歉","吵完后，话题还停在「隐私被追问」时，我更容易接受的修复是？","一句真诚的「刚才太急了」","用行动表示在意","下次换种说法","先恢复日常互动，不硬和解谈","sorry|action|change|normal","sensitive"
"L2-L2-17-039-a759abd6","L2","L2-17","道歉","在我们家沟通里，吵完后，话题还停在「被拿来和别人比较」时，我更容易接受的修复是？","一句真诚的「刚才太急了」","用行动表示在意","下次换种说法","先恢复日常互动，不硬和解谈","sorry|action|change|normal","sensitive"
"L2-L2-17-034-6a17252c","L2","L2-17","道歉","最近这段时间，吵完后，话题还停在「对象或交友被干涉」时，我更容易接受的修复是？","一句真诚的「刚才太急了」","用行动表示在意","下次换种说法","先恢复日常互动，不硬和解谈","sorry|action|change|normal","sensitive"
"L2-L2-17-029-57be2e4a","L2","L2-17","道歉","如果只能选一个更贴近的：吵完后，话题还停在「计划被临时更改」时，我更容易接受的修复是？","一句真诚的「刚才太急了」","用行动表示在意","下次换种说法","先恢复日常互动，不硬和解谈","sorry|action|change|normal","sensitive"
"L2-L2-17-028-a0cc772d","L2","L2-17","道歉","吵完后，话题还停在「计划被临时更改」时，我更容易接受的修复是？","一句真诚的「刚才太急了」","用行动表示在意","下次换种说法","先恢复日常互动，不硬和解谈","sorry|action|change|normal","sensitive"
"L2-L2-17-027-12a9e4a6","L2","L2-17","道歉","在我们家沟通里，吵完后，话题还停在「决定被当面否定」时，我更容易接受的修复是？","一句真诚的「刚才太急了」","用行动表示在意","下次换种说法","先恢复日常互动，不硬和解谈","sorry|action|change|normal","sensitive"
"L2-L2-17-030-efe4a37c","L2","L2-17","道歉","最近这段时间，吵完后，话题还停在「计划被临时更改」时，我更容易接受的修复是？","一句真诚的「刚才太急了」","用行动表示在意","下次换种说法","先恢复日常互动，不硬和解谈","sorry|action|change|normal","sensitive"
"L2-L2-17-033-6feeaffe","L2","L2-17","道歉","如果只能选一个更贴近的：吵完后，话题还停在「对象或交友被干涉」时，我更容易接受的修复是？","一句真诚的「刚才太急了」","用行动表示在意","下次换种说法","先恢复日常互动，不硬和解谈","sorry|action|change|normal","sensitive"
"L2-L2-17-032-48765813","L2","L2-17","道歉","吵完后，话题还停在「对象或交友被干涉」时，我更容易接受的修复是？","一句真诚的「刚才太急了」","用行动表示在意","下次换种说法","先恢复日常互动，不硬和解谈","sorry|action|change|normal","sensitive"
"L2-L2-17-031-d474fed2","L2","L2-17","道歉","在我们家沟通里，吵完后，话题还停在「计划被临时更改」时，我更容易接受的修复是？","一句真诚的「刚才太急了」","用行动表示在意","下次换种说法","先恢复日常互动，不硬和解谈","sorry|action|change|normal","sensitive"
"L2-L2-13-000-9889377b","L2","L2-13","忙碌","我「搬家或换环境」时，你们怎样做不会增加我负担？","消息短、可迟回","不问一长串细节","先报「看到了」就好","把关心变成具体帮助","async|simple|ack|practical","normal"
"L2-L2-12-003-e2426d41","L2","L2-12","想家","在我们家沟通里，我「突然很想家」时，最想收到的是？","一句「我们也想你」","一张家里的照片","短语音就好","别过度解读成我过得不好","miss|photo|voice|light","normal"
"L2-L2-12-002-567e3f40","L2","L2-12","想家","最近这段时间，我「突然很想家」时，最想收到的是？","一句「我们也想你」","一张家里的照片","短语音就好","别过度解读成我过得不好","miss|photo|voice|light","normal"
"L2-L2-13-001-4a08e6fc","L2","L2-13","忙碌","如果只能选一个更贴近的：我「搬家或换环境」时，你们怎样做不会增加我负担？","消息短、可迟回","不问一长串细节","先报「看到了」就好","把关心变成具体帮助","async|simple|ack|practical","normal"
"L2-L2-13-004-1fcefa50","L2","L2-13","忙碌","我「熬夜赶东西」时，你们怎样做不会增加我负担？","消息短、可迟回","不问一长串细节","先报「看到了」就好","把关心变成具体帮助","async|simple|ack|practical","normal"
"L2-L2-13-003-288f75b6","L2","L2-13","忙碌","在我们家沟通里，我「搬家或换环境」时，你们怎样做不会增加我负担？","消息短、可迟回","不问一长串细节","先报「看到了」就好","把关心变成具体帮助","async|simple|ack|practical","normal"
"L2-L2-13-002-7dacd913","L2","L2-13","忙碌","最近这段时间，我「搬家或换环境」时，你们怎样做不会增加我负担？","消息短、可迟回","不问一长串细节","先报「看到了」就好","把关心变成具体帮助","async|simple|ack|practical","normal"
"L2-L2-12-001-469a6c45","L2","L2-12","想家","如果只能选一个更贴近的：我「突然很想家」时，最想收到的是？","一句「我们也想你」","一张家里的照片","短语音就好","别过度解读成我过得不好","miss|photo|voice|light","normal"
"L2-L2-11-056-676fca03","L2","L2-11","电话","电话里谈到「对象或交友被干涉」时，我更希望？","先挂断冷静，文字继续","缩短通话，别反复绕","先确认感受，再讲道理","改日再谈这个话题","pause|short|feel|later","sensitive"
"L2-L2-11-055-55b57bd1","L2","L2-11","电话","在我们家沟通里，电话里谈到「外貌相关被评价」时，我更希望？","先挂断冷静，文字继续","缩短通话，别反复绕","先确认感受，再讲道理","改日再谈这个话题","pause|short|feel|later","sensitive"
"L2-L2-11-054-c143b61e","L2","L2-11","电话","最近这段时间，电话里谈到「外貌相关被评价」时，我更希望？","先挂断冷静，文字继续","缩短通话，别反复绕","先确认感受，再讲道理","改日再谈这个话题","pause|short|feel|later","sensitive"
"L2-L2-11-057-b305b19e","L2","L2-11","电话","如果只能选一个更贴近的：电话里谈到「对象或交友被干涉」时，我更希望？","先挂断冷静，文字继续","缩短通话，别反复绕","先确认感受，再讲道理","改日再谈这个话题","pause|short|feel|later","sensitive"
"L2-L2-12-000-7bc9b2c2","L2","L2-12","想家","我「突然很想家」时，最想收到的是？","一句「我们也想你」","一张家里的照片","短语音就好","别过度解读成我过得不好","miss|photo|voice|light","normal"
"L2-L2-11-059-e1558891","L2","L2-11","电话","在我们家沟通里，电话里谈到「对象或交友被干涉」时，我更希望？","先挂断冷静，文字继续","缩短通话，别反复绕","先确认感受，再讲道理","改日再谈这个话题","pause|short|feel|later","sensitive"
"L2-L2-11-058-5d180499","L2","L2-11","电话","最近这段时间，电话里谈到「对象或交友被干涉」时，我更希望？","先挂断冷静，文字继续","缩短通话，别反复绕","先确认感受，再讲道理","改日再谈这个话题","pause|short|feel|later","sensitive"
"L2-L2-13-015-c1a9a80a","L2","L2-13","忙碌","在我们家沟通里，我「旅行在路上」时，你们怎样做不会增加我负担？","消息短、可迟回","不问一长串细节","先报「看到了」就好","把关心变成具体帮助","async|simple|ack|practical","normal"
"L2-L2-13-014-f0b838ea","L2","L2-13","忙碌","最近这段时间，我「旅行在路上」时，你们怎样做不会增加我负担？","消息短、可迟回","不问一长串细节","先报「看到了」就好","把关心变成具体帮助","async|simple|ack|practical","normal"
"L2-L2-13-013-be970798","L2","L2-13","忙碌","如果只能选一个更贴近的：我「旅行在路上」时，你们怎样做不会增加我负担？","消息短、可迟回","不问一长串细节","先报「看到了」就好","把关心变成具体帮助","async|simple|ack|practical","normal"
"L2-L2-13-016-b88400d4","L2","L2-13","忙碌","我「连续上班很累」时，你们怎样做不会增加我负担？","消息短、可迟回","不问一长串细节","先报「看到了」就好","把关心变成具体帮助","async|simple|ack|practical","normal"
"L2-L2-13-019-c7e0f475","L2","L2-13","忙碌","在我们家沟通里，我「连续上班很累」时，你们怎样做不会增加我负担？","消息短、可迟回","不问一长串细节","先报「看到了」就好","把关心变成具体帮助","async|simple|ack|practical","normal"
"L2-L2-13-018-cc19c486","L2","L2-13","忙碌","最近这段时间，我「连续上班很累」时，你们怎样做不会增加我负担？","消息短、可迟回","不问一长串细节","先报「看到了」就好","把关心变成具体帮助","async|simple|ack|practical","normal"
"L2-L2-13-017-0ea587e5","L2","L2-13","忙碌","如果只能选一个更贴近的：我「连续上班很累」时，你们怎样做不会增加我负担？","消息短、可迟回","不问一长串细节","先报「看到了」就好","把关心变成具体帮助","async|simple|ack|practical","normal"
"L2-L2-13-012-f38541b4","L2","L2-13","忙碌","我「旅行在路上」时，你们怎样做不会增加我负担？","消息短、可迟回","不问一长串细节","先报「看到了」就好","把关心变成具体帮助","async|simple|ack|practical","normal"
"L2-L2-13-007-7e91db1e","L2","L2-13","忙碌","在我们家沟通里，我「熬夜赶东西」时，你们怎样做不会增加我负担？","消息短、可迟回","不问一长串细节","先报「看到了」就好","把关心变成具体帮助","async|simple|ack|practical","normal"
"L2-L2-13-006-76225431","L2","L2-13","忙碌","最近这段时间，我「熬夜赶东西」时，你们怎样做不会增加我负担？","消息短、可迟回","不问一长串细节","先报「看到了」就好","把关心变成具体帮助","async|simple|ack|practical","normal"
"L2-L2-13-005-a2bf978b","L2","L2-13","忙碌","如果只能选一个更贴近的：我「熬夜赶东西」时，你们怎样做不会增加我负担？","消息短、可迟回","不问一长串细节","先报「看到了」就好","把关心变成具体帮助","async|simple|ack|practical","normal"
"L2-L2-13-008-42598a76","L2","L2-13","忙碌","我「加班很晚回家」时，你们怎样做不会增加我负担？","消息短、可迟回","不问一长串细节","先报「看到了」就好","把关心变成具体帮助","async|simple|ack|practical","normal"
"L2-L2-13-011-dee837fe","L2","L2-13","忙碌","在我们家沟通里，我「加班很晚回家」时，你们怎样做不会增加我负担？","消息短、可迟回","不问一长串细节","先报「看到了」就好","把关心变成具体帮助","async|simple|ack|practical","normal"
"L2-L2-13-010-b869b3ae","L2","L2-13","忙碌","最近这段时间，我「加班很晚回家」时，你们怎样做不会增加我负担？","消息短、可迟回","不问一长串细节","先报「看到了」就好","把关心变成具体帮助","async|simple|ack|practical","normal"
"L2-L2-13-009-db07b7e2","L2","L2-13","忙碌","如果只能选一个更贴近的：我「加班很晚回家」时，你们怎样做不会增加我负担？","消息短、可迟回","不问一长串细节","先报「看到了」就好","把关心变成具体帮助","async|simple|ack|practical","normal"
"L2-L2-11-034-f46287c9","L2","L2-11","电话","最近这段时间，电话里谈到「节日安排谈不拢」时，我更希望？","先挂断冷静，文字继续","缩短通话，别反复绕","先确认感受，再讲道理","改日再谈这个话题","pause|short|feel|later","sensitive"
"L2-L2-11-033-0c1d8786","L2","L2-11","电话","如果只能选一个更贴近的：电话里谈到「节日安排谈不拢」时，我更希望？","先挂断冷静，文字继续","缩短通话，别反复绕","先确认感受，再讲道理","改日再谈这个话题","pause|short|feel|later","sensitive"
"L2-L2-11-032-6fffcfa9","L2","L2-11","电话","电话里谈到「节日安排谈不拢」时，我更希望？","先挂断冷静，文字继续","缩短通话，别反复绕","先确认感受，再讲道理","改日再谈这个话题","pause|short|feel|later","sensitive"
"L2-L2-11-035-c3171c0c","L2","L2-11","电话","在我们家沟通里，电话里谈到「节日安排谈不拢」时，我更希望？","先挂断冷静，文字继续","缩短通话，别反复绕","先确认感受，再讲道理","改日再谈这个话题","pause|short|feel|later","sensitive"
"L2-L2-11-038-c23add16","L2","L2-11","电话","最近这段时间，电话里谈到「决定被当面否定」时，我更希望？","先挂断冷静，文字继续","缩短通话，别反复绕","先确认感受，再讲道理","改日再谈这个话题","pause|short|feel|later","sensitive"
"L2-L2-11-037-80345b6c","L2","L2-11","电话","如果只能选一个更贴近的：电话里谈到「决定被当面否定」时，我更希望？","先挂断冷静，文字继续","缩短通话，别反复绕","先确认感受，再讲道理","改日再谈这个话题","pause|short|feel|later","sensitive"
"L2-L2-11-036-c77469a6","L2","L2-11","电话","电话里谈到「决定被当面否定」时，我更希望？","先挂断冷静，文字继续","缩短通话，别反复绕","先确认感受，再讲道理","改日再谈这个话题","pause|short|feel|later","sensitive"
"L2-L2-11-031-6ed96ca5","L2","L2-11","电话","在我们家沟通里，电话里谈到「钱的问题谈不拢」时，我更希望？","先挂断冷静，文字继续","缩短通话，别反复绕","先确认感受，再讲道理","改日再谈这个话题","pause|short|feel|later","sensitive"
"L2-L2-11-026-f273bc5d","L2","L2-11","电话","最近这段时间，电话里谈到「意见不合快要吵起来」时，我更希望？","先挂断冷静，文字继续","缩短通话，别反复绕","先确认感受，再讲道理","改日再谈这个话题","pause|short|feel|later","sensitive"
"L2-L2-11-025-951494e1","L2","L2-11","电话","如果只能选一个更贴近的：电话里谈到「意见不合快要吵起来」时，我更希望？","先挂断冷静，文字继续","缩短通话，别反复绕","先确认感受，再讲道理","改日再谈这个话题","pause|short|feel|later","sensitive"
"L2-L2-11-024-4aae7a27","L2","L2-11","电话","电话里谈到「意见不合快要吵起来」时，我更希望？","先挂断冷静，文字继续","缩短通话，别反复绕","先确认感受，再讲道理","改日再谈这个话题","pause|short|feel|later","sensitive"
"L2-L2-11-027-647c637c","L2","L2-11","电话","在我们家沟通里，电话里谈到「意见不合快要吵起来」时，我更希望？","先挂断冷静，文字继续","缩短通话，别反复绕","先确认感受，再讲道理","改日再谈这个话题","pause|short|feel|later","sensitive"
"L2-L2-11-030-e1a9146b","L2","L2-11","电话","最近这段时间，电话里谈到「钱的问题谈不拢」时，我更希望？","先挂断冷静，文字继续","缩短通话，别反复绕","先确认感受，再讲道理","改日再谈这个话题","pause|short|feel|later","sensitive"
"L2-L2-11-029-e16234e6","L2","L2-11","电话","如果只能选一个更贴近的：电话里谈到「钱的问题谈不拢」时，我更希望？","先挂断冷静，文字继续","缩短通话，别反复绕","先确认感受，再讲道理","改日再谈这个话题","pause|short|feel|later","sensitive"
"L2-L2-11-028-537587d2","L2","L2-11","电话","电话里谈到「钱的问题谈不拢」时，我更希望？","先挂断冷静，文字继续","缩短通话，别反复绕","先确认感受，再讲道理","改日再谈这个话题","pause|short|feel|later","sensitive"
"L2-L2-11-049-b6778bba","L2","L2-11","电话","如果只能选一个更贴近的：电话里谈到「职业选择被否定」时，我更希望？","先挂断冷静，文字继续","缩短通话，别反复绕","先确认感受，再讲道理","改日再谈这个话题","pause|short|feel|later","sensitive"
"L2-L2-11-048-7a832408","L2","L2-11","电话","电话里谈到「职业选择被否定」时，我更希望？","先挂断冷静，文字继续","缩短通话，别反复绕","先确认感受，再讲道理","改日再谈这个话题","pause|short|feel|later","sensitive"
"L2-L2-11-047-0016ee72","L2","L2-11","电话","在我们家沟通里，电话里谈到「被翻旧账」时，我更希望？","先挂断冷静，文字继续","缩短通话，别反复绕","先确认感受，再讲道理","改日再谈这个话题","pause|short|feel|later","sensitive"
"L2-L2-11-050-f095fad5","L2","L2-11","电话","最近这段时间，电话里谈到「职业选择被否定」时，我更希望？","先挂断冷静，文字继续","缩短通话，别反复绕","先确认感受，再讲道理","改日再谈这个话题","pause|short|feel|later","sensitive"
"L2-L2-11-053-9497af6e","L2","L2-11","电话","如果只能选一个更贴近的：电话里谈到「外貌相关被评价」时，我更希望？","先挂断冷静，文字继续","缩短通话，别反复绕","先确认感受，再讲道理","改日再谈这个话题","pause|short|feel|later","sensitive"
"L2-L2-11-052-28c34f7d","L2","L2-11","电话","电话里谈到「外貌相关被评价」时，我更希望？","先挂断冷静，文字继续","缩短通话，别反复绕","先确认感受，再讲道理","改日再谈这个话题","pause|short|feel|later","sensitive"
"L2-L2-11-051-888e57bf","L2","L2-11","电话","在我们家沟通里，电话里谈到「职业选择被否定」时，我更希望？","先挂断冷静，文字继续","缩短通话，别反复绕","先确认感受，再讲道理","改日再谈这个话题","pause|short|feel|later","sensitive"
"L2-L2-11-046-3175a66e","L2","L2-11","电话","最近这段时间，电话里谈到「被翻旧账」时，我更希望？","先挂断冷静，文字继续","缩短通话，别反复绕","先确认感受，再讲道理","改日再谈这个话题","pause|short|feel|later","sensitive"
"L2-L2-11-041-479fc8e8","L2","L2-11","电话","如果只能选一个更贴近的：电话里谈到「在亲戚面前被数落」时，我更希望？","先挂断冷静，文字继续","缩短通话，别反复绕","先确认感受，再讲道理","改日再谈这个话题","pause|short|feel|later","sensitive"
"L2-L2-11-040-f33202e7","L2","L2-11","电话","电话里谈到「在亲戚面前被数落」时，我更希望？","先挂断冷静，文字继续","缩短通话，别反复绕","先确认感受，再讲道理","改日再谈这个话题","pause|short|feel|later","sensitive"
"L2-L2-11-039-258ec6cb","L2","L2-11","电话","在我们家沟通里，电话里谈到「决定被当面否定」时，我更希望？","先挂断冷静，文字继续","缩短通话，别反复绕","先确认感受，再讲道理","改日再谈这个话题","pause|short|feel|later","sensitive"
"L2-L2-11-042-e164fb2e","L2","L2-11","电话","最近这段时间，电话里谈到「在亲戚面前被数落」时，我更希望？","先挂断冷静，文字继续","缩短通话，别反复绕","先确认感受，再讲道理","改日再谈这个话题","pause|short|feel|later","sensitive"
"L2-L2-11-045-8bc2633f","L2","L2-11","电话","如果只能选一个更贴近的：电话里谈到「被翻旧账」时，我更希望？","先挂断冷静，文字继续","缩短通话，别反复绕","先确认感受，再讲道理","改日再谈这个话题","pause|short|feel|later","sensitive"
"L2-L2-11-044-7ca9a9e8","L2","L2-11","电话","电话里谈到「被翻旧账」时，我更希望？","先挂断冷静，文字继续","缩短通话，别反复绕","先确认感受，再讲道理","改日再谈这个话题","pause|short|feel|later","sensitive"
"L2-L2-11-043-a63f917b","L2","L2-11","电话","在我们家沟通里，电话里谈到「在亲戚面前被数落」时，我更希望？","先挂断冷静，文字继续","缩短通话，别反复绕","先确认感受，再讲道理","改日再谈这个话题","pause|short|feel|later","sensitive"
"L2-L2-14-040-8d241b39","L2","L2-14","节日情绪","「清明或纪念日」，我更需要什么样的互动？","一张轻祝福卡就很暖","回顾往年照片","短语音，不强制视频","日常状态同步，别仪式感太重","card|album|voice|light","normal"
"L2-L2-14-039-724bbe63","L2","L2-14","节日情绪","在我们家沟通里，「国庆长假安排时」，我更需要什么样的互动？","一张轻祝福卡就很暖","回顾往年照片","短语音，不强制视频","日常状态同步，别仪式感太重","card|album|voice|light","normal"
"L2-L2-14-038-cbaff732","L2","L2-14","节日情绪","最近这段时间，「国庆长假安排时」，我更需要什么样的互动？","一张轻祝福卡就很暖","回顾往年照片","短语音，不强制视频","日常状态同步，别仪式感太重","card|album|voice|light","normal"
"L2-L2-14-041-382db137","L2","L2-14","节日情绪","如果只能选一个更贴近的：「清明或纪念日」，我更需要什么样的互动？","一张轻祝福卡就很暖","回顾往年照片","短语音，不强制视频","日常状态同步，别仪式感太重","card|album|voice|light","normal"
"L2-L2-14-044-6e546cc5","L2","L2-14","节日情绪","「母亲节或父亲节」，我更需要什么样的互动？","一张轻祝福卡就很暖","回顾往年照片","短语音，不强制视频","日常状态同步，别仪式感太重","card|album|voice|light","normal"
"L2-L2-14-043-7d6d6909","L2","L2-14","节日情绪","在我们家沟通里，「清明或纪念日」，我更需要什么样的互动？","一张轻祝福卡就很暖","回顾往年照片","短语音，不强制视频","日常状态同步，别仪式感太重","card|album|voice|light","normal"
"L2-L2-14-042-5fa765de","L2","L2-14","节日情绪","最近这段时间，「清明或纪念日」，我更需要什么样的互动？","一张轻祝福卡就很暖","回顾往年照片","短语音，不强制视频","日常状态同步，别仪式感太重","card|album|voice|light","normal"
"L2-L2-14-037-635630fc","L2","L2-14","节日情绪","如果只能选一个更贴近的：「国庆长假安排时」，我更需要什么样的互动？","一张轻祝福卡就很暖","回顾往年照片","短语音，不强制视频","日常状态同步，别仪式感太重","card|album|voice|light","normal"
"L2-L2-14-032-9e40c72b","L2","L2-14","节日情绪","「七夕或情人节气氛时」，我更需要什么样的互动？","一张轻祝福卡就很暖","回顾往年照片","短语音，不强制视频","日常状态同步，别仪式感太重","card|album|voice|light","normal"
"L2-L2-14-031-650fa3e1","L2","L2-14","节日情绪","在我们家沟通里，「端午小长假」，我更需要什么样的互动？","一张轻祝福卡就很暖","回顾往年照片","短语音，不强制视频","日常状态同步，别仪式感太重","card|album|voice|light","normal"
"L2-L2-14-030-fa99603c","L2","L2-14","节日情绪","最近这段时间，「端午小长假」，我更需要什么样的互动？","一张轻祝福卡就很暖","回顾往年照片","短语音，不强制视频","日常状态同步，别仪式感太重","card|album|voice|light","normal"
"L2-L2-14-033-1945f3e8","L2","L2-14","节日情绪","如果只能选一个更贴近的：「七夕或情人节气氛时」，我更需要什么样的互动？","一张轻祝福卡就很暖","回顾往年照片","短语音，不强制视频","日常状态同步，别仪式感太重","card|album|voice|light","normal"
"L2-L2-14-036-a5057044","L2","L2-14","节日情绪","「国庆长假安排时」，我更需要什么样的互动？","一张轻祝福卡就很暖","回顾往年照片","短语音，不强制视频","日常状态同步，别仪式感太重","card|album|voice|light","normal"
"L2-L2-14-035-4a4ccae9","L2","L2-14","节日情绪","在我们家沟通里，「七夕或情人节气氛时」，我更需要什么样的互动？","一张轻祝福卡就很暖","回顾往年照片","短语音，不强制视频","日常状态同步，别仪式感太重","card|album|voice|light","normal"
"L2-L2-14-034-61a2d167","L2","L2-14","节日情绪","最近这段时间，「七夕或情人节气氛时」，我更需要什么样的互动？","一张轻祝福卡就很暖","回顾往年照片","短语音，不强制视频","日常状态同步，别仪式感太重","card|album|voice|light","normal"
"L2-L2-16-003-672c7809","L2","L2-16","求助","在我们家沟通里，我「想倾诉的时候」如果向你们求助，我希望你们？","先问我需要听还是需要建议","别扩散给亲戚朋友","支持我的决定权","给我时间，不催结论","ask_mode|privacy|agency|time","normal"
"L2-L2-16-002-ead97bd2","L2","L2-16","求助","最近这段时间，我「想倾诉的时候」如果向你们求助，我希望你们？","先问我需要听还是需要建议","别扩散给亲戚朋友","支持我的决定权","给我时间，不催结论","ask_mode|privacy|agency|time","normal"
"L2-L2-16-001-1a507a8f","L2","L2-16","求助","如果只能选一个更贴近的：我「想倾诉的时候」如果向你们求助，我希望你们？","先问我需要听还是需要建议","别扩散给亲戚朋友","支持我的决定权","给我时间，不催结论","ask_mode|privacy|agency|time","normal"
"L2-L2-16-004-1e35cee1","L2","L2-16","求助","我「想被抱抱却说不出口时」如果向你们求助，我希望你们？","先问我需要听还是需要建议","别扩散给亲戚朋友","支持我的决定权","给我时间，不催结论","ask_mode|privacy|agency|time","normal"
"L2-L2-16-007-e56f6999","L2","L2-16","求助","在我们家沟通里，我「想被抱抱却说不出口时」如果向你们求助，我希望你们？","先问我需要听还是需要建议","别扩散给亲戚朋友","支持我的决定权","给我时间，不催结论","ask_mode|privacy|agency|time","normal"
"L2-L2-16-006-1d5a8af8","L2","L2-16","求助","最近这段时间，我「想被抱抱却说不出口时」如果向你们求助，我希望你们？","先问我需要听还是需要建议","别扩散给亲戚朋友","支持我的决定权","给我时间，不催结论","ask_mode|privacy|agency|time","normal"
"L2-L2-16-005-10da2c4c","L2","L2-16","求助","如果只能选一个更贴近的：我「想被抱抱却说不出口时」如果向你们求助，我希望你们？","先问我需要听还是需要建议","别扩散给亲戚朋友","支持我的决定权","给我时间，不催结论","ask_mode|privacy|agency|time","normal"
"L2-L2-16-000-6aa33b70","L2","L2-16","求助","我「想倾诉的时候」如果向你们求助，我希望你们？","先问我需要听还是需要建议","别扩散给亲戚朋友","支持我的决定权","给我时间，不催结论","ask_mode|privacy|agency|time","normal"
"L2-L2-14-047-100af533","L2","L2-14","节日情绪","在我们家沟通里，「母亲节或父亲节」，我更需要什么样的互动？","一张轻祝福卡就很暖","回顾往年照片","短语音，不强制视频","日常状态同步，别仪式感太重","card|album|voice|light","normal"
"L2-L2-14-046-9f80c7b8","L2","L2-14","节日情绪","最近这段时间，「母亲节或父亲节」，我更需要什么样的互动？","一张轻祝福卡就很暖","回顾往年照片","短语音，不强制视频","日常状态同步，别仪式感太重","card|album|voice|light","normal"
"L2-L2-14-045-89ab7132","L2","L2-14","节日情绪","如果只能选一个更贴近的：「母亲节或父亲节」，我更需要什么样的互动？","一张轻祝福卡就很暖","回顾往年照片","短语音，不强制视频","日常状态同步，别仪式感太重","card|album|voice|light","normal"
"L2-L2-15-000-d89ea15c","L2","L2-15","被比较","当我「被拿来和别人比较」时，我真实感受更接近？","委屈，觉得不被看见","烦躁，想结束话题","受伤，信任会下降","想解释，但常解释不动","unseen|stop|hurt|explain","sensitive"
"L2-L2-15-003-4113aa48","L2","L2-15","被比较","在我们家沟通里，当我「被拿来和别人比较」时，我真实感受更接近？","委屈，觉得不被看见","烦躁，想结束话题","受伤，信任会下降","想解释，但常解释不动","unseen|stop|hurt|explain","sensitive"
"L2-L2-15-002-304734be","L2","L2-15","被比较","最近这段时间，当我「被拿来和别人比较」时，我真实感受更接近？","委屈，觉得不被看见","烦躁，想结束话题","受伤，信任会下降","想解释，但常解释不动","unseen|stop|hurt|explain","sensitive"
"L2-L2-15-001-35a68071","L2","L2-15","被比较","如果只能选一个更贴近的：当我「被拿来和别人比较」时，我真实感受更接近？","委屈，觉得不被看见","烦躁，想结束话题","受伤，信任会下降","想解释，但常解释不动","unseen|stop|hurt|explain","sensitive"
"L2-L2-14-010-04e8b3c5","L2","L2-14","节日情绪","最近这段时间，「春节回家前」，我更需要什么样的互动？","一张轻祝福卡就很暖","回顾往年照片","短语音，不强制视频","日常状态同步，别仪式感太重","card|album|voice|light","normal"
"L2-L2-14-009-c72f3291","L2","L2-14","节日情绪","如果只能选一个更贴近的：「春节回家前」，我更需要什么样的互动？","一张轻祝福卡就很暖","回顾往年照片","短语音，不强制视频","日常状态同步，别仪式感太重","card|album|voice|light","normal"
"L2-L2-14-008-aa5a5a88","L2","L2-14","节日情绪","「春节回家前」，我更需要什么样的互动？","一张轻祝福卡就很暖","回顾往年照片","短语音，不强制视频","日常状态同步，别仪式感太重","card|album|voice|light","normal"
"L2-L2-14-011-2f05e94c","L2","L2-14","节日情绪","在我们家沟通里，「春节回家前」，我更需要什么样的互动？","一张轻祝福卡就很暖","回顾往年照片","短语音，不强制视频","日常状态同步，别仪式感太重","card|album|voice|light","normal"
"L2-L2-14-014-b896cd5e","L2","L2-14","节日情绪","最近这段时间，「元旦跨年夜」，我更需要什么样的互动？","一张轻祝福卡就很暖","回顾往年照片","短语音，不强制视频","日常状态同步，别仪式感太重","card|album|voice|light","normal"
"L2-L2-14-013-fb8bedf5","L2","L2-14","节日情绪","如果只能选一个更贴近的：「元旦跨年夜」，我更需要什么样的互动？","一张轻祝福卡就很暖","回顾往年照片","短语音，不强制视频","日常状态同步，别仪式感太重","card|album|voice|light","normal"
"L2-L2-14-012-88f27e6e","L2","L2-14","节日情绪","「元旦跨年夜」，我更需要什么样的互动？","一张轻祝福卡就很暖","回顾往年照片","短语音，不强制视频","日常状态同步，别仪式感太重","card|album|voice|light","normal"
"L2-L2-14-007-7ea046c7","L2","L2-14","节日情绪","在我们家沟通里，「除夕当晚」，我更需要什么样的互动？","一张轻祝福卡就很暖","回顾往年照片","短语音，不强制视频","日常状态同步，别仪式感太重","card|album|voice|light","normal"
"L2-L2-14-002-07b2a9b0","L2","L2-14","节日情绪","最近这段时间，「生日当天」，我更需要什么样的互动？","一张轻祝福卡就很暖","回顾往年照片","短语音，不强制视频","日常状态同步，别仪式感太重","card|album|voice|light","normal"
"L2-L2-14-001-0c5afffe","L2","L2-14","节日情绪","如果只能选一个更贴近的：「生日当天」，我更需要什么样的互动？","一张轻祝福卡就很暖","回顾往年照片","短语音，不强制视频","日常状态同步，别仪式感太重","card|album|voice|light","normal"
"L2-L2-14-000-5b72df72","L2","L2-14","节日情绪","「生日当天」，我更需要什么样的互动？","一张轻祝福卡就很暖","回顾往年照片","短语音，不强制视频","日常状态同步，别仪式感太重","card|album|voice|light","normal"
"L2-L2-14-003-78d11dc2","L2","L2-14","节日情绪","在我们家沟通里，「生日当天」，我更需要什么样的互动？","一张轻祝福卡就很暖","回顾往年照片","短语音，不强制视频","日常状态同步，别仪式感太重","card|album|voice|light","normal"
"L2-L2-14-006-f3f2d0a1","L2","L2-14","节日情绪","最近这段时间，「除夕当晚」，我更需要什么样的互动？","一张轻祝福卡就很暖","回顾往年照片","短语音，不强制视频","日常状态同步，别仪式感太重","card|album|voice|light","normal"
"L2-L2-14-005-12a68673","L2","L2-14","节日情绪","如果只能选一个更贴近的：「除夕当晚」，我更需要什么样的互动？","一张轻祝福卡就很暖","回顾往年照片","短语音，不强制视频","日常状态同步，别仪式感太重","card|album|voice|light","normal"
"L2-L2-14-004-d9505306","L2","L2-14","节日情绪","「除夕当晚」，我更需要什么样的互动？","一张轻祝福卡就很暖","回顾往年照片","短语音，不强制视频","日常状态同步，别仪式感太重","card|album|voice|light","normal"
"L2-L2-14-025-f3956a8e","L2","L2-14","节日情绪","如果只能选一个更贴近的：「中秋不能团聚时」，我更需要什么样的互动？","一张轻祝福卡就很暖","回顾往年照片","短语音，不强制视频","日常状态同步，别仪式感太重","card|album|voice|light","normal"
"L2-L2-14-024-f034baf8","L2","L2-14","节日情绪","「中秋不能团聚时」，我更需要什么样的互动？","一张轻祝福卡就很暖","回顾往年照片","短语音，不强制视频","日常状态同步，别仪式感太重","card|album|voice|light","normal"
"L2-L2-14-023-a8049802","L2","L2-14","节日情绪","在我们家沟通里，「开学或入职节点」，我更需要什么样的互动？","一张轻祝福卡就很暖","回顾往年照片","短语音，不强制视频","日常状态同步，别仪式感太重","card|album|voice|light","normal"
"L2-L2-14-026-610b1981","L2","L2-14","节日情绪","最近这段时间，「中秋不能团聚时」，我更需要什么样的互动？","一张轻祝福卡就很暖","回顾往年照片","短语音，不强制视频","日常状态同步，别仪式感太重","card|album|voice|light","normal"
"L2-L2-14-029-4695ecfd","L2","L2-14","节日情绪","如果只能选一个更贴近的：「端午小长假」，我更需要什么样的互动？","一张轻祝福卡就很暖","回顾往年照片","短语音，不强制视频","日常状态同步，别仪式感太重","card|album|voice|light","normal"
"L2-L2-14-028-840db8d2","L2","L2-14","节日情绪","「端午小长假」，我更需要什么样的互动？","一张轻祝福卡就很暖","回顾往年照片","短语音，不强制视频","日常状态同步，别仪式感太重","card|album|voice|light","normal"
"L2-L2-14-027-210f6602","L2","L2-14","节日情绪","在我们家沟通里，「中秋不能团聚时」，我更需要什么样的互动？","一张轻祝福卡就很暖","回顾往年照片","短语音，不强制视频","日常状态同步，别仪式感太重","card|album|voice|light","normal"
"L2-L2-14-022-f256cd24","L2","L2-14","节日情绪","最近这段时间，「开学或入职节点」，我更需要什么样的互动？","一张轻祝福卡就很暖","回顾往年照片","短语音，不强制视频","日常状态同步，别仪式感太重","card|album|voice|light","normal"
"L2-L2-14-017-a67c75b1","L2","L2-14","节日情绪","如果只能选一个更贴近的：「父母生日」，我更需要什么样的互动？","一张轻祝福卡就很暖","回顾往年照片","短语音，不强制视频","日常状态同步，别仪式感太重","card|album|voice|light","normal"
"L2-L2-14-016-17f2c6a1","L2","L2-14","节日情绪","「父母生日」，我更需要什么样的互动？","一张轻祝福卡就很暖","回顾往年照片","短语音，不强制视频","日常状态同步，别仪式感太重","card|album|voice|light","normal"
"L2-L2-14-015-0793052d","L2","L2-14","节日情绪","在我们家沟通里，「元旦跨年夜」，我更需要什么样的互动？","一张轻祝福卡就很暖","回顾往年照片","短语音，不强制视频","日常状态同步，别仪式感太重","card|album|voice|light","normal"
"L2-L2-14-018-3f01c2f5","L2","L2-14","节日情绪","最近这段时间，「父母生日」，我更需要什么样的互动？","一张轻祝福卡就很暖","回顾往年照片","短语音，不强制视频","日常状态同步，别仪式感太重","card|album|voice|light","normal"
"L2-L2-14-021-c2899c1a","L2","L2-14","节日情绪","如果只能选一个更贴近的：「开学或入职节点」，我更需要什么样的互动？","一张轻祝福卡就很暖","回顾往年照片","短语音，不强制视频","日常状态同步，别仪式感太重","card|album|voice|light","normal"
"L2-L2-14-020-eb6cf915","L2","L2-14","节日情绪","「开学或入职节点」，我更需要什么样的互动？","一张轻祝福卡就很暖","回顾往年照片","短语音，不强制视频","日常状态同步，别仪式感太重","card|album|voice|light","normal"
"L2-L2-14-019-08329c17","L2","L2-14","节日情绪","在我们家沟通里，「父母生日」，我更需要什么样的互动？","一张轻祝福卡就很暖","回顾往年照片","短语音，不强制视频","日常状态同步，别仪式感太重","card|album|voice|light","normal"
"L2-L2-02-104-4df59d1f","L2","L2-02","情绪","当我「突然收到好消息」时，怎样的关心是加分的？","先别追问原因","发一句「我在」","给我留点吃的或热水","等我主动开口再聊","space|checkin|practical|listen","normal"
"L2-L2-02-103-603fc85b","L2","L2-02","情绪","在我们家沟通里，当我「被临时安排加班」时，怎样的关心是加分的？","先别追问原因","发一句「我在」","给我留点吃的或热水","等我主动开口再聊","space|checkin|practical|listen","normal"
"L2-L2-02-102-edb81997","L2","L2-02","情绪","最近这段时间，当我「被临时安排加班」时，怎样的关心是加分的？","先别追问原因","发一句「我在」","给我留点吃的或热水","等我主动开口再聊","space|checkin|practical|listen","normal"
"L2-L2-02-105-6afa5b38","L2","L2-02","情绪","如果只能选一个更贴近的：当我「突然收到好消息」时，怎样的关心是加分的？","先别追问原因","发一句「我在」","给我留点吃的或热水","等我主动开口再聊","space|checkin|practical|listen","normal"
"L2-L2-02-108-6242681d","L2","L2-02","情绪","当我「旅行在路上」时，怎样的关心是加分的？","先别追问原因","发一句「我在」","给我留点吃的或热水","等我主动开口再聊","space|checkin|practical|listen","normal"
"L2-L2-02-107-3e636bd2","L2","L2-02","情绪","在我们家沟通里，当我「突然收到好消息」时，怎样的关心是加分的？","先别追问原因","发一句「我在」","给我留点吃的或热水","等我主动开口再聊","space|checkin|practical|listen","normal"
"L2-L2-02-106-b0bf88ef","L2","L2-02","情绪","最近这段时间，当我「突然收到好消息」时，怎样的关心是加分的？","先别追问原因","发一句「我在」","给我留点吃的或热水","等我主动开口再聊","space|checkin|practical|listen","normal"
"L2-L2-02-101-cb70223a","L2","L2-02","情绪","如果只能选一个更贴近的：当我「被临时安排加班」时，怎样的关心是加分的？","先别追问原因","发一句「我在」","给我留点吃的或热水","等我主动开口再聊","space|checkin|practical|listen","normal"
"L2-L2-02-096-22014d41","L2","L2-02","情绪","当我「计划被雨天打乱」时，怎样的关心是加分的？","先别追问原因","发一句「我在」","给我留点吃的或热水","等我主动开口再聊","space|checkin|practical|listen","normal"
"L2-L2-02-095-ed356a61","L2","L2-02","情绪","在我们家沟通里，当我「刚结束一段忙碌」时，怎样的关心是加分的？","先别追问原因","发一句「我在」","给我留点吃的或热水","等我主动开口再聊","space|checkin|practical|listen","normal"
"L2-L2-02-094-d01193bc","L2","L2-02","情绪","最近这段时间，当我「刚结束一段忙碌」时，怎样的关心是加分的？","先别追问原因","发一句「我在」","给我留点吃的或热水","等我主动开口再聊","space|checkin|practical|listen","normal"
"L2-L2-02-097-a9a52ae6","L2","L2-02","情绪","如果只能选一个更贴近的：当我「计划被雨天打乱」时，怎样的关心是加分的？","先别追问原因","发一句「我在」","给我留点吃的或热水","等我主动开口再聊","space|checkin|practical|listen","normal"
"L2-L2-02-100-dd5ca9dc","L2","L2-02","情绪","当我「被临时安排加班」时，怎样的关心是加分的？","先别追问原因","发一句「我在」","给我留点吃的或热水","等我主动开口再聊","space|checkin|practical|listen","normal"
"L2-L2-02-099-b91d3ca2","L2","L2-02","情绪","在我们家沟通里，当我「计划被雨天打乱」时，怎样的关心是加分的？","先别追问原因","发一句「我在」","给我留点吃的或热水","等我主动开口再聊","space|checkin|practical|listen","normal"
"L2-L2-02-098-7db6c2e2","L2","L2-02","情绪","最近这段时间，当我「计划被雨天打乱」时，怎样的关心是加分的？","先别追问原因","发一句「我在」","给我留点吃的或热水","等我主动开口再聊","space|checkin|practical|listen","normal"
"L2-L2-02-119-769abbac","L2","L2-02","情绪","在我们家沟通里，当我「周末被临时叫回家」时，怎样的关心是加分的？","先别追问原因","发一句「我在」","给我留点吃的或热水","等我主动开口再聊","space|checkin|practical|listen","normal"
"L2-L2-02-118-a05d1e86","L2","L2-02","情绪","最近这段时间，当我「周末被临时叫回家」时，怎样的关心是加分的？","先别追问原因","发一句「我在」","给我留点吃的或热水","等我主动开口再聊","space|checkin|practical|listen","normal"
"L2-L2-02-117-71ca472d","L2","L2-02","情绪","如果只能选一个更贴近的：当我「周末被临时叫回家」时，怎样的关心是加分的？","先别追问原因","发一句「我在」","给我留点吃的或热水","等我主动开口再聊","space|checkin|practical|listen","normal"
"L2-L2-02-120-97faff25","L2","L2-02","情绪","当我「熬夜赶东西」时，怎样的关心是加分的？","先别追问原因","发一句「我在」","给我留点吃的或热水","等我主动开口再聊","space|checkin|practical|listen","normal"
"L2-L2-02-123-093c1a6c","L2","L2-02","情绪","在我们家沟通里，当我「熬夜赶东西」时，怎样的关心是加分的？","先别追问原因","发一句「我在」","给我留点吃的或热水","等我主动开口再聊","space|checkin|practical|listen","normal"
"L2-L2-02-122-9c5feab6","L2","L2-02","情绪","最近这段时间，当我「熬夜赶东西」时，怎样的关心是加分的？","先别追问原因","发一句「我在」","给我留点吃的或热水","等我主动开口再聊","space|checkin|practical|listen","normal"
"L2-L2-02-121-1ffd993a","L2","L2-02","情绪","如果只能选一个更贴近的：当我「熬夜赶东西」时，怎样的关心是加分的？","先别追问原因","发一句「我在」","给我留点吃的或热水","等我主动开口再聊","space|checkin|practical|listen","normal"
"L2-L2-02-116-58def518","L2","L2-02","情绪","当我「周末被临时叫回家」时，怎样的关心是加分的？","先别追问原因","发一句「我在」","给我留点吃的或热水","等我主动开口再聊","space|checkin|practical|listen","normal"
"L2-L2-02-111-ab5c79dd","L2","L2-02","情绪","在我们家沟通里，当我「旅行在路上」时，怎样的关心是加分的？","先别追问原因","发一句「我在」","给我留点吃的或热水","等我主动开口再聊","space|checkin|practical|listen","normal"
"L2-L2-02-110-a8add99f","L2","L2-02","情绪","最近这段时间，当我「旅行在路上」时，怎样的关心是加分的？","先别追问原因","发一句「我在」","给我留点吃的或热水","等我主动开口再聊","space|checkin|practical|listen","normal"
"L2-L2-02-109-dbba21d1","L2","L2-02","情绪","如果只能选一个更贴近的：当我「旅行在路上」时，怎样的关心是加分的？","先别追问原因","发一句「我在」","给我留点吃的或热水","等我主动开口再聊","space|checkin|practical|listen","normal"
"L2-L2-02-112-3df6af40","L2","L2-02","情绪","当我「突然收到坏消息」时，怎样的关心是加分的？","先别追问原因","发一句「我在」","给我留点吃的或热水","等我主动开口再聊","space|checkin|practical|listen","normal"
"L2-L2-02-115-6e527fda","L2","L2-02","情绪","在我们家沟通里，当我「突然收到坏消息」时，怎样的关心是加分的？","先别追问原因","发一句「我在」","给我留点吃的或热水","等我主动开口再聊","space|checkin|practical|listen","normal"
"L2-L2-02-114-bdb66b23","L2","L2-02","情绪","最近这段时间，当我「突然收到坏消息」时，怎样的关心是加分的？","先别追问原因","发一句「我在」","给我留点吃的或热水","等我主动开口再聊","space|checkin|practical|listen","normal"
"L2-L2-02-113-44f9405a","L2","L2-02","情绪","如果只能选一个更贴近的：当我「突然收到坏消息」时，怎样的关心是加分的？","先别追问原因","发一句「我在」","给我留点吃的或热水","等我主动开口再聊","space|checkin|practical|listen","normal"
"L2-L2-02-074-8923f0f1","L2","L2-02","情绪","最近这段时间，当我「考试或汇报前紧张」时，怎样的关心是加分的？","先别追问原因","发一句「我在」","给我留点吃的或热水","等我主动开口再聊","space|checkin|practical|listen","normal"
"L2-L2-02-073-7ee51b0f","L2","L2-02","情绪","如果只能选一个更贴近的：当我「考试或汇报前紧张」时，怎样的关心是加分的？","先别追问原因","发一句「我在」","给我留点吃的或热水","等我主动开口再聊","space|checkin|practical|listen","normal"
"L2-L2-02-072-27f3bf4d","L2","L2-02","情绪","当我「考试或汇报前紧张」时，怎样的关心是加分的？","先别追问原因","发一句「我在」","给我留点吃的或热水","等我主动开口再聊","space|checkin|practical|listen","normal"
"L2-L2-02-075-6284b05c","L2","L2-02","情绪","在我们家沟通里，当我「考试或汇报前紧张」时，怎样的关心是加分的？","先别追问原因","发一句「我在」","给我留点吃的或热水","等我主动开口再聊","space|checkin|practical|listen","normal"
"L2-L2-02-078-f7486219","L2","L2-02","情绪","最近这段时间，当我「生病不太舒服」时，怎样的关心是加分的？","先别追问原因","发一句「我在」","给我留点吃的或热水","等我主动开口再聊","space|checkin|practical|listen","normal"
"L2-L2-02-077-bef0e0fd","L2","L2-02","情绪","如果只能选一个更贴近的：当我「生病不太舒服」时，怎样的关心是加分的？","先别追问原因","发一句「我在」","给我留点吃的或热水","等我主动开口再聊","space|checkin|practical|listen","normal"
"L2-L2-02-076-e32c1621","L2","L2-02","情绪","当我「生病不太舒服」时，怎样的关心是加分的？","先别追问原因","发一句「我在」","给我留点吃的或热水","等我主动开口再聊","space|checkin|practical|listen","normal"
"L2-L2-02-071-26936715","L2","L2-02","情绪","在我们家沟通里，当我「刷到让自己emo的内容」时，怎样的关心是加分的？","先别追问原因","发一句「我在」","给我留点吃的或热水","等我主动开口再聊","space|checkin|practical|listen","normal"
"L2-L2-02-066-0580f9fb","L2","L2-02","情绪","最近这段时间，当我「搬家或换环境」时，怎样的关心是加分的？","先别追问原因","发一句「我在」","给我留点吃的或热水","等我主动开口再聊","space|checkin|practical|listen","normal"
"L2-L2-02-065-29ed7f0c","L2","L2-02","情绪","如果只能选一个更贴近的：当我「搬家或换环境」时，怎样的关心是加分的？","先别追问原因","发一句「我在」","给我留点吃的或热水","等我主动开口再聊","space|checkin|practical|listen","normal"
"L2-L2-02-064-5dee19a6","L2","L2-02","情绪","当我「搬家或换环境」时，怎样的关心是加分的？","先别追问原因","发一句「我在」","给我留点吃的或热水","等我主动开口再聊","space|checkin|practical|listen","normal"
"L2-L2-02-067-27d27935","L2","L2-02","情绪","在我们家沟通里，当我「搬家或换环境」时，怎样的关心是加分的？","先别追问原因","发一句「我在」","给我留点吃的或热水","等我主动开口再聊","space|checkin|practical|listen","normal"
"L2-L2-02-070-b40484d4","L2","L2-02","情绪","最近这段时间，当我「刷到让自己emo的内容」时，怎样的关心是加分的？","先别追问原因","发一句「我在」","给我留点吃的或热水","等我主动开口再聊","space|checkin|practical|listen","normal"
"L2-L2-02-069-f0c2aa0e","L2","L2-02","情绪","如果只能选一个更贴近的：当我「刷到让自己emo的内容」时，怎样的关心是加分的？","先别追问原因","发一句「我在」","给我留点吃的或热水","等我主动开口再聊","space|checkin|practical|listen","normal"
"L2-L2-02-068-c36e2c80","L2","L2-02","情绪","当我「刷到让自己emo的内容」时，怎样的关心是加分的？","先别追问原因","发一句「我在」","给我留点吃的或热水","等我主动开口再聊","space|checkin|practical|listen","normal"
"L2-L2-02-089-6dd131fa","L2","L2-02","情绪","如果只能选一个更贴近的：当我「看完一部很触动的片子」时，怎样的关心是加分的？","先别追问原因","发一句「我在」","给我留点吃的或热水","等我主动开口再聊","space|checkin|practical|listen","normal"
"L2-L2-02-088-c26bc474","L2","L2-02","情绪","当我「看完一部很触动的片子」时，怎样的关心是加分的？","先别追问原因","发一句「我在」","给我留点吃的或热水","等我主动开口再聊","space|checkin|practical|listen","normal"
"L2-L2-02-087-4f4b593e","L2","L2-02","情绪","在我们家沟通里，当我「刚吵完架还在余怒」时，怎样的关心是加分的？","先别追问原因","发一句「我在」","给我留点吃的或热水","等我主动开口再聊","space|checkin|practical|listen","normal"
"L2-L2-02-090-df145f79","L2","L2-02","情绪","最近这段时间，当我「看完一部很触动的片子」时，怎样的关心是加分的？","先别追问原因","发一句「我在」","给我留点吃的或热水","等我主动开口再聊","space|checkin|practical|listen","normal"
"L2-L2-02-093-02698ee8","L2","L2-02","情绪","如果只能选一个更贴近的：当我「刚结束一段忙碌」时，怎样的关心是加分的？","先别追问原因","发一句「我在」","给我留点吃的或热水","等我主动开口再聊","space|checkin|practical|listen","normal"
"L2-L2-02-092-40951237","L2","L2-02","情绪","当我「刚结束一段忙碌」时，怎样的关心是加分的？","先别追问原因","发一句「我在」","给我留点吃的或热水","等我主动开口再聊","space|checkin|practical|listen","normal"
"L2-L2-02-091-b52ae1c4","L2","L2-02","情绪","在我们家沟通里，当我「看完一部很触动的片子」时，怎样的关心是加分的？","先别追问原因","发一句「我在」","给我留点吃的或热水","等我主动开口再聊","space|checkin|practical|listen","normal"
"L2-L2-02-086-c821c919","L2","L2-02","情绪","最近这段时间，当我「刚吵完架还在余怒」时，怎样的关心是加分的？","先别追问原因","发一句「我在」","给我留点吃的或热水","等我主动开口再聊","space|checkin|practical|listen","normal"
"L2-L2-02-081-c696d4ad","L2","L2-02","情绪","如果只能选一个更贴近的：当我「学会一个新技能后」时，怎样的关心是加分的？","先别追问原因","发一句「我在」","给我留点吃的或热水","等我主动开口再聊","space|checkin|practical|listen","normal"
"L2-L2-02-080-d2c7c915","L2","L2-02","情绪","当我「学会一个新技能后」时，怎样的关心是加分的？","先别追问原因","发一句「我在」","给我留点吃的或热水","等我主动开口再聊","space|checkin|practical|listen","normal"
"L2-L2-02-079-76c691ee","L2","L2-02","情绪","在我们家沟通里，当我「生病不太舒服」时，怎样的关心是加分的？","先别追问原因","发一句「我在」","给我留点吃的或热水","等我主动开口再聊","space|checkin|practical|listen","normal"
"L2-L2-02-082-289a0853","L2","L2-02","情绪","最近这段时间，当我「学会一个新技能后」时，怎样的关心是加分的？","先别追问原因","发一句「我在」","给我留点吃的或热水","等我主动开口再聊","space|checkin|practical|listen","normal"
"L2-L2-02-085-643a2ca0","L2","L2-02","情绪","如果只能选一个更贴近的：当我「刚吵完架还在余怒」时，怎样的关心是加分的？","先别追问原因","发一句「我在」","给我留点吃的或热水","等我主动开口再聊","space|checkin|practical|listen","normal"
"L2-L2-02-084-d30c7bfb","L2","L2-02","情绪","当我「刚吵完架还在余怒」时，怎样的关心是加分的？","先别追问原因","发一句「我在」","给我留点吃的或热水","等我主动开口再聊","space|checkin|practical|listen","normal"
"L2-L2-02-083-9f8977f2","L2","L2-02","情绪","在我们家沟通里，当我「学会一个新技能后」时，怎样的关心是加分的？","先别追问原因","发一句「我在」","给我留点吃的或热水","等我主动开口再聊","space|checkin|practical|listen","normal"
"L2-L2-04-004-45a51ae6","L2","L2-04","冲突","「外貌相关被评价」时，我更希望当下怎么处理？","先停一下，改天再谈","换成文字慢慢说","各退一步找折中","承认分歧，先不解决","pause|text|compromise|accept","sensitive"
"L2-L2-04-003-712b4fc6","L2","L2-04","冲突","在我们家沟通里，「被反复叮嘱同一件事」时，我更希望当下怎么处理？","先停一下，改天再谈","换成文字慢慢说","各退一步找折中","承认分歧，先不解决","pause|text|compromise|accept","sensitive"
"L2-L2-04-002-3dfeb6fa","L2","L2-04","冲突","最近这段时间，「被反复叮嘱同一件事」时，我更希望当下怎么处理？","先停一下，改天再谈","换成文字慢慢说","各退一步找折中","承认分歧，先不解决","pause|text|compromise|accept","sensitive"
"L2-L2-04-005-d49577b3","L2","L2-04","冲突","如果只能选一个更贴近的：「外貌相关被评价」时，我更希望当下怎么处理？","先停一下，改天再谈","换成文字慢慢说","各退一步找折中","承认分歧，先不解决","pause|text|compromise|accept","sensitive"
"L2-L2-04-008-7daa1209","L2","L2-04","冲突","「在亲戚面前被数落」时，我更希望当下怎么处理？","先停一下，改天再谈","换成文字慢慢说","各退一步找折中","承认分歧，先不解决","pause|text|compromise|accept","sensitive"
"L2-L2-04-007-d5915f68","L2","L2-04","冲突","在我们家沟通里，「外貌相关被评价」时，我更希望当下怎么处理？","先停一下，改天再谈","换成文字慢慢说","各退一步找折中","承认分歧，先不解决","pause|text|compromise|accept","sensitive"
"L2-L2-04-006-5c5c85d8","L2","L2-04","冲突","最近这段时间，「外貌相关被评价」时，我更希望当下怎么处理？","先停一下，改天再谈","换成文字慢慢说","各退一步找折中","承认分歧，先不解决","pause|text|compromise|accept","sensitive"
"L2-L2-04-001-9107cb1a","L2","L2-04","冲突","如果只能选一个更贴近的：「被反复叮嘱同一件事」时，我更希望当下怎么处理？","先停一下，改天再谈","换成文字慢慢说","各退一步找折中","承认分歧，先不解决","pause|text|compromise|accept","sensitive"
"L2-L2-03-000-6febea94","L2","L2-03","压力","我压力大时，最不希望听到的是？","别人家孩子怎样","你怎么又这样","想开点就没事了","赶紧给我一个解决方案","compare|blame|dismiss|fix","normal"
"L2-L2-02-155-707cfb67","L2","L2-02","情绪","在我们家沟通里，当我「租房或缴租日附近」时，怎样的关心是加分的？","先别追问原因","发一句「我在」","给我留点吃的或热水","等我主动开口再聊","space|checkin|practical|listen","normal"
"L2-L2-02-154-663e14c9","L2","L2-02","情绪","最近这段时间，当我「租房或缴租日附近」时，怎样的关心是加分的？","先别追问原因","发一句「我在」","给我留点吃的或热水","等我主动开口再聊","space|checkin|practical|listen","normal"
"L2-L2-03-001-ab1804cd","L2","L2-03","压力","如果只能选一个更贴近的：我压力大时，最不希望听到的是？","别人家孩子怎样","你怎么又这样","想开点就没事了","赶紧给我一个解决方案","compare|blame|dismiss|fix","normal"
"L2-L2-04-000-4c9bef8e","L2","L2-04","冲突","「被反复叮嘱同一件事」时，我更希望当下怎么处理？","先停一下，改天再谈","换成文字慢慢说","各退一步找折中","承认分歧，先不解决","pause|text|compromise|accept","sensitive"
"L2-L2-03-003-69783580","L2","L2-03","压力","在我们家沟通里，我压力大时，最不希望听到的是？","别人家孩子怎样","你怎么又这样","想开点就没事了","赶紧给我一个解决方案","compare|blame|dismiss|fix","normal"
"L2-L2-03-002-22413e0f","L2","L2-03","压力","最近这段时间，我压力大时，最不希望听到的是？","别人家孩子怎样","你怎么又这样","想开点就没事了","赶紧给我一个解决方案","compare|blame|dismiss|fix","normal"
"L2-L2-04-019-fea29e8b","L2","L2-04","冲突","在我们家沟通里，「隐私被追问」时，我更希望当下怎么处理？","先停一下，改天再谈","换成文字慢慢说","各退一步找折中","承认分歧，先不解决","pause|text|compromise|accept","sensitive"
"L2-L2-04-018-08c61615","L2","L2-04","冲突","最近这段时间，「隐私被追问」时，我更希望当下怎么处理？","先停一下，改天再谈","换成文字慢慢说","各退一步找折中","承认分歧，先不解决","pause|text|compromise|accept","sensitive"
"L2-L2-04-017-52f486bd","L2","L2-04","冲突","如果只能选一个更贴近的：「隐私被追问」时，我更希望当下怎么处理？","先停一下，改天再谈","换成文字慢慢说","各退一步找折中","承认分歧，先不解决","pause|text|compromise|accept","sensitive"
"L2-L2-04-020-66bbdd6a","L2","L2-04","冲突","「节日安排谈不拢」时，我更希望当下怎么处理？","先停一下，改天再谈","换成文字慢慢说","各退一步找折中","承认分歧，先不解决","pause|text|compromise|accept","sensitive"
"L2-L2-04-023-c85b1b7c","L2","L2-04","冲突","在我们家沟通里，「节日安排谈不拢」时，我更希望当下怎么处理？","先停一下，改天再谈","换成文字慢慢说","各退一步找折中","承认分歧，先不解决","pause|text|compromise|accept","sensitive"
"L2-L2-04-022-ba326304","L2","L2-04","冲突","最近这段时间，「节日安排谈不拢」时，我更希望当下怎么处理？","先停一下，改天再谈","换成文字慢慢说","各退一步找折中","承认分歧，先不解决","pause|text|compromise|accept","sensitive"
"L2-L2-04-021-fdc81454","L2","L2-04","冲突","如果只能选一个更贴近的：「节日安排谈不拢」时，我更希望当下怎么处理？","先停一下，改天再谈","换成文字慢慢说","各退一步找折中","承认分歧，先不解决","pause|text|compromise|accept","sensitive"
"L2-L2-04-016-c463b35b","L2","L2-04","冲突","「隐私被追问」时，我更希望当下怎么处理？","先停一下，改天再谈","换成文字慢慢说","各退一步找折中","承认分歧，先不解决","pause|text|compromise|accept","sensitive"
"L2-L2-04-011-b524be2d","L2","L2-04","冲突","在我们家沟通里，「在亲戚面前被数落」时，我更希望当下怎么处理？","先停一下，改天再谈","换成文字慢慢说","各退一步找折中","承认分歧，先不解决","pause|text|compromise|accept","sensitive"
"L2-L2-04-010-02e2626b","L2","L2-04","冲突","最近这段时间，「在亲戚面前被数落」时，我更希望当下怎么处理？","先停一下，改天再谈","换成文字慢慢说","各退一步找折中","承认分歧，先不解决","pause|text|compromise|accept","sensitive"
"L2-L2-04-009-2d212eb6","L2","L2-04","冲突","如果只能选一个更贴近的：「在亲戚面前被数落」时，我更希望当下怎么处理？","先停一下，改天再谈","换成文字慢慢说","各退一步找折中","承认分歧，先不解决","pause|text|compromise|accept","sensitive"
"L2-L2-04-012-757e82e7","L2","L2-04","冲突","「意见不合快要吵起来」时，我更希望当下怎么处理？","先停一下，改天再谈","换成文字慢慢说","各退一步找折中","承认分歧，先不解决","pause|text|compromise|accept","sensitive"
"L2-L2-04-015-5770d4a3","L2","L2-04","冲突","在我们家沟通里，「意见不合快要吵起来」时，我更希望当下怎么处理？","先停一下，改天再谈","换成文字慢慢说","各退一步找折中","承认分歧，先不解决","pause|text|compromise|accept","sensitive"
"L2-L2-04-014-400c115b","L2","L2-04","冲突","最近这段时间，「意见不合快要吵起来」时，我更希望当下怎么处理？","先停一下，改天再谈","换成文字慢慢说","各退一步找折中","承认分歧，先不解决","pause|text|compromise|accept","sensitive"
"L2-L2-04-013-f3ae15d4","L2","L2-04","冲突","如果只能选一个更贴近的：「意见不合快要吵起来」时，我更希望当下怎么处理？","先停一下，改天再谈","换成文字慢慢说","各退一步找折中","承认分歧，先不解决","pause|text|compromise|accept","sensitive"
"L2-L2-02-134-d6706082","L2","L2-02","情绪","最近这段时间，当我「连续上班很累」时，怎样的关心是加分的？","先别追问原因","发一句「我在」","给我留点吃的或热水","等我主动开口再聊","space|checkin|practical|listen","normal"
"L2-L2-02-133-09bf13f3","L2","L2-02","情绪","如果只能选一个更贴近的：当我「连续上班很累」时，怎样的关心是加分的？","先别追问原因","发一句「我在」","给我留点吃的或热水","等我主动开口再聊","space|checkin|practical|listen","normal"
"L2-L2-02-132-3f5d11fa","L2","L2-02","情绪","当我「连续上班很累」时，怎样的关心是加分的？","先别追问原因","发一句「我在」","给我留点吃的或热水","等我主动开口再聊","space|checkin|practical|listen","normal"
"L2-L2-02-135-d5f36cac","L2","L2-02","情绪","在我们家沟通里，当我「连续上班很累」时，怎样的关心是加分的？","先别追问原因","发一句「我在」","给我留点吃的或热水","等我主动开口再聊","space|checkin|practical|listen","normal"
"L2-L2-02-138-fb5651f5","L2","L2-02","情绪","最近这段时间，当我「换季容易不舒服」时，怎样的关心是加分的？","先别追问原因","发一句「我在」","给我留点吃的或热水","等我主动开口再聊","space|checkin|practical|listen","normal"
"L2-L2-02-137-b9c62542","L2","L2-02","情绪","如果只能选一个更贴近的：当我「换季容易不舒服」时，怎样的关心是加分的？","先别追问原因","发一句「我在」","给我留点吃的或热水","等我主动开口再聊","space|checkin|practical|listen","normal"
"L2-L2-02-136-05d0aa3e","L2","L2-02","情绪","当我「换季容易不舒服」时，怎样的关心是加分的？","先别追问原因","发一句「我在」","给我留点吃的或热水","等我主动开口再聊","space|checkin|practical|listen","normal"
"L2-L2-02-131-7c761a4e","L2","L2-02","情绪","在我们家沟通里，当我「看牙医或体检前后」时，怎样的关心是加分的？","先别追问原因","发一句「我在」","给我留点吃的或热水","等我主动开口再聊","space|checkin|practical|listen","normal"
"L2-L2-02-126-40e78072","L2","L2-02","情绪","最近这段时间，当我「月底钱有点紧」时，怎样的关心是加分的？","先别追问原因","发一句「我在」","给我留点吃的或热水","等我主动开口再聊","space|checkin|practical|listen","normal"
"L2-L2-02-125-2de77eb3","L2","L2-02","情绪","如果只能选一个更贴近的：当我「月底钱有点紧」时，怎样的关心是加分的？","先别追问原因","发一句「我在」","给我留点吃的或热水","等我主动开口再聊","space|checkin|practical|listen","normal"
"L2-L2-02-124-2d0c5e50","L2","L2-02","情绪","当我「月底钱有点紧」时，怎样的关心是加分的？","先别追问原因","发一句「我在」","给我留点吃的或热水","等我主动开口再聊","space|checkin|practical|listen","normal"
"L2-L2-02-127-2fe036a2","L2","L2-02","情绪","在我们家沟通里，当我「月底钱有点紧」时，怎样的关心是加分的？","先别追问原因","发一句「我在」","给我留点吃的或热水","等我主动开口再聊","space|checkin|practical|listen","normal"
"L2-L2-02-130-64922a52","L2","L2-02","情绪","最近这段时间，当我「看牙医或体检前后」时，怎样的关心是加分的？","先别追问原因","发一句「我在」","给我留点吃的或热水","等我主动开口再聊","space|checkin|practical|listen","normal"
"L2-L2-02-129-f1eb0c12","L2","L2-02","情绪","如果只能选一个更贴近的：当我「看牙医或体检前后」时，怎样的关心是加分的？","先别追问原因","发一句「我在」","给我留点吃的或热水","等我主动开口再聊","space|checkin|practical|listen","normal"
"L2-L2-02-128-39b7e1bb","L2","L2-02","情绪","当我「看牙医或体检前后」时，怎样的关心是加分的？","先别追问原因","发一句「我在」","给我留点吃的或热水","等我主动开口再聊","space|checkin|practical|listen","normal"
"L2-L2-02-149-0cc8d179","L2","L2-02","情绪","如果只能选一个更贴近的：当我「下雨不想出门」时，怎样的关心是加分的？","先别追问原因","发一句「我在」","给我留点吃的或热水","等我主动开口再聊","space|checkin|practical|listen","normal"
"L2-L2-02-148-dd5ea7a7","L2","L2-02","情绪","当我「下雨不想出门」时，怎样的关心是加分的？","先别追问原因","发一句「我在」","给我留点吃的或热水","等我主动开口再聊","space|checkin|practical|listen","normal"
"L2-L2-02-147-3546d4e1","L2","L2-02","情绪","在我们家沟通里，当我「约会或社交后回来」时，怎样的关心是加分的？","先别追问原因","发一句「我在」","给我留点吃的或热水","等我主动开口再聊","space|checkin|practical|listen","normal"
"L2-L2-02-150-11684558","L2","L2-02","情绪","最近这段时间，当我「下雨不想出门」时，怎样的关心是加分的？","先别追问原因","发一句「我在」","给我留点吃的或热水","等我主动开口再聊","space|checkin|practical|listen","normal"
"L2-L2-02-153-8942524a","L2","L2-02","情绪","如果只能选一个更贴近的：当我「租房或缴租日附近」时，怎样的关心是加分的？","先别追问原因","发一句「我在」","给我留点吃的或热水","等我主动开口再聊","space|checkin|practical|listen","normal"
"L2-L2-02-152-8ba19958","L2","L2-02","情绪","当我「租房或缴租日附近」时，怎样的关心是加分的？","先别追问原因","发一句「我在」","给我留点吃的或热水","等我主动开口再聊","space|checkin|practical|listen","normal"
"L2-L2-02-151-32fca623","L2","L2-02","情绪","在我们家沟通里，当我「下雨不想出门」时，怎样的关心是加分的？","先别追问原因","发一句「我在」","给我留点吃的或热水","等我主动开口再聊","space|checkin|practical|listen","normal"
"L2-L2-02-146-3a87ce76","L2","L2-02","情绪","最近这段时间，当我「约会或社交后回来」时，怎样的关心是加分的？","先别追问原因","发一句「我在」","给我留点吃的或热水","等我主动开口再聊","space|checkin|practical|listen","normal"
"L2-L2-02-141-7ea4291b","L2","L2-02","情绪","如果只能选一个更贴近的：当我「项目上线前夕」时，怎样的关心是加分的？","先别追问原因","发一句「我在」","给我留点吃的或热水","等我主动开口再聊","space|checkin|practical|listen","normal"
"L2-L2-02-140-5bfa22c4","L2","L2-02","情绪","当我「项目上线前夕」时，怎样的关心是加分的？","先别追问原因","发一句「我在」","给我留点吃的或热水","等我主动开口再聊","space|checkin|practical|listen","normal"
"L2-L2-02-139-9331a63e","L2","L2-02","情绪","在我们家沟通里，当我「换季容易不舒服」时，怎样的关心是加分的？","先别追问原因","发一句「我在」","给我留点吃的或热水","等我主动开口再聊","space|checkin|practical|listen","normal"
"L2-L2-02-142-5552be0c","L2","L2-02","情绪","最近这段时间，当我「项目上线前夕」时，怎样的关心是加分的？","先别追问原因","发一句「我在」","给我留点吃的或热水","等我主动开口再聊","space|checkin|practical|listen","normal"
"L2-L2-02-145-df611836","L2","L2-02","情绪","如果只能选一个更贴近的：当我「约会或社交后回来」时，怎样的关心是加分的？","先别追问原因","发一句「我在」","给我留点吃的或热水","等我主动开口再聊","space|checkin|practical|listen","normal"
"L2-L2-02-144-cc5cebe8","L2","L2-02","情绪","当我「约会或社交后回来」时，怎样的关心是加分的？","先别追问原因","发一句「我在」","给我留点吃的或热水","等我主动开口再聊","space|checkin|practical|listen","normal"
"L2-L2-02-143-ef0c69d7","L2","L2-02","情绪","在我们家沟通里，当我「项目上线前夕」时，怎样的关心是加分的？","先别追问原因","发一句「我在」","给我留点吃的或热水","等我主动开口再聊","space|checkin|practical|listen","normal"
"L2-L2-01-040-911e34f8","L2","L2-01","情绪|需要","「被误解的时候」，我最希望你们怎么做？","让我安静待一会","关心一句就好","帮我做点实际的事","听我说几分钟","space|checkin|practical|listen","normal"
"L2-L2-01-039-17666d4d","L2","L2-01","情绪|需要","在我们家沟通里，「犹豫不决的时候」，我最希望你们怎么做？","让我安静待一会","关心一句就好","帮我做点实际的事","听我说几分钟","space|checkin|practical|listen","normal"
"L2-L2-01-038-cf06769d","L2","L2-01","情绪|需要","最近这段时间，「犹豫不决的时候」，我最希望你们怎么做？","让我安静待一会","关心一句就好","帮我做点实际的事","听我说几分钟","space|checkin|practical|listen","normal"
"L2-L2-01-041-29a6cae8","L2","L2-01","情绪|需要","如果只能选一个更贴近的：「被误解的时候」，我最希望你们怎么做？","让我安静待一会","关心一句就好","帮我做点实际的事","听我说几分钟","space|checkin|practical|listen","normal"
"L2-L2-01-044-eb9e1ec7","L2","L2-01","情绪|需要","「只想安静的时候」，我最希望你们怎么做？","让我安静待一会","关心一句就好","帮我做点实际的事","听我说几分钟","space|checkin|practical|listen","normal"
"L2-L2-01-043-e19ed889","L2","L2-01","情绪|需要","在我们家沟通里，「被误解的时候」，我最希望你们怎么做？","让我安静待一会","关心一句就好","帮我做点实际的事","听我说几分钟","space|checkin|practical|listen","normal"
"L2-L2-01-042-689b3d92","L2","L2-01","情绪|需要","最近这段时间，「被误解的时候」，我最希望你们怎么做？","让我安静待一会","关心一句就好","帮我做点实际的事","听我说几分钟","space|checkin|practical|listen","normal"
"L2-L2-01-037-faf8ad16","L2","L2-01","情绪|需要","如果只能选一个更贴近的：「犹豫不决的时候」，我最希望你们怎么做？","让我安静待一会","关心一句就好","帮我做点实际的事","听我说几分钟","space|checkin|practical|listen","normal"
"L2-L2-01-032-2cc22f90","L2","L2-01","情绪|需要","「想被抱抱却说不出口时」，我最希望你们怎么做？","让我安静待一会","关心一句就好","帮我做点实际的事","听我说几分钟","space|checkin|practical|listen","normal"
"L2-L2-01-031-1f5b2cf3","L2","L2-01","情绪|需要","在我们家沟通里，「需要被鼓励的时候」，我最希望你们怎么做？","让我安静待一会","关心一句就好","帮我做点实际的事","听我说几分钟","space|checkin|practical|listen","normal"
"L2-L2-01-030-8e9b026c","L2","L2-01","情绪|需要","最近这段时间，「需要被鼓励的时候」，我最希望你们怎么做？","让我安静待一会","关心一句就好","帮我做点实际的事","听我说几分钟","space|checkin|practical|listen","normal"
"L2-L2-01-033-083aef19","L2","L2-01","情绪|需要","如果只能选一个更贴近的：「想被抱抱却说不出口时」，我最希望你们怎么做？","让我安静待一会","关心一句就好","帮我做点实际的事","听我说几分钟","space|checkin|practical|listen","normal"
"L2-L2-01-036-28c937f0","L2","L2-01","情绪|需要","「犹豫不决的时候」，我最希望你们怎么做？","让我安静待一会","关心一句就好","帮我做点实际的事","听我说几分钟","space|checkin|practical|listen","normal"
"L2-L2-01-035-f9c01416","L2","L2-01","情绪|需要","在我们家沟通里，「想被抱抱却说不出口时」，我最希望你们怎么做？","让我安静待一会","关心一句就好","帮我做点实际的事","听我说几分钟","space|checkin|practical|listen","normal"
"L2-L2-01-034-2f7575f0","L2","L2-01","情绪|需要","最近这段时间，「想被抱抱却说不出口时」，我最希望你们怎么做？","让我安静待一会","关心一句就好","帮我做点实际的事","听我说几分钟","space|checkin|practical|listen","normal"
"L2-L2-01-055-32f91ef1","L2","L2-01","情绪|需要","在我们家沟通里，「累的时候」，我最希望你们怎么做？","让我安静待一会","关心一句就好","帮我做点实际的事","听我说几分钟","space|checkin|practical|listen","normal"
"L2-L2-01-054-76d0c317","L2","L2-01","情绪|需要","最近这段时间，「累的时候」，我最希望你们怎么做？","让我安静待一会","关心一句就好","帮我做点实际的事","听我说几分钟","space|checkin|practical|listen","normal"
"L2-L2-01-053-ba69cad3","L2","L2-01","情绪|需要","如果只能选一个更贴近的：「累的时候」，我最希望你们怎么做？","让我安静待一会","关心一句就好","帮我做点实际的事","听我说几分钟","space|checkin|practical|listen","normal"
"L2-L2-02-000-713aa5cd","L2","L2-02","情绪","当我「发工资后几天」时，怎样的关心是加分的？","先别追问原因","发一句「我在」","给我留点吃的或热水","等我主动开口再聊","space|checkin|practical|listen","normal"
"L2-L2-02-003-574c5689","L2","L2-02","情绪","在我们家沟通里，当我「发工资后几天」时，怎样的关心是加分的？","先别追问原因","发一句「我在」","给我留点吃的或热水","等我主动开口再聊","space|checkin|practical|listen","normal"
"L2-L2-02-002-baf984da","L2","L2-02","情绪","最近这段时间，当我「发工资后几天」时，怎样的关心是加分的？","先别追问原因","发一句「我在」","给我留点吃的或热水","等我主动开口再聊","space|checkin|practical|listen","normal"
"L2-L2-02-001-4553d464","L2","L2-02","情绪","如果只能选一个更贴近的：当我「发工资后几天」时，怎样的关心是加分的？","先别追问原因","发一句「我在」","给我留点吃的或热水","等我主动开口再聊","space|checkin|practical|listen","normal"
"L2-L2-01-052-2d00de11","L2","L2-01","情绪|需要","「累的时候」，我最希望你们怎么做？","让我安静待一会","关心一句就好","帮我做点实际的事","听我说几分钟","space|checkin|practical|listen","normal"
"L2-L2-01-047-72bf440c","L2","L2-01","情绪|需要","在我们家沟通里，「只想安静的时候」，我最希望你们怎么做？","让我安静待一会","关心一句就好","帮我做点实际的事","听我说几分钟","space|checkin|practical|listen","normal"
"L2-L2-01-046-5d82d921","L2","L2-01","情绪|需要","最近这段时间，「只想安静的时候」，我最希望你们怎么做？","让我安静待一会","关心一句就好","帮我做点实际的事","听我说几分钟","space|checkin|practical|listen","normal"
"L2-L2-01-045-689ad8d4","L2","L2-01","情绪|需要","如果只能选一个更贴近的：「只想安静的时候」，我最希望你们怎么做？","让我安静待一会","关心一句就好","帮我做点实际的事","听我说几分钟","space|checkin|practical|listen","normal"
"L2-L2-01-048-26a337aa","L2","L2-01","情绪|需要","「做错事后」，我最希望你们怎么做？","让我安静待一会","关心一句就好","帮我做点实际的事","听我说几分钟","space|checkin|practical|listen","normal"
"L2-L2-01-051-952aeb4f","L2","L2-01","情绪|需要","在我们家沟通里，「做错事后」，我最希望你们怎么做？","让我安静待一会","关心一句就好","帮我做点实际的事","听我说几分钟","space|checkin|practical|listen","normal"
"L2-L2-01-050-b9508e53","L2","L2-01","情绪|需要","最近这段时间，「做错事后」，我最希望你们怎么做？","让我安静待一会","关心一句就好","帮我做点实际的事","听我说几分钟","space|checkin|practical|listen","normal"
"L2-L2-01-049-c1037d35","L2","L2-01","情绪|需要","如果只能选一个更贴近的：「做错事后」，我最希望你们怎么做？","让我安静待一会","关心一句就好","帮我做点实际的事","听我说几分钟","space|checkin|practical|listen","normal"
"L2-L2-01-010-67f4f157","L2","L2-01","情绪|需要","最近这段时间，「社交电池耗尽时」，我最希望你们怎么做？","让我安静待一会","关心一句就好","帮我做点实际的事","听我说几分钟","space|checkin|practical|listen","normal"
"L2-L2-01-009-c7c774b2","L2","L2-01","情绪|需要","如果只能选一个更贴近的：「社交电池耗尽时」，我最希望你们怎么做？","让我安静待一会","关心一句就好","帮我做点实际的事","听我说几分钟","space|checkin|practical|listen","normal"
"L2-L2-01-008-40345322","L2","L2-01","情绪|需要","「社交电池耗尽时」，我最希望你们怎么做？","让我安静待一会","关心一句就好","帮我做点实际的事","听我说几分钟","space|checkin|practical|listen","normal"
"L2-L2-01-011-4fe67c89","L2","L2-01","情绪|需要","在我们家沟通里，「社交电池耗尽时」，我最希望你们怎么做？","让我安静待一会","关心一句就好","帮我做点实际的事","听我说几分钟","space|checkin|practical|listen","normal"
"L2-L2-01-014-b518e867","L2","L2-01","情绪|需要","最近这段时间，「想倾诉的时候」，我最希望你们怎么做？","让我安静待一会","关心一句就好","帮我做点实际的事","听我说几分钟","space|checkin|practical|listen","normal"
"L2-L2-01-013-c589e1b5","L2","L2-01","情绪|需要","如果只能选一个更贴近的：「想倾诉的时候」，我最希望你们怎么做？","让我安静待一会","关心一句就好","帮我做点实际的事","听我说几分钟","space|checkin|practical|listen","normal"
"L2-L2-01-012-0fe8e5d1","L2","L2-01","情绪|需要","「想倾诉的时候」，我最希望你们怎么做？","让我安静待一会","关心一句就好","帮我做点实际的事","听我说几分钟","space|checkin|practical|listen","normal"
"L2-L2-01-007-f291b534","L2","L2-01","情绪|需要","在我们家沟通里，「取得一点小成绩时」，我最希望你们怎么做？","让我安静待一会","关心一句就好","帮我做点实际的事","听我说几分钟","space|checkin|practical|listen","normal"
"L2-L2-01-002-fe47de4a","L2","L2-01","情绪|需要","最近这段时间，「压力大的时候」，我最希望你们怎么做？","让我安静待一会","关心一句就好","帮我做点实际的事","听我说几分钟","space|checkin|practical|listen","normal"
"L2-L2-01-001-0dcbb862","L2","L2-01","情绪|需要","如果只能选一个更贴近的：「压力大的时候」，我最希望你们怎么做？","让我安静待一会","关心一句就好","帮我做点实际的事","听我说几分钟","space|checkin|practical|listen","normal"
"L2-L2-01-000-3845a867","L2","L2-01","情绪|需要","「压力大的时候」，我最希望你们怎么做？","让我安静待一会","关心一句就好","帮我做点实际的事","听我说几分钟","space|checkin|practical|listen","normal"
"L2-L2-01-003-1f37a47d","L2","L2-01","情绪|需要","在我们家沟通里，「压力大的时候」，我最希望你们怎么做？","让我安静待一会","关心一句就好","帮我做点实际的事","听我说几分钟","space|checkin|practical|listen","normal"
"L2-L2-01-006-b22cf447","L2","L2-01","情绪|需要","最近这段时间，「取得一点小成绩时」，我最希望你们怎么做？","让我安静待一会","关心一句就好","帮我做点实际的事","听我说几分钟","space|checkin|practical|listen","normal"
"L2-L2-01-005-8b762424","L2","L2-01","情绪|需要","如果只能选一个更贴近的：「取得一点小成绩时」，我最希望你们怎么做？","让我安静待一会","关心一句就好","帮我做点实际的事","听我说几分钟","space|checkin|practical|listen","normal"
"L2-L2-01-004-3a7f72d0","L2","L2-01","情绪|需要","「取得一点小成绩时」，我最希望你们怎么做？","让我安静待一会","关心一句就好","帮我做点实际的事","听我说几分钟","space|checkin|practical|listen","normal"
"L2-L2-01-025-651e078e","L2","L2-01","情绪|需要","如果只能选一个更贴近的：「开心的时候」，我最希望你们怎么做？","让我安静待一会","关心一句就好","帮我做点实际的事","听我说几分钟","space|checkin|practical|listen","normal"
"L2-L2-01-024-15e0e8aa","L2","L2-01","情绪|需要","「开心的时候」，我最希望你们怎么做？","让我安静待一会","关心一句就好","帮我做点实际的事","听我说几分钟","space|checkin|practical|listen","normal"
"L2-L2-01-023-e2d6530e","L2","L2-01","情绪|需要","在我们家沟通里，「需要做重大决定时」，我最希望你们怎么做？","让我安静待一会","关心一句就好","帮我做点实际的事","听我说几分钟","space|checkin|practical|listen","normal"
"L2-L2-01-026-6732d691","L2","L2-01","情绪|需要","最近这段时间，「开心的时候」，我最希望你们怎么做？","让我安静待一会","关心一句就好","帮我做点实际的事","听我说几分钟","space|checkin|practical|listen","normal"
"L2-L2-01-029-cb64667b","L2","L2-01","情绪|需要","如果只能选一个更贴近的：「需要被鼓励的时候」，我最希望你们怎么做？","让我安静待一会","关心一句就好","帮我做点实际的事","听我说几分钟","space|checkin|practical|listen","normal"
"L2-L2-01-028-fd17a7b0","L2","L2-01","情绪|需要","「需要被鼓励的时候」，我最希望你们怎么做？","让我安静待一会","关心一句就好","帮我做点实际的事","听我说几分钟","space|checkin|practical|listen","normal"
"L2-L2-01-027-183861c0","L2","L2-01","情绪|需要","在我们家沟通里，「开心的时候」，我最希望你们怎么做？","让我安静待一会","关心一句就好","帮我做点实际的事","听我说几分钟","space|checkin|practical|listen","normal"
"L2-L2-01-022-3519f885","L2","L2-01","情绪|需要","最近这段时间，「需要做重大决定时」，我最希望你们怎么做？","让我安静待一会","关心一句就好","帮我做点实际的事","听我说几分钟","space|checkin|practical|listen","normal"
"L2-L2-01-017-c8094bf0","L2","L2-01","情绪|需要","如果只能选一个更贴近的：「突然焦虑的时候」，我最希望你们怎么做？","让我安静待一会","关心一句就好","帮我做点实际的事","听我说几分钟","space|checkin|practical|listen","normal"
"L2-L2-01-016-d8e12bf2","L2","L2-01","情绪|需要","「突然焦虑的时候」，我最希望你们怎么做？","让我安静待一会","关心一句就好","帮我做点实际的事","听我说几分钟","space|checkin|practical|listen","normal"
"L2-L2-01-015-7f495104","L2","L2-01","情绪|需要","在我们家沟通里，「想倾诉的时候」，我最希望你们怎么做？","让我安静待一会","关心一句就好","帮我做点实际的事","听我说几分钟","space|checkin|practical|listen","normal"
"L2-L2-01-018-0edb35dd","L2","L2-01","情绪|需要","最近这段时间，「突然焦虑的时候」，我最希望你们怎么做？","让我安静待一会","关心一句就好","帮我做点实际的事","听我说几分钟","space|checkin|practical|listen","normal"
"L2-L2-01-021-2e13f875","L2","L2-01","情绪|需要","如果只能选一个更贴近的：「需要做重大决定时」，我最希望你们怎么做？","让我安静待一会","关心一句就好","帮我做点实际的事","听我说几分钟","space|checkin|practical|listen","normal"
"L2-L2-01-020-d686e179","L2","L2-01","情绪|需要","「需要做重大决定时」，我最希望你们怎么做？","让我安静待一会","关心一句就好","帮我做点实际的事","听我说几分钟","space|checkin|practical|listen","normal"
"L2-L2-01-019-9a5962b9","L2","L2-01","情绪|需要","在我们家沟通里，「突然焦虑的时候」，我最希望你们怎么做？","让我安静待一会","关心一句就好","帮我做点实际的事","听我说几分钟","space|checkin|practical|listen","normal"
"L2-L2-02-044-fffbc22e","L2","L2-02","情绪","当我「一个人在外吃饭」时，怎样的关心是加分的？","先别追问原因","发一句「我在」","给我留点吃的或热水","等我主动开口再聊","space|checkin|practical|listen","normal"
"L2-L2-02-043-bb5c11bd","L2","L2-02","情绪","在我们家沟通里，当我「突然很想家」时，怎样的关心是加分的？","先别追问原因","发一句「我在」","给我留点吃的或热水","等我主动开口再聊","space|checkin|practical|listen","normal"
"L2-L2-02-042-5d9c33e6","L2","L2-02","情绪","最近这段时间，当我「突然很想家」时，怎样的关心是加分的？","先别追问原因","发一句「我在」","给我留点吃的或热水","等我主动开口再聊","space|checkin|practical|listen","normal"
"L2-L2-02-045-a4b5861a","L2","L2-02","情绪","如果只能选一个更贴近的：当我「一个人在外吃饭」时，怎样的关心是加分的？","先别追问原因","发一句「我在」","给我留点吃的或热水","等我主动开口再聊","space|checkin|practical|listen","normal"
"L2-L2-02-048-3c7c502d","L2","L2-02","情绪","当我「刚拒绝一个社交邀请」时，怎样的关心是加分的？","先别追问原因","发一句「我在」","给我留点吃的或热水","等我主动开口再聊","space|checkin|practical|listen","normal"
"L2-L2-02-047-27d28718","L2","L2-02","情绪","在我们家沟通里，当我「一个人在外吃饭」时，怎样的关心是加分的？","先别追问原因","发一句「我在」","给我留点吃的或热水","等我主动开口再聊","space|checkin|practical|listen","normal"
"L2-L2-02-046-63f5f2f1","L2","L2-02","情绪","最近这段时间，当我「一个人在外吃饭」时，怎样的关心是加分的？","先别追问原因","发一句「我在」","给我留点吃的或热水","等我主动开口再聊","space|checkin|practical|listen","normal"
"L2-L2-02-041-156446b9","L2","L2-02","情绪","如果只能选一个更贴近的：当我「突然很想家」时，怎样的关心是加分的？","先别追问原因","发一句「我在」","给我留点吃的或热水","等我主动开口再聊","space|checkin|practical|listen","normal"
"L2-L2-02-036-ae031e26","L2","L2-02","情绪","当我「周末想宅在家」时，怎样的关心是加分的？","先别追问原因","发一句「我在」","给我留点吃的或热水","等我主动开口再聊","space|checkin|practical|listen","normal"
"L2-L2-02-035-9cb38d57","L2","L2-02","情绪","在我们家沟通里，当我「睡前刷手机」时，怎样的关心是加分的？","先别追问原因","发一句「我在」","给我留点吃的或热水","等我主动开口再聊","space|checkin|practical|listen","normal"
"L2-L2-02-034-03534daa","L2","L2-02","情绪","最近这段时间，当我「睡前刷手机」时，怎样的关心是加分的？","先别追问原因","发一句「我在」","给我留点吃的或热水","等我主动开口再聊","space|checkin|practical|listen","normal"
"L2-L2-02-037-26e7245f","L2","L2-02","情绪","如果只能选一个更贴近的：当我「周末想宅在家」时，怎样的关心是加分的？","先别追问原因","发一句「我在」","给我留点吃的或热水","等我主动开口再聊","space|checkin|practical|listen","normal"
"L2-L2-02-040-7d3cd299","L2","L2-02","情绪","当我「突然很想家」时，怎样的关心是加分的？","先别追问原因","发一句「我在」","给我留点吃的或热水","等我主动开口再聊","space|checkin|practical|listen","normal"
"L2-L2-02-039-de2c5ce2","L2","L2-02","情绪","在我们家沟通里，当我「周末想宅在家」时，怎样的关心是加分的？","先别追问原因","发一句「我在」","给我留点吃的或热水","等我主动开口再聊","space|checkin|practical|listen","normal"
"L2-L2-02-038-f6681156","L2","L2-02","情绪","最近这段时间，当我「周末想宅在家」时，怎样的关心是加分的？","先别追问原因","发一句「我在」","给我留点吃的或热水","等我主动开口再聊","space|checkin|practical|listen","normal"
"L2-L2-02-059-4f2b11f7","L2","L2-02","情绪","在我们家沟通里，当我「被批评后心情低落」时，怎样的关心是加分的？","先别追问原因","发一句「我在」","给我留点吃的或热水","等我主动开口再聊","space|checkin|practical|listen","normal"
"L2-L2-02-058-73d17566","L2","L2-02","情绪","最近这段时间，当我「被批评后心情低落」时，怎样的关心是加分的？","先别追问原因","发一句「我在」","给我留点吃的或热水","等我主动开口再聊","space|checkin|practical|listen","normal"
"L2-L2-02-057-318ad337","L2","L2-02","情绪","如果只能选一个更贴近的：当我「被批评后心情低落」时，怎样的关心是加分的？","先别追问原因","发一句「我在」","给我留点吃的或热水","等我主动开口再聊","space|checkin|practical|listen","normal"
"L2-L2-02-060-6537273b","L2","L2-02","情绪","当我「和同事发生小摩擦后」时，怎样的关心是加分的？","先别追问原因","发一句「我在」","给我留点吃的或热水","等我主动开口再聊","space|checkin|practical|listen","normal"
"L2-L2-02-063-b35df87c","L2","L2-02","情绪","在我们家沟通里，当我「和同事发生小摩擦后」时，怎样的关心是加分的？","先别追问原因","发一句「我在」","给我留点吃的或热水","等我主动开口再聊","space|checkin|practical|listen","normal"
"L2-L2-02-062-faf458b0","L2","L2-02","情绪","最近这段时间，当我「和同事发生小摩擦后」时，怎样的关心是加分的？","先别追问原因","发一句「我在」","给我留点吃的或热水","等我主动开口再聊","space|checkin|practical|listen","normal"
"L2-L2-02-061-31825c19","L2","L2-02","情绪","如果只能选一个更贴近的：当我「和同事发生小摩擦后」时，怎样的关心是加分的？","先别追问原因","发一句「我在」","给我留点吃的或热水","等我主动开口再聊","space|checkin|practical|listen","normal"
"L2-L2-02-056-b2c858f2","L2","L2-02","情绪","当我「被批评后心情低落」时，怎样的关心是加分的？","先别追问原因","发一句「我在」","给我留点吃的或热水","等我主动开口再聊","space|checkin|practical|listen","normal"
"L2-L2-02-051-25a9a05f","L2","L2-02","情绪","在我们家沟通里，当我「刚拒绝一个社交邀请」时，怎样的关心是加分的？","先别追问原因","发一句「我在」","给我留点吃的或热水","等我主动开口再聊","space|checkin|practical|listen","normal"
"L2-L2-02-050-3274b9a3","L2","L2-02","情绪","最近这段时间，当我「刚拒绝一个社交邀请」时，怎样的关心是加分的？","先别追问原因","发一句「我在」","给我留点吃的或热水","等我主动开口再聊","space|checkin|practical|listen","normal"
"L2-L2-02-049-0d5830e7","L2","L2-02","情绪","如果只能选一个更贴近的：当我「刚拒绝一个社交邀请」时，怎样的关心是加分的？","先别追问原因","发一句「我在」","给我留点吃的或热水","等我主动开口再聊","space|checkin|practical|listen","normal"
"L2-L2-02-052-8e646969","L2","L2-02","情绪","当我「连续开会头脑发胀」时，怎样的关心是加分的？","先别追问原因","发一句「我在」","给我留点吃的或热水","等我主动开口再聊","space|checkin|practical|listen","normal"
"L2-L2-02-055-50121efa","L2","L2-02","情绪","在我们家沟通里，当我「连续开会头脑发胀」时，怎样的关心是加分的？","先别追问原因","发一句「我在」","给我留点吃的或热水","等我主动开口再聊","space|checkin|practical|listen","normal"
"L2-L2-02-054-b6707c5b","L2","L2-02","情绪","最近这段时间，当我「连续开会头脑发胀」时，怎样的关心是加分的？","先别追问原因","发一句「我在」","给我留点吃的或热水","等我主动开口再聊","space|checkin|practical|listen","normal"
"L2-L2-02-053-714cf308","L2","L2-02","情绪","如果只能选一个更贴近的：当我「连续开会头脑发胀」时，怎样的关心是加分的？","先别追问原因","发一句「我在」","给我留点吃的或热水","等我主动开口再聊","space|checkin|practical|listen","normal"
"L2-L2-02-014-b8482eda","L2","L2-02","情绪","最近这段时间，当我「排队或通勤很烦」时，怎样的关心是加分的？","先别追问原因","发一句「我在」","给我留点吃的或热水","等我主动开口再聊","space|checkin|practical|listen","normal"
"L2-L2-02-013-d96befd6","L2","L2-02","情绪","如果只能选一个更贴近的：当我「排队或通勤很烦」时，怎样的关心是加分的？","先别追问原因","发一句「我在」","给我留点吃的或热水","等我主动开口再聊","space|checkin|practical|listen","normal"
"L2-L2-02-012-63ed8121","L2","L2-02","情绪","当我「排队或通勤很烦」时，怎样的关心是加分的？","先别追问原因","发一句「我在」","给我留点吃的或热水","等我主动开口再聊","space|checkin|practical|listen","normal"
"L2-L2-02-015-a231a18c","L2","L2-02","情绪","在我们家沟通里，当我「排队或通勤很烦」时，怎样的关心是加分的？","先别追问原因","发一句「我在」","给我留点吃的或热水","等我主动开口再聊","space|checkin|practical|listen","normal"
"L2-L2-02-018-137e02ee","L2","L2-02","情绪","最近这段时间，当我「网购到货很开心」时，怎样的关心是加分的？","先别追问原因","发一句「我在」","给我留点吃的或热水","等我主动开口再聊","space|checkin|practical|listen","normal"
"L2-L2-02-017-366075e7","L2","L2-02","情绪","如果只能选一个更贴近的：当我「网购到货很开心」时，怎样的关心是加分的？","先别追问原因","发一句「我在」","给我留点吃的或热水","等我主动开口再聊","space|checkin|practical|listen","normal"
"L2-L2-02-016-965069a0","L2","L2-02","情绪","当我「网购到货很开心」时，怎样的关心是加分的？","先别追问原因","发一句「我在」","给我留点吃的或热水","等我主动开口再聊","space|checkin|practical|listen","normal"
"L2-L2-02-011-980a029c","L2","L2-02","情绪","在我们家沟通里，当我「早上起不来」时，怎样的关心是加分的？","先别追问原因","发一句「我在」","给我留点吃的或热水","等我主动开口再聊","space|checkin|practical|listen","normal"
"L2-L2-02-006-c7c95aa7","L2","L2-02","情绪","最近这段时间，当我「加班很晚回家」时，怎样的关心是加分的？","先别追问原因","发一句「我在」","给我留点吃的或热水","等我主动开口再聊","space|checkin|practical|listen","normal"
"L2-L2-02-005-8bbafc52","L2","L2-02","情绪","如果只能选一个更贴近的：当我「加班很晚回家」时，怎样的关心是加分的？","先别追问原因","发一句「我在」","给我留点吃的或热水","等我主动开口再聊","space|checkin|practical|listen","normal"
"L2-L2-02-004-e7a7e55f","L2","L2-02","情绪","当我「加班很晚回家」时，怎样的关心是加分的？","先别追问原因","发一句「我在」","给我留点吃的或热水","等我主动开口再聊","space|checkin|practical|listen","normal"
"L2-L2-02-007-d5c4c1c9","L2","L2-02","情绪","在我们家沟通里，当我「加班很晚回家」时，怎样的关心是加分的？","先别追问原因","发一句「我在」","给我留点吃的或热水","等我主动开口再聊","space|checkin|practical|listen","normal"
"L2-L2-02-010-d40b6db6","L2","L2-02","情绪","最近这段时间，当我「早上起不来」时，怎样的关心是加分的？","先别追问原因","发一句「我在」","给我留点吃的或热水","等我主动开口再聊","space|checkin|practical|listen","normal"
"L2-L2-02-009-1f321eca","L2","L2-02","情绪","如果只能选一个更贴近的：当我「早上起不来」时，怎样的关心是加分的？","先别追问原因","发一句「我在」","给我留点吃的或热水","等我主动开口再聊","space|checkin|practical|listen","normal"
"L2-L2-02-008-223829d3","L2","L2-02","情绪","当我「早上起不来」时，怎样的关心是加分的？","先别追问原因","发一句「我在」","给我留点吃的或热水","等我主动开口再聊","space|checkin|practical|listen","normal"
"L2-L2-02-029-acc6a4f6","L2","L2-02","情绪","如果只能选一个更贴近的：当我「和朋友出去玩」时，怎样的关心是加分的？","先别追问原因","发一句「我在」","给我留点吃的或热水","等我主动开口再聊","space|checkin|practical|listen","normal"
"L2-L2-02-028-14698e5f","L2","L2-02","情绪","当我「和朋友出去玩」时，怎样的关心是加分的？","先别追问原因","发一句「我在」","给我留点吃的或热水","等我主动开口再聊","space|checkin|practical|listen","normal"
"L2-L2-02-027-55dde6c3","L2","L2-02","情绪","在我们家沟通里，当我「独处一整天后」时，怎样的关心是加分的？","先别追问原因","发一句「我在」","给我留点吃的或热水","等我主动开口再聊","space|checkin|practical|listen","normal"
"L2-L2-02-030-ef261c58","L2","L2-02","情绪","最近这段时间，当我「和朋友出去玩」时，怎样的关心是加分的？","先别追问原因","发一句「我在」","给我留点吃的或热水","等我主动开口再聊","space|checkin|practical|listen","normal"
"L2-L2-02-033-b832f1d8","L2","L2-02","情绪","如果只能选一个更贴近的：当我「睡前刷手机」时，怎样的关心是加分的？","先别追问原因","发一句「我在」","给我留点吃的或热水","等我主动开口再聊","space|checkin|practical|listen","normal"
"L2-L2-02-032-aecdecdc","L2","L2-02","情绪","当我「睡前刷手机」时，怎样的关心是加分的？","先别追问原因","发一句「我在」","给我留点吃的或热水","等我主动开口再聊","space|checkin|practical|listen","normal"
"L2-L2-02-031-9fda48ff","L2","L2-02","情绪","在我们家沟通里，当我「和朋友出去玩」时，怎样的关心是加分的？","先别追问原因","发一句「我在」","给我留点吃的或热水","等我主动开口再聊","space|checkin|practical|listen","normal"
"L2-L2-02-026-6bf03779","L2","L2-02","情绪","最近这段时间，当我「独处一整天后」时，怎样的关心是加分的？","先别追问原因","发一句「我在」","给我留点吃的或热水","等我主动开口再聊","space|checkin|practical|listen","normal"
"L2-L2-02-021-d2102d49","L2","L2-02","情绪","如果只能选一个更贴近的：当我「运动完很疲惫」时，怎样的关心是加分的？","先别追问原因","发一句「我在」","给我留点吃的或热水","等我主动开口再聊","space|checkin|practical|listen","normal"
"L2-L2-02-020-8a794a52","L2","L2-02","情绪","当我「运动完很疲惫」时，怎样的关心是加分的？","先别追问原因","发一句「我在」","给我留点吃的或热水","等我主动开口再聊","space|checkin|practical|listen","normal"
"L2-L2-02-019-cf02f13a","L2","L2-02","情绪","在我们家沟通里，当我「网购到货很开心」时，怎样的关心是加分的？","先别追问原因","发一句「我在」","给我留点吃的或热水","等我主动开口再聊","space|checkin|practical|listen","normal"
"L2-L2-02-022-f6949838","L2","L2-02","情绪","最近这段时间，当我「运动完很疲惫」时，怎样的关心是加分的？","先别追问原因","发一句「我在」","给我留点吃的或热水","等我主动开口再聊","space|checkin|practical|listen","normal"
"L2-L2-02-025-c4a77aae","L2","L2-02","情绪","如果只能选一个更贴近的：当我「独处一整天后」时，怎样的关心是加分的？","先别追问原因","发一句「我在」","给我留点吃的或热水","等我主动开口再聊","space|checkin|practical|listen","normal"
"L2-L2-02-024-d2647e09","L2","L2-02","情绪","当我「独处一整天后」时，怎样的关心是加分的？","先别追问原因","发一句「我在」","给我留点吃的或热水","等我主动开口再聊","space|checkin|practical|listen","normal"
"L2-L2-02-023-bec4dc97","L2","L2-02","情绪","在我们家沟通里，当我「运动完很疲惫」时，怎样的关心是加分的？","先别追问原因","发一句「我在」","给我留点吃的或热水","等我主动开口再聊","space|checkin|practical|listen","normal"
"L2-L2-06-068-a247c29e","L2","L2-06","担心","你们担心我时，我「早上起不来」的情况下更希望？","先相信我能处理好","问一句近况就好","给我建议但别替我决定","等我求助时再介入","trust|checkin|advice|space","normal"
"L2-L2-06-067-f42b4159","L2","L2-06","担心","在我们家沟通里，你们担心我时，我「熬夜赶东西」的情况下更希望？","先相信我能处理好","问一句近况就好","给我建议但别替我决定","等我求助时再介入","trust|checkin|advice|space","normal"
"L2-L2-06-066-f46bb6b1","L2","L2-06","担心","最近这段时间，你们担心我时，我「熬夜赶东西」的情况下更希望？","先相信我能处理好","问一句近况就好","给我建议但别替我决定","等我求助时再介入","trust|checkin|advice|space","normal"
"L2-L2-06-069-070732fc","L2","L2-06","担心","如果只能选一个更贴近的：你们担心我时，我「早上起不来」的情况下更希望？","先相信我能处理好","问一句近况就好","给我建议但别替我决定","等我求助时再介入","trust|checkin|advice|space","normal"
"L2-L2-06-072-d694560e","L2","L2-06","担心","你们担心我时，我「睡前刷手机」的情况下更希望？","先相信我能处理好","问一句近况就好","给我建议但别替我决定","等我求助时再介入","trust|checkin|advice|space","normal"
"L2-L2-06-071-996ea11a","L2","L2-06","担心","在我们家沟通里，你们担心我时，我「早上起不来」的情况下更希望？","先相信我能处理好","问一句近况就好","给我建议但别替我决定","等我求助时再介入","trust|checkin|advice|space","normal"
"L2-L2-06-070-a642c578","L2","L2-06","担心","最近这段时间，你们担心我时，我「早上起不来」的情况下更希望？","先相信我能处理好","问一句近况就好","给我建议但别替我决定","等我求助时再介入","trust|checkin|advice|space","normal"
"L2-L2-06-065-7b5cb3e6","L2","L2-06","担心","如果只能选一个更贴近的：你们担心我时，我「熬夜赶东西」的情况下更希望？","先相信我能处理好","问一句近况就好","给我建议但别替我决定","等我求助时再介入","trust|checkin|advice|space","normal"
"L2-L2-06-060-d4b96a37","L2","L2-06","担心","你们担心我时，我「换季容易不舒服」的情况下更希望？","先相信我能处理好","问一句近况就好","给我建议但别替我决定","等我求助时再介入","trust|checkin|advice|space","normal"
"L2-L2-06-059-9bcb2437","L2","L2-06","担心","在我们家沟通里，你们担心我时，我「独处一整天后」的情况下更希望？","先相信我能处理好","问一句近况就好","给我建议但别替我决定","等我求助时再介入","trust|checkin|advice|space","normal"
"L2-L2-06-058-8c63e010","L2","L2-06","担心","最近这段时间，你们担心我时，我「独处一整天后」的情况下更希望？","先相信我能处理好","问一句近况就好","给我建议但别替我决定","等我求助时再介入","trust|checkin|advice|space","normal"
"L2-L2-06-061-321354b8","L2","L2-06","担心","如果只能选一个更贴近的：你们担心我时，我「换季容易不舒服」的情况下更希望？","先相信我能处理好","问一句近况就好","给我建议但别替我决定","等我求助时再介入","trust|checkin|advice|space","normal"
"L2-L2-06-064-be5cdcfd","L2","L2-06","担心","你们担心我时，我「熬夜赶东西」的情况下更希望？","先相信我能处理好","问一句近况就好","给我建议但别替我决定","等我求助时再介入","trust|checkin|advice|space","normal"
"L2-L2-06-063-b0209e5e","L2","L2-06","担心","在我们家沟通里，你们担心我时，我「换季容易不舒服」的情况下更希望？","先相信我能处理好","问一句近况就好","给我建议但别替我决定","等我求助时再介入","trust|checkin|advice|space","normal"
"L2-L2-06-062-14055b3e","L2","L2-06","担心","最近这段时间，你们担心我时，我「换季容易不舒服」的情况下更希望？","先相信我能处理好","问一句近况就好","给我建议但别替我决定","等我求助时再介入","trust|checkin|advice|space","normal"
"L2-L2-06-083-181aceb9","L2","L2-06","担心","在我们家沟通里，你们担心我时，我「计划被雨天打乱」的情况下更希望？","先相信我能处理好","问一句近况就好","给我建议但别替我决定","等我求助时再介入","trust|checkin|advice|space","normal"
"L2-L2-06-082-ef216050","L2","L2-06","担心","最近这段时间，你们担心我时，我「计划被雨天打乱」的情况下更希望？","先相信我能处理好","问一句近况就好","给我建议但别替我决定","等我求助时再介入","trust|checkin|advice|space","normal"
"L2-L2-06-081-1c9adcc4","L2","L2-06","担心","如果只能选一个更贴近的：你们担心我时，我「计划被雨天打乱」的情况下更希望？","先相信我能处理好","问一句近况就好","给我建议但别替我决定","等我求助时再介入","trust|checkin|advice|space","normal"
"L2-L2-06-084-34c6f08b","L2","L2-06","担心","你们担心我时，我「突然收到好消息」的情况下更希望？","先相信我能处理好","问一句近况就好","给我建议但别替我决定","等我求助时再介入","trust|checkin|advice|space","normal"
"L2-L2-06-087-bd724f36","L2","L2-06","担心","在我们家沟通里，你们担心我时，我「突然收到好消息」的情况下更希望？","先相信我能处理好","问一句近况就好","给我建议但别替我决定","等我求助时再介入","trust|checkin|advice|space","normal"
"L2-L2-06-086-5b184f55","L2","L2-06","担心","最近这段时间，你们担心我时，我「突然收到好消息」的情况下更希望？","先相信我能处理好","问一句近况就好","给我建议但别替我决定","等我求助时再介入","trust|checkin|advice|space","normal"
"L2-L2-06-085-9464f352","L2","L2-06","担心","如果只能选一个更贴近的：你们担心我时，我「突然收到好消息」的情况下更希望？","先相信我能处理好","问一句近况就好","给我建议但别替我决定","等我求助时再介入","trust|checkin|advice|space","normal"
"L2-L2-06-080-fe62f688","L2","L2-06","担心","你们担心我时，我「计划被雨天打乱」的情况下更希望？","先相信我能处理好","问一句近况就好","给我建议但别替我决定","等我求助时再介入","trust|checkin|advice|space","normal"
"L2-L2-06-075-556293b9","L2","L2-06","担心","在我们家沟通里，你们担心我时，我「睡前刷手机」的情况下更希望？","先相信我能处理好","问一句近况就好","给我建议但别替我决定","等我求助时再介入","trust|checkin|advice|space","normal"
"L2-L2-06-074-3059a80d","L2","L2-06","担心","最近这段时间，你们担心我时，我「睡前刷手机」的情况下更希望？","先相信我能处理好","问一句近况就好","给我建议但别替我决定","等我求助时再介入","trust|checkin|advice|space","normal"
"L2-L2-06-073-c7024650","L2","L2-06","担心","如果只能选一个更贴近的：你们担心我时，我「睡前刷手机」的情况下更希望？","先相信我能处理好","问一句近况就好","给我建议但别替我决定","等我求助时再介入","trust|checkin|advice|space","normal"
"L2-L2-06-076-0fedbd63","L2","L2-06","担心","你们担心我时，我「周末想宅在家」的情况下更希望？","先相信我能处理好","问一句近况就好","给我建议但别替我决定","等我求助时再介入","trust|checkin|advice|space","normal"
"L2-L2-06-079-052aa8b5","L2","L2-06","担心","在我们家沟通里，你们担心我时，我「周末想宅在家」的情况下更希望？","先相信我能处理好","问一句近况就好","给我建议但别替我决定","等我求助时再介入","trust|checkin|advice|space","normal"
"L2-L2-06-078-914089ad","L2","L2-06","担心","最近这段时间，你们担心我时，我「周末想宅在家」的情况下更希望？","先相信我能处理好","问一句近况就好","给我建议但别替我决定","等我求助时再介入","trust|checkin|advice|space","normal"
"L2-L2-06-077-a5d94a00","L2","L2-06","担心","如果只能选一个更贴近的：你们担心我时，我「周末想宅在家」的情况下更希望？","先相信我能处理好","问一句近况就好","给我建议但别替我决定","等我求助时再介入","trust|checkin|advice|space","normal"
"L2-L2-06-038-f528a840","L2","L2-06","担心","最近这段时间，你们担心我时，我「刷到让自己emo的内容」的情况下更希望？","先相信我能处理好","问一句近况就好","给我建议但别替我决定","等我求助时再介入","trust|checkin|advice|space","normal"
"L2-L2-06-037-d36a371b","L2","L2-06","担心","如果只能选一个更贴近的：你们担心我时，我「刷到让自己emo的内容」的情况下更希望？","先相信我能处理好","问一句近况就好","给我建议但别替我决定","等我求助时再介入","trust|checkin|advice|space","normal"
"L2-L2-06-036-f2f2c3dc","L2","L2-06","担心","你们担心我时，我「刷到让自己emo的内容」的情况下更希望？","先相信我能处理好","问一句近况就好","给我建议但别替我决定","等我求助时再介入","trust|checkin|advice|space","normal"
"L2-L2-06-039-be65acbd","L2","L2-06","担心","在我们家沟通里，你们担心我时，我「刷到让自己emo的内容」的情况下更希望？","先相信我能处理好","问一句近况就好","给我建议但别替我决定","等我求助时再介入","trust|checkin|advice|space","normal"
"L2-L2-06-042-8e8f4a7c","L2","L2-06","担心","最近这段时间，你们担心我时，我「下雨不想出门」的情况下更希望？","先相信我能处理好","问一句近况就好","给我建议但别替我决定","等我求助时再介入","trust|checkin|advice|space","normal"
"L2-L2-06-041-07949917","L2","L2-06","担心","如果只能选一个更贴近的：你们担心我时，我「下雨不想出门」的情况下更希望？","先相信我能处理好","问一句近况就好","给我建议但别替我决定","等我求助时再介入","trust|checkin|advice|space","normal"
"L2-L2-06-040-b192e749","L2","L2-06","担心","你们担心我时，我「下雨不想出门」的情况下更希望？","先相信我能处理好","问一句近况就好","给我建议但别替我决定","等我求助时再介入","trust|checkin|advice|space","normal"
"L2-L2-06-035-f8edf54a","L2","L2-06","担心","在我们家沟通里，你们担心我时，我「约会或社交后回来」的情况下更希望？","先相信我能处理好","问一句近况就好","给我建议但别替我决定","等我求助时再介入","trust|checkin|advice|space","normal"
"L2-L2-06-030-3a7e7b21","L2","L2-06","担心","最近这段时间，你们担心我时，我「生病不太舒服」的情况下更希望？","先相信我能处理好","问一句近况就好","给我建议但别替我决定","等我求助时再介入","trust|checkin|advice|space","normal"
"L2-L2-06-029-8096714c","L2","L2-06","担心","如果只能选一个更贴近的：你们担心我时，我「生病不太舒服」的情况下更希望？","先相信我能处理好","问一句近况就好","给我建议但别替我决定","等我求助时再介入","trust|checkin|advice|space","normal"
"L2-L2-06-028-aa4d5846","L2","L2-06","担心","你们担心我时，我「生病不太舒服」的情况下更希望？","先相信我能处理好","问一句近况就好","给我建议但别替我决定","等我求助时再介入","trust|checkin|advice|space","normal"
"L2-L2-06-031-9a13207a","L2","L2-06","担心","在我们家沟通里，你们担心我时，我「生病不太舒服」的情况下更希望？","先相信我能处理好","问一句近况就好","给我建议但别替我决定","等我求助时再介入","trust|checkin|advice|space","normal"
"L2-L2-06-034-be026b91","L2","L2-06","担心","最近这段时间，你们担心我时，我「约会或社交后回来」的情况下更希望？","先相信我能处理好","问一句近况就好","给我建议但别替我决定","等我求助时再介入","trust|checkin|advice|space","normal"
"L2-L2-06-033-8e37423d","L2","L2-06","担心","如果只能选一个更贴近的：你们担心我时，我「约会或社交后回来」的情况下更希望？","先相信我能处理好","问一句近况就好","给我建议但别替我决定","等我求助时再介入","trust|checkin|advice|space","normal"
"L2-L2-06-032-e0f9c929","L2","L2-06","担心","你们担心我时，我「约会或社交后回来」的情况下更希望？","先相信我能处理好","问一句近况就好","给我建议但别替我决定","等我求助时再介入","trust|checkin|advice|space","normal"
"L2-L2-06-053-e04e518e","L2","L2-06","担心","如果只能选一个更贴近的：你们担心我时，我「突然收到坏消息」的情况下更希望？","先相信我能处理好","问一句近况就好","给我建议但别替我决定","等我求助时再介入","trust|checkin|advice|space","normal"
"L2-L2-06-052-860c70a9","L2","L2-06","担心","你们担心我时，我「突然收到坏消息」的情况下更希望？","先相信我能处理好","问一句近况就好","给我建议但别替我决定","等我求助时再介入","trust|checkin|advice|space","normal"
"L2-L2-06-051-749c19af","L2","L2-06","担心","在我们家沟通里，你们担心我时，我「突然很想家」的情况下更希望？","先相信我能处理好","问一句近况就好","给我建议但别替我决定","等我求助时再介入","trust|checkin|advice|space","normal"
"L2-L2-06-054-42b61187","L2","L2-06","担心","最近这段时间，你们担心我时，我「突然收到坏消息」的情况下更希望？","先相信我能处理好","问一句近况就好","给我建议但别替我决定","等我求助时再介入","trust|checkin|advice|space","normal"
"L2-L2-06-057-7ae54e45","L2","L2-06","担心","如果只能选一个更贴近的：你们担心我时，我「独处一整天后」的情况下更希望？","先相信我能处理好","问一句近况就好","给我建议但别替我决定","等我求助时再介入","trust|checkin|advice|space","normal"
"L2-L2-06-056-6f89150c","L2","L2-06","担心","你们担心我时，我「独处一整天后」的情况下更希望？","先相信我能处理好","问一句近况就好","给我建议但别替我决定","等我求助时再介入","trust|checkin|advice|space","normal"
"L2-L2-06-055-1f307c1e","L2","L2-06","担心","在我们家沟通里，你们担心我时，我「突然收到坏消息」的情况下更希望？","先相信我能处理好","问一句近况就好","给我建议但别替我决定","等我求助时再介入","trust|checkin|advice|space","normal"
"L2-L2-06-050-887f04a3","L2","L2-06","担心","最近这段时间，你们担心我时，我「突然很想家」的情况下更希望？","先相信我能处理好","问一句近况就好","给我建议但别替我决定","等我求助时再介入","trust|checkin|advice|space","normal"
"L2-L2-06-045-3c8e42ee","L2","L2-06","担心","如果只能选一个更贴近的：你们担心我时，我「旅行在路上」的情况下更希望？","先相信我能处理好","问一句近况就好","给我建议但别替我决定","等我求助时再介入","trust|checkin|advice|space","normal"
"L2-L2-06-044-16bf96a3","L2","L2-06","担心","你们担心我时，我「旅行在路上」的情况下更希望？","先相信我能处理好","问一句近况就好","给我建议但别替我决定","等我求助时再介入","trust|checkin|advice|space","normal"
"L2-L2-06-043-e303376d","L2","L2-06","担心","在我们家沟通里，你们担心我时，我「下雨不想出门」的情况下更希望？","先相信我能处理好","问一句近况就好","给我建议但别替我决定","等我求助时再介入","trust|checkin|advice|space","normal"
"L2-L2-06-046-b9e7e020","L2","L2-06","担心","最近这段时间，你们担心我时，我「旅行在路上」的情况下更希望？","先相信我能处理好","问一句近况就好","给我建议但别替我决定","等我求助时再介入","trust|checkin|advice|space","normal"
"L2-L2-06-049-8648d4cb","L2","L2-06","担心","如果只能选一个更贴近的：你们担心我时，我「突然很想家」的情况下更希望？","先相信我能处理好","问一句近况就好","给我建议但别替我决定","等我求助时再介入","trust|checkin|advice|space","normal"
"L2-L2-06-048-5001080c","L2","L2-06","担心","你们担心我时，我「突然很想家」的情况下更希望？","先相信我能处理好","问一句近况就好","给我建议但别替我决定","等我求助时再介入","trust|checkin|advice|space","normal"
"L2-L2-06-047-789b13e6","L2","L2-06","担心","在我们家沟通里，你们担心我时，我「旅行在路上」的情况下更希望？","先相信我能处理好","问一句近况就好","给我建议但别替我决定","等我求助时再介入","trust|checkin|advice|space","normal"
"L2-L2-06-128-425f464d","L2","L2-06","担心","你们担心我时，我「排队或通勤很烦」的情况下更希望？","先相信我能处理好","问一句近况就好","给我建议但别替我决定","等我求助时再介入","trust|checkin|advice|space","normal"
"L2-L2-06-127-903e8492","L2","L2-06","担心","在我们家沟通里，你们担心我时，我「运动完很疲惫」的情况下更希望？","先相信我能处理好","问一句近况就好","给我建议但别替我决定","等我求助时再介入","trust|checkin|advice|space","normal"
"L2-L2-06-126-ff54a22c","L2","L2-06","担心","最近这段时间，你们担心我时，我「运动完很疲惫」的情况下更希望？","先相信我能处理好","问一句近况就好","给我建议但别替我决定","等我求助时再介入","trust|checkin|advice|space","normal"
"L2-L2-06-129-460940b7","L2","L2-06","担心","如果只能选一个更贴近的：你们担心我时，我「排队或通勤很烦」的情况下更希望？","先相信我能处理好","问一句近况就好","给我建议但别替我决定","等我求助时再介入","trust|checkin|advice|space","normal"
"L2-L2-06-132-5be8e594","L2","L2-06","担心","你们担心我时，我「被批评后心情低落」的情况下更希望？","先相信我能处理好","问一句近况就好","给我建议但别替我决定","等我求助时再介入","trust|checkin|advice|space","normal"
"L2-L2-06-131-05dad72f","L2","L2-06","担心","在我们家沟通里，你们担心我时，我「排队或通勤很烦」的情况下更希望？","先相信我能处理好","问一句近况就好","给我建议但别替我决定","等我求助时再介入","trust|checkin|advice|space","normal"
"L2-L2-06-130-1d35f6bd","L2","L2-06","担心","最近这段时间，你们担心我时，我「排队或通勤很烦」的情况下更希望？","先相信我能处理好","问一句近况就好","给我建议但别替我决定","等我求助时再介入","trust|checkin|advice|space","normal"
"L2-L2-06-125-b3d042fe","L2","L2-06","担心","如果只能选一个更贴近的：你们担心我时，我「运动完很疲惫」的情况下更希望？","先相信我能处理好","问一句近况就好","给我建议但别替我决定","等我求助时再介入","trust|checkin|advice|space","normal"
"L2-L2-06-120-be73a001","L2","L2-06","担心","你们担心我时，我「和同事发生小摩擦后」的情况下更希望？","先相信我能处理好","问一句近况就好","给我建议但别替我决定","等我求助时再介入","trust|checkin|advice|space","normal"
"L2-L2-06-119-0de742b4","L2","L2-06","担心","在我们家沟通里，你们担心我时，我「看牙医或体检前后」的情况下更希望？","先相信我能处理好","问一句近况就好","给我建议但别替我决定","等我求助时再介入","trust|checkin|advice|space","normal"
"L2-L2-06-118-c49b912b","L2","L2-06","担心","最近这段时间，你们担心我时，我「看牙医或体检前后」的情况下更希望？","先相信我能处理好","问一句近况就好","给我建议但别替我决定","等我求助时再介入","trust|checkin|advice|space","normal"
"L2-L2-06-121-d5cb6bbb","L2","L2-06","担心","如果只能选一个更贴近的：你们担心我时，我「和同事发生小摩擦后」的情况下更希望？","先相信我能处理好","问一句近况就好","给我建议但别替我决定","等我求助时再介入","trust|checkin|advice|space","normal"
"L2-L2-06-124-f810819f","L2","L2-06","担心","你们担心我时，我「运动完很疲惫」的情况下更希望？","先相信我能处理好","问一句近况就好","给我建议但别替我决定","等我求助时再介入","trust|checkin|advice|space","normal"
"L2-L2-06-123-99c8888b","L2","L2-06","担心","在我们家沟通里，你们担心我时，我「和同事发生小摩擦后」的情况下更希望？","先相信我能处理好","问一句近况就好","给我建议但别替我决定","等我求助时再介入","trust|checkin|advice|space","normal"
"L2-L2-06-122-074a56e8","L2","L2-06","担心","最近这段时间，你们担心我时，我「和同事发生小摩擦后」的情况下更希望？","先相信我能处理好","问一句近况就好","给我建议但别替我决定","等我求助时再介入","trust|checkin|advice|space","normal"
"L2-L2-06-143-d9234a47","L2","L2-06","担心","在我们家沟通里，你们担心我时，我「搬家或换环境」的情况下更希望？","先相信我能处理好","问一句近况就好","给我建议但别替我决定","等我求助时再介入","trust|checkin|advice|space","normal"
"L2-L2-06-142-beae12a5","L2","L2-06","担心","最近这段时间，你们担心我时，我「搬家或换环境」的情况下更希望？","先相信我能处理好","问一句近况就好","给我建议但别替我决定","等我求助时再介入","trust|checkin|advice|space","normal"
"L2-L2-06-141-01409618","L2","L2-06","担心","如果只能选一个更贴近的：你们担心我时，我「搬家或换环境」的情况下更希望？","先相信我能处理好","问一句近况就好","给我建议但别替我决定","等我求助时再介入","trust|checkin|advice|space","normal"
"L2-L2-06-144-6c88fd71","L2","L2-06","担心","你们担心我时，我「被临时安排加班」的情况下更希望？","先相信我能处理好","问一句近况就好","给我建议但别替我决定","等我求助时再介入","trust|checkin|advice|space","normal"
"L2-L2-06-147-1d1d11bb","L2","L2-06","担心","在我们家沟通里，你们担心我时，我「被临时安排加班」的情况下更希望？","先相信我能处理好","问一句近况就好","给我建议但别替我决定","等我求助时再介入","trust|checkin|advice|space","normal"
"L2-L2-06-146-ebcf3754","L2","L2-06","担心","最近这段时间，你们担心我时，我「被临时安排加班」的情况下更希望？","先相信我能处理好","问一句近况就好","给我建议但别替我决定","等我求助时再介入","trust|checkin|advice|space","normal"
"L2-L2-06-145-f852c8fc","L2","L2-06","担心","如果只能选一个更贴近的：你们担心我时，我「被临时安排加班」的情况下更希望？","先相信我能处理好","问一句近况就好","给我建议但别替我决定","等我求助时再介入","trust|checkin|advice|space","normal"
"L2-L2-06-140-46bed2ea","L2","L2-06","担心","你们担心我时，我「搬家或换环境」的情况下更希望？","先相信我能处理好","问一句近况就好","给我建议但别替我决定","等我求助时再介入","trust|checkin|advice|space","normal"
"L2-L2-06-135-31d73a2b","L2","L2-06","担心","在我们家沟通里，你们担心我时，我「被批评后心情低落」的情况下更希望？","先相信我能处理好","问一句近况就好","给我建议但别替我决定","等我求助时再介入","trust|checkin|advice|space","normal"
"L2-L2-06-134-b88149da","L2","L2-06","担心","最近这段时间，你们担心我时，我「被批评后心情低落」的情况下更希望？","先相信我能处理好","问一句近况就好","给我建议但别替我决定","等我求助时再介入","trust|checkin|advice|space","normal"
"L2-L2-06-133-ac12dee4","L2","L2-06","担心","如果只能选一个更贴近的：你们担心我时，我「被批评后心情低落」的情况下更希望？","先相信我能处理好","问一句近况就好","给我建议但别替我决定","等我求助时再介入","trust|checkin|advice|space","normal"
"L2-L2-06-136-74a9c764","L2","L2-06","担心","你们担心我时，我「网购到货很开心」的情况下更希望？","先相信我能处理好","问一句近况就好","给我建议但别替我决定","等我求助时再介入","trust|checkin|advice|space","normal"
"L2-L2-06-139-2b7b826b","L2","L2-06","担心","在我们家沟通里，你们担心我时，我「网购到货很开心」的情况下更希望？","先相信我能处理好","问一句近况就好","给我建议但别替我决定","等我求助时再介入","trust|checkin|advice|space","normal"
"L2-L2-06-138-fbc33878","L2","L2-06","担心","最近这段时间，你们担心我时，我「网购到货很开心」的情况下更希望？","先相信我能处理好","问一句近况就好","给我建议但别替我决定","等我求助时再介入","trust|checkin|advice|space","normal"
"L2-L2-06-137-fffe5fda","L2","L2-06","担心","如果只能选一个更贴近的：你们担心我时，我「网购到货很开心」的情况下更希望？","先相信我能处理好","问一句近况就好","给我建议但别替我决定","等我求助时再介入","trust|checkin|advice|space","normal"
"L2-L2-06-098-3852ed4d","L2","L2-06","担心","最近这段时间，你们担心我时，我「连续开会头脑发胀」的情况下更希望？","先相信我能处理好","问一句近况就好","给我建议但别替我决定","等我求助时再介入","trust|checkin|advice|space","normal"
"L2-L2-06-097-dfe7a3b4","L2","L2-06","担心","如果只能选一个更贴近的：你们担心我时，我「连续开会头脑发胀」的情况下更希望？","先相信我能处理好","问一句近况就好","给我建议但别替我决定","等我求助时再介入","trust|checkin|advice|space","normal"
"L2-L2-06-096-828ab152","L2","L2-06","担心","你们担心我时，我「连续开会头脑发胀」的情况下更希望？","先相信我能处理好","问一句近况就好","给我建议但别替我决定","等我求助时再介入","trust|checkin|advice|space","normal"
"L2-L2-06-099-5ed99bc4","L2","L2-06","担心","在我们家沟通里，你们担心我时，我「连续开会头脑发胀」的情况下更希望？","先相信我能处理好","问一句近况就好","给我建议但别替我决定","等我求助时再介入","trust|checkin|advice|space","normal"
"L2-L2-06-102-2f1f640f","L2","L2-06","担心","最近这段时间，你们担心我时，我「项目上线前夕」的情况下更希望？","先相信我能处理好","问一句近况就好","给我建议但别替我决定","等我求助时再介入","trust|checkin|advice|space","normal"
"L2-L2-06-101-f5105d5c","L2","L2-06","担心","如果只能选一个更贴近的：你们担心我时，我「项目上线前夕」的情况下更希望？","先相信我能处理好","问一句近况就好","给我建议但别替我决定","等我求助时再介入","trust|checkin|advice|space","normal"
"L2-L2-06-100-e82c0b38","L2","L2-06","担心","你们担心我时，我「项目上线前夕」的情况下更希望？","先相信我能处理好","问一句近况就好","给我建议但别替我决定","等我求助时再介入","trust|checkin|advice|space","normal"
"L2-L2-06-095-277cae59","L2","L2-06","担心","在我们家沟通里，你们担心我时，我「发工资后几天」的情况下更希望？","先相信我能处理好","问一句近况就好","给我建议但别替我决定","等我求助时再介入","trust|checkin|advice|space","normal"
"L2-L2-06-090-72d07da7","L2","L2-06","担心","最近这段时间，你们担心我时，我「刚吵完架还在余怒」的情况下更希望？","先相信我能处理好","问一句近况就好","给我建议但别替我决定","等我求助时再介入","trust|checkin|advice|space","normal"
"L2-L2-06-089-fab3d512","L2","L2-06","担心","如果只能选一个更贴近的：你们担心我时，我「刚吵完架还在余怒」的情况下更希望？","先相信我能处理好","问一句近况就好","给我建议但别替我决定","等我求助时再介入","trust|checkin|advice|space","normal"
"L2-L2-06-088-77450e9d","L2","L2-06","担心","你们担心我时，我「刚吵完架还在余怒」的情况下更希望？","先相信我能处理好","问一句近况就好","给我建议但别替我决定","等我求助时再介入","trust|checkin|advice|space","normal"
"L2-L2-06-091-89568467","L2","L2-06","担心","在我们家沟通里，你们担心我时，我「刚吵完架还在余怒」的情况下更希望？","先相信我能处理好","问一句近况就好","给我建议但别替我决定","等我求助时再介入","trust|checkin|advice|space","normal"
"L2-L2-06-094-a5c9b475","L2","L2-06","担心","最近这段时间，你们担心我时，我「发工资后几天」的情况下更希望？","先相信我能处理好","问一句近况就好","给我建议但别替我决定","等我求助时再介入","trust|checkin|advice|space","normal"
"L2-L2-06-093-810bcf59","L2","L2-06","担心","如果只能选一个更贴近的：你们担心我时，我「发工资后几天」的情况下更希望？","先相信我能处理好","问一句近况就好","给我建议但别替我决定","等我求助时再介入","trust|checkin|advice|space","normal"
"L2-L2-06-092-1498de56","L2","L2-06","担心","你们担心我时，我「发工资后几天」的情况下更希望？","先相信我能处理好","问一句近况就好","给我建议但别替我决定","等我求助时再介入","trust|checkin|advice|space","normal"
"L2-L2-06-113-a079e9a9","L2","L2-06","担心","如果只能选一个更贴近的：你们担心我时，我「连续上班很累」的情况下更希望？","先相信我能处理好","问一句近况就好","给我建议但别替我决定","等我求助时再介入","trust|checkin|advice|space","normal"
"L2-L2-06-112-773a2662","L2","L2-06","担心","你们担心我时，我「连续上班很累」的情况下更希望？","先相信我能处理好","问一句近况就好","给我建议但别替我决定","等我求助时再介入","trust|checkin|advice|space","normal"
"L2-L2-06-111-7fc4cc31","L2","L2-06","担心","在我们家沟通里，你们担心我时，我「加班很晚回家」的情况下更希望？","先相信我能处理好","问一句近况就好","给我建议但别替我决定","等我求助时再介入","trust|checkin|advice|space","normal"
"L2-L2-06-114-8325f465","L2","L2-06","担心","最近这段时间，你们担心我时，我「连续上班很累」的情况下更希望？","先相信我能处理好","问一句近况就好","给我建议但别替我决定","等我求助时再介入","trust|checkin|advice|space","normal"
"L2-L2-06-117-5099206e","L2","L2-06","担心","如果只能选一个更贴近的：你们担心我时，我「看牙医或体检前后」的情况下更希望？","先相信我能处理好","问一句近况就好","给我建议但别替我决定","等我求助时再介入","trust|checkin|advice|space","normal"
"L2-L2-06-116-1c323fac","L2","L2-06","担心","你们担心我时，我「看牙医或体检前后」的情况下更希望？","先相信我能处理好","问一句近况就好","给我建议但别替我决定","等我求助时再介入","trust|checkin|advice|space","normal"
"L2-L2-06-115-57c18235","L2","L2-06","担心","在我们家沟通里，你们担心我时，我「连续上班很累」的情况下更希望？","先相信我能处理好","问一句近况就好","给我建议但别替我决定","等我求助时再介入","trust|checkin|advice|space","normal"
"L2-L2-06-110-837eed3d","L2","L2-06","担心","最近这段时间，你们担心我时，我「加班很晚回家」的情况下更希望？","先相信我能处理好","问一句近况就好","给我建议但别替我决定","等我求助时再介入","trust|checkin|advice|space","normal"
"L2-L2-06-105-1ab62699","L2","L2-06","担心","如果只能选一个更贴近的：你们担心我时，我「刚结束一段忙碌」的情况下更希望？","先相信我能处理好","问一句近况就好","给我建议但别替我决定","等我求助时再介入","trust|checkin|advice|space","normal"
"L2-L2-06-104-e134a31f","L2","L2-06","担心","你们担心我时，我「刚结束一段忙碌」的情况下更希望？","先相信我能处理好","问一句近况就好","给我建议但别替我决定","等我求助时再介入","trust|checkin|advice|space","normal"
"L2-L2-06-103-06397008","L2","L2-06","担心","在我们家沟通里，你们担心我时，我「项目上线前夕」的情况下更希望？","先相信我能处理好","问一句近况就好","给我建议但别替我决定","等我求助时再介入","trust|checkin|advice|space","normal"
"L2-L2-06-106-b3c81309","L2","L2-06","担心","最近这段时间，你们担心我时，我「刚结束一段忙碌」的情况下更希望？","先相信我能处理好","问一句近况就好","给我建议但别替我决定","等我求助时再介入","trust|checkin|advice|space","normal"
"L2-L2-06-109-2242b8c4","L2","L2-06","担心","如果只能选一个更贴近的：你们担心我时，我「加班很晚回家」的情况下更希望？","先相信我能处理好","问一句近况就好","给我建议但别替我决定","等我求助时再介入","trust|checkin|advice|space","normal"
"L2-L2-06-108-5230546c","L2","L2-06","担心","你们担心我时，我「加班很晚回家」的情况下更希望？","先相信我能处理好","问一句近况就好","给我建议但别替我决定","等我求助时再介入","trust|checkin|advice|space","normal"
"L2-L2-06-107-b6393a70","L2","L2-06","担心","在我们家沟通里，你们担心我时，我「刚结束一段忙碌」的情况下更希望？","先相信我能处理好","问一句近况就好","给我建议但别替我决定","等我求助时再介入","trust|checkin|advice|space","normal"
"L2-L2-05-004-7639973b","L2","L2-05","陪伴","「做错事后」，什么样的陪伴最对味？","人在就好，不必多话","认真听我说完","一起做点轻松的事","给我空间，稍后联系","presence|listen|activity|space","normal"
"L2-L2-05-003-ecf19c5f","L2","L2-05","陪伴","在我们家沟通里，「突然焦虑的时候」，什么样的陪伴最对味？","人在就好，不必多话","认真听我说完","一起做点轻松的事","给我空间，稍后联系","presence|listen|activity|space","normal"
"L2-L2-05-002-d4674c92","L2","L2-05","陪伴","最近这段时间，「突然焦虑的时候」，什么样的陪伴最对味？","人在就好，不必多话","认真听我说完","一起做点轻松的事","给我空间，稍后联系","presence|listen|activity|space","normal"
"L2-L2-05-005-0ce0deba","L2","L2-05","陪伴","如果只能选一个更贴近的：「做错事后」，什么样的陪伴最对味？","人在就好，不必多话","认真听我说完","一起做点轻松的事","给我空间，稍后联系","presence|listen|activity|space","normal"
"L2-L2-05-008-2e0204ce","L2","L2-05","陪伴","「只想安静的时候」，什么样的陪伴最对味？","人在就好，不必多话","认真听我说完","一起做点轻松的事","给我空间，稍后联系","presence|listen|activity|space","normal"
"L2-L2-05-007-2eb6c706","L2","L2-05","陪伴","在我们家沟通里，「做错事后」，什么样的陪伴最对味？","人在就好，不必多话","认真听我说完","一起做点轻松的事","给我空间，稍后联系","presence|listen|activity|space","normal"
"L2-L2-05-006-f520aed8","L2","L2-05","陪伴","最近这段时间，「做错事后」，什么样的陪伴最对味？","人在就好，不必多话","认真听我说完","一起做点轻松的事","给我空间，稍后联系","presence|listen|activity|space","normal"
"L2-L2-05-001-79c472f5","L2","L2-05","陪伴","如果只能选一个更贴近的：「突然焦虑的时候」，什么样的陪伴最对味？","人在就好，不必多话","认真听我说完","一起做点轻松的事","给我空间，稍后联系","presence|listen|activity|space","normal"
"L2-L2-04-056-7890dcfa","L2","L2-04","冲突","「回不回家起争议」时，我更希望当下怎么处理？","先停一下，改天再谈","换成文字慢慢说","各退一步找折中","承认分歧，先不解决","pause|text|compromise|accept","sensitive"
"L2-L2-04-055-5e88322e","L2","L2-04","冲突","在我们家沟通里，「被拿来和别人比较」时，我更希望当下怎么处理？","先停一下，改天再谈","换成文字慢慢说","各退一步找折中","承认分歧，先不解决","pause|text|compromise|accept","sensitive"
"L2-L2-04-054-d420c9f1","L2","L2-04","冲突","最近这段时间，「被拿来和别人比较」时，我更希望当下怎么处理？","先停一下，改天再谈","换成文字慢慢说","各退一步找折中","承认分歧，先不解决","pause|text|compromise|accept","sensitive"
"L2-L2-04-057-5d4a4b12","L2","L2-04","冲突","如果只能选一个更贴近的：「回不回家起争议」时，我更希望当下怎么处理？","先停一下，改天再谈","换成文字慢慢说","各退一步找折中","承认分歧，先不解决","pause|text|compromise|accept","sensitive"
"L2-L2-05-000-4cf4f29a","L2","L2-05","陪伴","「突然焦虑的时候」，什么样的陪伴最对味？","人在就好，不必多话","认真听我说完","一起做点轻松的事","给我空间，稍后联系","presence|listen|activity|space","normal"
"L2-L2-04-059-36e24c01","L2","L2-04","冲突","在我们家沟通里，「回不回家起争议」时，我更希望当下怎么处理？","先停一下，改天再谈","换成文字慢慢说","各退一步找折中","承认分歧，先不解决","pause|text|compromise|accept","sensitive"
"L2-L2-04-058-7f7886a2","L2","L2-04","冲突","最近这段时间，「回不回家起争议」时，我更希望当下怎么处理？","先停一下，改天再谈","换成文字慢慢说","各退一步找折中","承认分歧，先不解决","pause|text|compromise|accept","sensitive"
"L2-L2-05-019-a580d29d","L2","L2-05","陪伴","在我们家沟通里，「开心的时候」，什么样的陪伴最对味？","人在就好，不必多话","认真听我说完","一起做点轻松的事","给我空间，稍后联系","presence|listen|activity|space","normal"
"L2-L2-05-018-3c617801","L2","L2-05","陪伴","最近这段时间，「开心的时候」，什么样的陪伴最对味？","人在就好，不必多话","认真听我说完","一起做点轻松的事","给我空间，稍后联系","presence|listen|activity|space","normal"
"L2-L2-05-017-ad1b231d","L2","L2-05","陪伴","如果只能选一个更贴近的：「开心的时候」，什么样的陪伴最对味？","人在就好，不必多话","认真听我说完","一起做点轻松的事","给我空间，稍后联系","presence|listen|activity|space","normal"
"L2-L2-05-020-e1f6cdf5","L2","L2-05","陪伴","「犹豫不决的时候」，什么样的陪伴最对味？","人在就好，不必多话","认真听我说完","一起做点轻松的事","给我空间，稍后联系","presence|listen|activity|space","normal"
"L2-L2-05-023-3ff77b7e","L2","L2-05","陪伴","在我们家沟通里，「犹豫不决的时候」，什么样的陪伴最对味？","人在就好，不必多话","认真听我说完","一起做点轻松的事","给我空间，稍后联系","presence|listen|activity|space","normal"
"L2-L2-05-022-5d91549c","L2","L2-05","陪伴","最近这段时间，「犹豫不决的时候」，什么样的陪伴最对味？","人在就好，不必多话","认真听我说完","一起做点轻松的事","给我空间，稍后联系","presence|listen|activity|space","normal"
"L2-L2-05-021-8050113f","L2","L2-05","陪伴","如果只能选一个更贴近的：「犹豫不决的时候」，什么样的陪伴最对味？","人在就好，不必多话","认真听我说完","一起做点轻松的事","给我空间，稍后联系","presence|listen|activity|space","normal"
"L2-L2-05-016-2383f34f","L2","L2-05","陪伴","「开心的时候」，什么样的陪伴最对味？","人在就好，不必多话","认真听我说完","一起做点轻松的事","给我空间，稍后联系","presence|listen|activity|space","normal"
"L2-L2-05-011-f70fa8f2","L2","L2-05","陪伴","在我们家沟通里，「只想安静的时候」，什么样的陪伴最对味？","人在就好，不必多话","认真听我说完","一起做点轻松的事","给我空间，稍后联系","presence|listen|activity|space","normal"
"L2-L2-05-010-0bfc34b3","L2","L2-05","陪伴","最近这段时间，「只想安静的时候」，什么样的陪伴最对味？","人在就好，不必多话","认真听我说完","一起做点轻松的事","给我空间，稍后联系","presence|listen|activity|space","normal"
"L2-L2-05-009-c57b8fe6","L2","L2-05","陪伴","如果只能选一个更贴近的：「只想安静的时候」，什么样的陪伴最对味？","人在就好，不必多话","认真听我说完","一起做点轻松的事","给我空间，稍后联系","presence|listen|activity|space","normal"
"L2-L2-05-012-ebcf0e86","L2","L2-05","陪伴","「想被抱抱却说不出口时」，什么样的陪伴最对味？","人在就好，不必多话","认真听我说完","一起做点轻松的事","给我空间，稍后联系","presence|listen|activity|space","normal"
"L2-L2-05-015-33dd3d51","L2","L2-05","陪伴","在我们家沟通里，「想被抱抱却说不出口时」，什么样的陪伴最对味？","人在就好，不必多话","认真听我说完","一起做点轻松的事","给我空间，稍后联系","presence|listen|activity|space","normal"
"L2-L2-05-014-91fe7cca","L2","L2-05","陪伴","最近这段时间，「想被抱抱却说不出口时」，什么样的陪伴最对味？","人在就好，不必多话","认真听我说完","一起做点轻松的事","给我空间，稍后联系","presence|listen|activity|space","normal"
"L2-L2-05-013-c30d9143","L2","L2-05","陪伴","如果只能选一个更贴近的：「想被抱抱却说不出口时」，什么样的陪伴最对味？","人在就好，不必多话","认真听我说完","一起做点轻松的事","给我空间，稍后联系","presence|listen|activity|space","normal"
"L2-L2-04-034-61ec1efa","L2","L2-04","冲突","最近这段时间，「对象或交友被干涉」时，我更希望当下怎么处理？","先停一下，改天再谈","换成文字慢慢说","各退一步找折中","承认分歧，先不解决","pause|text|compromise|accept","sensitive"
"L2-L2-04-033-5af9789e","L2","L2-04","冲突","如果只能选一个更贴近的：「对象或交友被干涉」时，我更希望当下怎么处理？","先停一下，改天再谈","换成文字慢慢说","各退一步找折中","承认分歧，先不解决","pause|text|compromise|accept","sensitive"
"L2-L2-04-032-fc135482","L2","L2-04","冲突","「对象或交友被干涉」时，我更希望当下怎么处理？","先停一下，改天再谈","换成文字慢慢说","各退一步找折中","承认分歧，先不解决","pause|text|compromise|accept","sensitive"
"L2-L2-04-035-125c2357","L2","L2-04","冲突","在我们家沟通里，「对象或交友被干涉」时，我更希望当下怎么处理？","先停一下，改天再谈","换成文字慢慢说","各退一步找折中","承认分歧，先不解决","pause|text|compromise|accept","sensitive"
"L2-L2-04-038-3c9f74b3","L2","L2-04","冲突","最近这段时间，「钱的问题谈不拢」时，我更希望当下怎么处理？","先停一下，改天再谈","换成文字慢慢说","各退一步找折中","承认分歧，先不解决","pause|text|compromise|accept","sensitive"
"L2-L2-04-037-036450b7","L2","L2-04","冲突","如果只能选一个更贴近的：「钱的问题谈不拢」时，我更希望当下怎么处理？","先停一下，改天再谈","换成文字慢慢说","各退一步找折中","承认分歧，先不解决","pause|text|compromise|accept","sensitive"
"L2-L2-04-036-69875e57","L2","L2-04","冲突","「钱的问题谈不拢」时，我更希望当下怎么处理？","先停一下，改天再谈","换成文字慢慢说","各退一步找折中","承认分歧，先不解决","pause|text|compromise|accept","sensitive"
"L2-L2-04-031-d96d5d16","L2","L2-04","冲突","在我们家沟通里，「被翻旧账」时，我更希望当下怎么处理？","先停一下，改天再谈","换成文字慢慢说","各退一步找折中","承认分歧，先不解决","pause|text|compromise|accept","sensitive"
"L2-L2-04-026-f365f523","L2","L2-04","冲突","最近这段时间，「电话里越说越僵」时，我更希望当下怎么处理？","先停一下，改天再谈","换成文字慢慢说","各退一步找折中","承认分歧，先不解决","pause|text|compromise|accept","sensitive"
"L2-L2-04-025-41836caa","L2","L2-04","冲突","如果只能选一个更贴近的：「电话里越说越僵」时，我更希望当下怎么处理？","先停一下，改天再谈","换成文字慢慢说","各退一步找折中","承认分歧，先不解决","pause|text|compromise|accept","sensitive"
"L2-L2-04-024-ffe72c9c","L2","L2-04","冲突","「电话里越说越僵」时，我更希望当下怎么处理？","先停一下，改天再谈","换成文字慢慢说","各退一步找折中","承认分歧，先不解决","pause|text|compromise|accept","sensitive"
"L2-L2-04-027-08d406de","L2","L2-04","冲突","在我们家沟通里，「电话里越说越僵」时，我更希望当下怎么处理？","先停一下，改天再谈","换成文字慢慢说","各退一步找折中","承认分歧，先不解决","pause|text|compromise|accept","sensitive"
"L2-L2-04-030-bd07edac","L2","L2-04","冲突","最近这段时间，「被翻旧账」时，我更希望当下怎么处理？","先停一下，改天再谈","换成文字慢慢说","各退一步找折中","承认分歧，先不解决","pause|text|compromise|accept","sensitive"
"L2-L2-04-029-c37ca116","L2","L2-04","冲突","如果只能选一个更贴近的：「被翻旧账」时，我更希望当下怎么处理？","先停一下，改天再谈","换成文字慢慢说","各退一步找折中","承认分歧，先不解决","pause|text|compromise|accept","sensitive"
"L2-L2-04-028-058798c9","L2","L2-04","冲突","「被翻旧账」时，我更希望当下怎么处理？","先停一下，改天再谈","换成文字慢慢说","各退一步找折中","承认分歧，先不解决","pause|text|compromise|accept","sensitive"
"L2-L2-04-049-e2994d57","L2","L2-04","冲突","如果只能选一个更贴近的：「决定被当面否定」时，我更希望当下怎么处理？","先停一下，改天再谈","换成文字慢慢说","各退一步找折中","承认分歧，先不解决","pause|text|compromise|accept","sensitive"
"L2-L2-04-048-eeb1e31e","L2","L2-04","冲突","「决定被当面否定」时，我更希望当下怎么处理？","先停一下，改天再谈","换成文字慢慢说","各退一步找折中","承认分歧，先不解决","pause|text|compromise|accept","sensitive"
"L2-L2-04-047-bc4b91c9","L2","L2-04","冲突","在我们家沟通里，「职业选择被否定」时，我更希望当下怎么处理？","先停一下，改天再谈","换成文字慢慢说","各退一步找折中","承认分歧，先不解决","pause|text|compromise|accept","sensitive"
"L2-L2-04-050-8187b49f","L2","L2-04","冲突","最近这段时间，「决定被当面否定」时，我更希望当下怎么处理？","先停一下，改天再谈","换成文字慢慢说","各退一步找折中","承认分歧，先不解决","pause|text|compromise|accept","sensitive"
"L2-L2-04-053-325d30b6","L2","L2-04","冲突","如果只能选一个更贴近的：「被拿来和别人比较」时，我更希望当下怎么处理？","先停一下，改天再谈","换成文字慢慢说","各退一步找折中","承认分歧，先不解决","pause|text|compromise|accept","sensitive"
"L2-L2-04-052-524eb72a","L2","L2-04","冲突","「被拿来和别人比较」时，我更希望当下怎么处理？","先停一下，改天再谈","换成文字慢慢说","各退一步找折中","承认分歧，先不解决","pause|text|compromise|accept","sensitive"
"L2-L2-04-051-9559c706","L2","L2-04","冲突","在我们家沟通里，「决定被当面否定」时，我更希望当下怎么处理？","先停一下，改天再谈","换成文字慢慢说","各退一步找折中","承认分歧，先不解决","pause|text|compromise|accept","sensitive"
"L2-L2-04-046-471308c6","L2","L2-04","冲突","最近这段时间，「职业选择被否定」时，我更希望当下怎么处理？","先停一下，改天再谈","换成文字慢慢说","各退一步找折中","承认分歧，先不解决","pause|text|compromise|accept","sensitive"
"L2-L2-04-041-378ed1d9","L2","L2-04","冲突","如果只能选一个更贴近的：「计划被临时更改」时，我更希望当下怎么处理？","先停一下，改天再谈","换成文字慢慢说","各退一步找折中","承认分歧，先不解决","pause|text|compromise|accept","sensitive"
"L2-L2-04-040-cad533fb","L2","L2-04","冲突","「计划被临时更改」时，我更希望当下怎么处理？","先停一下，改天再谈","换成文字慢慢说","各退一步找折中","承认分歧，先不解决","pause|text|compromise|accept","sensitive"
"L2-L2-04-039-f0a8dd1e","L2","L2-04","冲突","在我们家沟通里，「钱的问题谈不拢」时，我更希望当下怎么处理？","先停一下，改天再谈","换成文字慢慢说","各退一步找折中","承认分歧，先不解决","pause|text|compromise|accept","sensitive"
"L2-L2-04-042-30e86977","L2","L2-04","冲突","最近这段时间，「计划被临时更改」时，我更希望当下怎么处理？","先停一下，改天再谈","换成文字慢慢说","各退一步找折中","承认分歧，先不解决","pause|text|compromise|accept","sensitive"
"L2-L2-04-045-77cbffad","L2","L2-04","冲突","如果只能选一个更贴近的：「职业选择被否定」时，我更希望当下怎么处理？","先停一下，改天再谈","换成文字慢慢说","各退一步找折中","承认分歧，先不解决","pause|text|compromise|accept","sensitive"
"L2-L2-04-044-1304b65e","L2","L2-04","冲突","「职业选择被否定」时，我更希望当下怎么处理？","先停一下，改天再谈","换成文字慢慢说","各退一步找折中","承认分歧，先不解决","pause|text|compromise|accept","sensitive"
"L2-L2-04-043-ec5a4ad7","L2","L2-04","冲突","在我们家沟通里，「计划被临时更改」时，我更希望当下怎么处理？","先停一下，改天再谈","换成文字慢慢说","各退一步找折中","承认分歧，先不解决","pause|text|compromise|accept","sensitive"
"L2-L2-06-008-96142314","L2","L2-06","担心","你们担心我时，我「月底钱有点紧」的情况下更希望？","先相信我能处理好","问一句近况就好","给我建议但别替我决定","等我求助时再介入","trust|checkin|advice|space","normal"
"L2-L2-06-007-2bb070da","L2","L2-06","担心","在我们家沟通里，你们担心我时，我「和朋友出去玩」的情况下更希望？","先相信我能处理好","问一句近况就好","给我建议但别替我决定","等我求助时再介入","trust|checkin|advice|space","normal"
"L2-L2-06-006-47c8badd","L2","L2-06","担心","最近这段时间，你们担心我时，我「和朋友出去玩」的情况下更希望？","先相信我能处理好","问一句近况就好","给我建议但别替我决定","等我求助时再介入","trust|checkin|advice|space","normal"
"L2-L2-06-009-31eaed99","L2","L2-06","担心","如果只能选一个更贴近的：你们担心我时，我「月底钱有点紧」的情况下更希望？","先相信我能处理好","问一句近况就好","给我建议但别替我决定","等我求助时再介入","trust|checkin|advice|space","normal"
"L2-L2-06-012-399bef1d","L2","L2-06","担心","你们担心我时，我「周末被临时叫回家」的情况下更希望？","先相信我能处理好","问一句近况就好","给我建议但别替我决定","等我求助时再介入","trust|checkin|advice|space","normal"
"L2-L2-06-011-3c210869","L2","L2-06","担心","在我们家沟通里，你们担心我时，我「月底钱有点紧」的情况下更希望？","先相信我能处理好","问一句近况就好","给我建议但别替我决定","等我求助时再介入","trust|checkin|advice|space","normal"
"L2-L2-06-010-94c551d1","L2","L2-06","担心","最近这段时间，你们担心我时，我「月底钱有点紧」的情况下更希望？","先相信我能处理好","问一句近况就好","给我建议但别替我决定","等我求助时再介入","trust|checkin|advice|space","normal"
"L2-L2-06-005-d671307c","L2","L2-06","担心","如果只能选一个更贴近的：你们担心我时，我「和朋友出去玩」的情况下更希望？","先相信我能处理好","问一句近况就好","给我建议但别替我决定","等我求助时再介入","trust|checkin|advice|space","normal"
"L2-L2-06-000-39646155","L2","L2-06","担心","你们担心我时，我「考试或汇报前紧张」的情况下更希望？","先相信我能处理好","问一句近况就好","给我建议但别替我决定","等我求助时再介入","trust|checkin|advice|space","normal"
"L2-L2-05-055-9f97a273","L2","L2-05","陪伴","在我们家沟通里，「社交电池耗尽时」，什么样的陪伴最对味？","人在就好，不必多话","认真听我说完","一起做点轻松的事","给我空间，稍后联系","presence|listen|activity|space","normal"
"L2-L2-05-054-06fdc9f0","L2","L2-05","陪伴","最近这段时间，「社交电池耗尽时」，什么样的陪伴最对味？","人在就好，不必多话","认真听我说完","一起做点轻松的事","给我空间，稍后联系","presence|listen|activity|space","normal"
"L2-L2-06-001-661b841c","L2","L2-06","担心","如果只能选一个更贴近的：你们担心我时，我「考试或汇报前紧张」的情况下更希望？","先相信我能处理好","问一句近况就好","给我建议但别替我决定","等我求助时再介入","trust|checkin|advice|space","normal"
"L2-L2-06-004-a86ae414","L2","L2-06","担心","你们担心我时，我「和朋友出去玩」的情况下更希望？","先相信我能处理好","问一句近况就好","给我建议但别替我决定","等我求助时再介入","trust|checkin|advice|space","normal"
"L2-L2-06-003-7a445626","L2","L2-06","担心","在我们家沟通里，你们担心我时，我「考试或汇报前紧张」的情况下更希望？","先相信我能处理好","问一句近况就好","给我建议但别替我决定","等我求助时再介入","trust|checkin|advice|space","normal"
"L2-L2-06-002-fb06b607","L2","L2-06","担心","最近这段时间，你们担心我时，我「考试或汇报前紧张」的情况下更希望？","先相信我能处理好","问一句近况就好","给我建议但别替我决定","等我求助时再介入","trust|checkin|advice|space","normal"
"L2-L2-06-023-a60a1034","L2","L2-06","担心","在我们家沟通里，你们担心我时，我「一个人在外吃饭」的情况下更希望？","先相信我能处理好","问一句近况就好","给我建议但别替我决定","等我求助时再介入","trust|checkin|advice|space","normal"
"L2-L2-06-022-b318f6d6","L2","L2-06","担心","最近这段时间，你们担心我时，我「一个人在外吃饭」的情况下更希望？","先相信我能处理好","问一句近况就好","给我建议但别替我决定","等我求助时再介入","trust|checkin|advice|space","normal"
"L2-L2-06-021-5f680056","L2","L2-06","担心","如果只能选一个更贴近的：你们担心我时，我「一个人在外吃饭」的情况下更希望？","先相信我能处理好","问一句近况就好","给我建议但别替我决定","等我求助时再介入","trust|checkin|advice|space","normal"
"L2-L2-06-024-49033036","L2","L2-06","担心","你们担心我时，我「刚拒绝一个社交邀请」的情况下更希望？","先相信我能处理好","问一句近况就好","给我建议但别替我决定","等我求助时再介入","trust|checkin|advice|space","normal"
"L2-L2-06-027-74f61873","L2","L2-06","担心","在我们家沟通里，你们担心我时，我「刚拒绝一个社交邀请」的情况下更希望？","先相信我能处理好","问一句近况就好","给我建议但别替我决定","等我求助时再介入","trust|checkin|advice|space","normal"
"L2-L2-06-026-0ca1dc7a","L2","L2-06","担心","最近这段时间，你们担心我时，我「刚拒绝一个社交邀请」的情况下更希望？","先相信我能处理好","问一句近况就好","给我建议但别替我决定","等我求助时再介入","trust|checkin|advice|space","normal"
"L2-L2-06-025-c2875fa2","L2","L2-06","担心","如果只能选一个更贴近的：你们担心我时，我「刚拒绝一个社交邀请」的情况下更希望？","先相信我能处理好","问一句近况就好","给我建议但别替我决定","等我求助时再介入","trust|checkin|advice|space","normal"
"L2-L2-06-020-953be860","L2","L2-06","担心","你们担心我时，我「一个人在外吃饭」的情况下更希望？","先相信我能处理好","问一句近况就好","给我建议但别替我决定","等我求助时再介入","trust|checkin|advice|space","normal"
"L2-L2-06-015-2dd414eb","L2","L2-06","担心","在我们家沟通里，你们担心我时，我「周末被临时叫回家」的情况下更希望？","先相信我能处理好","问一句近况就好","给我建议但别替我决定","等我求助时再介入","trust|checkin|advice|space","normal"
"L2-L2-06-014-92e7969f","L2","L2-06","担心","最近这段时间，你们担心我时，我「周末被临时叫回家」的情况下更希望？","先相信我能处理好","问一句近况就好","给我建议但别替我决定","等我求助时再介入","trust|checkin|advice|space","normal"
"L2-L2-06-013-38d4c98c","L2","L2-06","担心","如果只能选一个更贴近的：你们担心我时，我「周末被临时叫回家」的情况下更希望？","先相信我能处理好","问一句近况就好","给我建议但别替我决定","等我求助时再介入","trust|checkin|advice|space","normal"
"L2-L2-06-016-99401292","L2","L2-06","担心","你们担心我时，我「学会一个新技能后」的情况下更希望？","先相信我能处理好","问一句近况就好","给我建议但别替我决定","等我求助时再介入","trust|checkin|advice|space","normal"
"L2-L2-06-019-78fcf2a5","L2","L2-06","担心","在我们家沟通里，你们担心我时，我「学会一个新技能后」的情况下更希望？","先相信我能处理好","问一句近况就好","给我建议但别替我决定","等我求助时再介入","trust|checkin|advice|space","normal"
"L2-L2-06-018-7547d0ee","L2","L2-06","担心","最近这段时间，你们担心我时，我「学会一个新技能后」的情况下更希望？","先相信我能处理好","问一句近况就好","给我建议但别替我决定","等我求助时再介入","trust|checkin|advice|space","normal"
"L2-L2-06-017-f494dd70","L2","L2-06","担心","如果只能选一个更贴近的：你们担心我时，我「学会一个新技能后」的情况下更希望？","先相信我能处理好","问一句近况就好","给我建议但别替我决定","等我求助时再介入","trust|checkin|advice|space","normal"
"L2-L2-05-034-8001d5ca","L2","L2-05","陪伴","最近这段时间，「累的时候」，什么样的陪伴最对味？","人在就好，不必多话","认真听我说完","一起做点轻松的事","给我空间，稍后联系","presence|listen|activity|space","normal"
"L2-L2-05-033-4313063b","L2","L2-05","陪伴","如果只能选一个更贴近的：「累的时候」，什么样的陪伴最对味？","人在就好，不必多话","认真听我说完","一起做点轻松的事","给我空间，稍后联系","presence|listen|activity|space","normal"
"L2-L2-05-032-224b4d3b","L2","L2-05","陪伴","「累的时候」，什么样的陪伴最对味？","人在就好，不必多话","认真听我说完","一起做点轻松的事","给我空间，稍后联系","presence|listen|activity|space","normal"
"L2-L2-05-035-52e52b6b","L2","L2-05","陪伴","在我们家沟通里，「累的时候」，什么样的陪伴最对味？","人在就好，不必多话","认真听我说完","一起做点轻松的事","给我空间，稍后联系","presence|listen|activity|space","normal"
"L2-L2-05-038-db351c11","L2","L2-05","陪伴","最近这段时间，「压力大的时候」，什么样的陪伴最对味？","人在就好，不必多话","认真听我说完","一起做点轻松的事","给我空间，稍后联系","presence|listen|activity|space","normal"
"L2-L2-05-037-c9003ba1","L2","L2-05","陪伴","如果只能选一个更贴近的：「压力大的时候」，什么样的陪伴最对味？","人在就好，不必多话","认真听我说完","一起做点轻松的事","给我空间，稍后联系","presence|listen|activity|space","normal"
"L2-L2-05-036-48f766f0","L2","L2-05","陪伴","「压力大的时候」，什么样的陪伴最对味？","人在就好，不必多话","认真听我说完","一起做点轻松的事","给我空间，稍后联系","presence|listen|activity|space","normal"
"L2-L2-05-031-b3aa5f32","L2","L2-05","陪伴","在我们家沟通里，「取得一点小成绩时」，什么样的陪伴最对味？","人在就好，不必多话","认真听我说完","一起做点轻松的事","给我空间，稍后联系","presence|listen|activity|space","normal"
"L2-L2-05-026-90dba2f4","L2","L2-05","陪伴","最近这段时间，「被误解的时候」，什么样的陪伴最对味？","人在就好，不必多话","认真听我说完","一起做点轻松的事","给我空间，稍后联系","presence|listen|activity|space","normal"
"L2-L2-05-025-e8f4fec9","L2","L2-05","陪伴","如果只能选一个更贴近的：「被误解的时候」，什么样的陪伴最对味？","人在就好，不必多话","认真听我说完","一起做点轻松的事","给我空间，稍后联系","presence|listen|activity|space","normal"
"L2-L2-05-024-f645ee9d","L2","L2-05","陪伴","「被误解的时候」，什么样的陪伴最对味？","人在就好，不必多话","认真听我说完","一起做点轻松的事","给我空间，稍后联系","presence|listen|activity|space","normal"
"L2-L2-05-027-814842d9","L2","L2-05","陪伴","在我们家沟通里，「被误解的时候」，什么样的陪伴最对味？","人在就好，不必多话","认真听我说完","一起做点轻松的事","给我空间，稍后联系","presence|listen|activity|space","normal"
"L2-L2-05-030-de0ab12e","L2","L2-05","陪伴","最近这段时间，「取得一点小成绩时」，什么样的陪伴最对味？","人在就好，不必多话","认真听我说完","一起做点轻松的事","给我空间，稍后联系","presence|listen|activity|space","normal"
"L2-L2-05-029-0bb1cccd","L2","L2-05","陪伴","如果只能选一个更贴近的：「取得一点小成绩时」，什么样的陪伴最对味？","人在就好，不必多话","认真听我说完","一起做点轻松的事","给我空间，稍后联系","presence|listen|activity|space","normal"
"L2-L2-05-028-c2add152","L2","L2-05","陪伴","「取得一点小成绩时」，什么样的陪伴最对味？","人在就好，不必多话","认真听我说完","一起做点轻松的事","给我空间，稍后联系","presence|listen|activity|space","normal"
"L2-L2-05-049-90fa6e54","L2","L2-05","陪伴","如果只能选一个更贴近的：「需要被鼓励的时候」，什么样的陪伴最对味？","人在就好，不必多话","认真听我说完","一起做点轻松的事","给我空间，稍后联系","presence|listen|activity|space","normal"
"L2-L2-05-048-f0442ce3","L2","L2-05","陪伴","「需要被鼓励的时候」，什么样的陪伴最对味？","人在就好，不必多话","认真听我说完","一起做点轻松的事","给我空间，稍后联系","presence|listen|activity|space","normal"
"L2-L2-05-047-656a8557","L2","L2-05","陪伴","在我们家沟通里，「需要做重大决定时」，什么样的陪伴最对味？","人在就好，不必多话","认真听我说完","一起做点轻松的事","给我空间，稍后联系","presence|listen|activity|space","normal"
"L2-L2-05-050-6f15092d","L2","L2-05","陪伴","最近这段时间，「需要被鼓励的时候」，什么样的陪伴最对味？","人在就好，不必多话","认真听我说完","一起做点轻松的事","给我空间，稍后联系","presence|listen|activity|space","normal"
"L2-L2-05-053-9ba8b787","L2","L2-05","陪伴","如果只能选一个更贴近的：「社交电池耗尽时」，什么样的陪伴最对味？","人在就好，不必多话","认真听我说完","一起做点轻松的事","给我空间，稍后联系","presence|listen|activity|space","normal"
"L2-L2-05-052-fcbb70cf","L2","L2-05","陪伴","「社交电池耗尽时」，什么样的陪伴最对味？","人在就好，不必多话","认真听我说完","一起做点轻松的事","给我空间，稍后联系","presence|listen|activity|space","normal"
"L2-L2-05-051-43bcc4cc","L2","L2-05","陪伴","在我们家沟通里，「需要被鼓励的时候」，什么样的陪伴最对味？","人在就好，不必多话","认真听我说完","一起做点轻松的事","给我空间，稍后联系","presence|listen|activity|space","normal"
"L2-L2-05-046-9fa3edd0","L2","L2-05","陪伴","最近这段时间，「需要做重大决定时」，什么样的陪伴最对味？","人在就好，不必多话","认真听我说完","一起做点轻松的事","给我空间，稍后联系","presence|listen|activity|space","normal"
"L2-L2-05-041-67b8a068","L2","L2-05","陪伴","如果只能选一个更贴近的：「想倾诉的时候」，什么样的陪伴最对味？","人在就好，不必多话","认真听我说完","一起做点轻松的事","给我空间，稍后联系","presence|listen|activity|space","normal"
"L2-L2-05-040-fbb0cdf0","L2","L2-05","陪伴","「想倾诉的时候」，什么样的陪伴最对味？","人在就好，不必多话","认真听我说完","一起做点轻松的事","给我空间，稍后联系","presence|listen|activity|space","normal"
"L2-L2-05-039-9235aa9f","L2","L2-05","陪伴","在我们家沟通里，「压力大的时候」，什么样的陪伴最对味？","人在就好，不必多话","认真听我说完","一起做点轻松的事","给我空间，稍后联系","presence|listen|activity|space","normal"
"L2-L2-05-042-e1b6367b","L2","L2-05","陪伴","最近这段时间，「想倾诉的时候」，什么样的陪伴最对味？","人在就好，不必多话","认真听我说完","一起做点轻松的事","给我空间，稍后联系","presence|listen|activity|space","normal"
"L2-L2-05-045-6678a532","L2","L2-05","陪伴","如果只能选一个更贴近的：「需要做重大决定时」，什么样的陪伴最对味？","人在就好，不必多话","认真听我说完","一起做点轻松的事","给我空间，稍后联系","presence|listen|activity|space","normal"
"L2-L2-05-044-57695478","L2","L2-05","陪伴","「需要做重大决定时」，什么样的陪伴最对味？","人在就好，不必多话","认真听我说完","一起做点轻松的事","给我空间，稍后联系","presence|listen|activity|space","normal"
"L2-L2-05-043-6847d7a9","L2","L2-05","陪伴","在我们家沟通里，「想倾诉的时候」，什么样的陪伴最对味？","人在就好，不必多话","认真听我说完","一起做点轻松的事","给我空间，稍后联系","presence|listen|activity|space","normal"
"L3-L3-10-014-1411de5d","L3","L3-10","兴趣花钱","最近这段时间，为「手作或收藏」花钱时，我希望你们优先看到？","这对我情绪有帮助","我有在控制频率和金额","这是学习或技能投入","请先理解意义，再谈钱","emotion|control|skill|meaning","normal"
"L3-L3-10-013-da3f7cf9","L3","L3-10","兴趣花钱","如果只能选一个更贴近的：为「手作或收藏」花钱时，我希望你们优先看到？","这对我情绪有帮助","我有在控制频率和金额","这是学习或技能投入","请先理解意义，再谈钱","emotion|control|skill|meaning","normal"
"L3-L3-10-012-70b722fb","L3","L3-10","兴趣花钱","为「手作或收藏」花钱时，我希望你们优先看到？","这对我情绪有帮助","我有在控制频率和金额","这是学习或技能投入","请先理解意义，再谈钱","emotion|control|skill|meaning","normal"
"L3-L3-10-017-af8261ac","L3","L3-10","兴趣花钱","如果只能选一个更贴近的：为「某个影视作品」花钱时，我希望你们优先看到？","这对我情绪有帮助","我有在控制频率和金额","这是学习或技能投入","请先理解意义，再谈钱","emotion|control|skill|meaning","normal"
"L3-L3-10-016-37ec8278","L3","L3-10","兴趣花钱","为「某个影视作品」花钱时，我希望你们优先看到？","这对我情绪有帮助","我有在控制频率和金额","这是学习或技能投入","请先理解意义，再谈钱","emotion|control|skill|meaning","normal"
"L3-L3-10-015-8932874d","L3","L3-10","兴趣花钱","在我们家沟通里，为「手作或收藏」花钱时，我希望你们优先看到？","这对我情绪有帮助","我有在控制频率和金额","这是学习或技能投入","请先理解意义，再谈钱","emotion|control|skill|meaning","normal"
"L3-L3-10-008-063bc0b8","L3","L3-10","兴趣花钱","为「宠物或云养宠」花钱时，我希望你们优先看到？","这对我情绪有帮助","我有在控制频率和金额","这是学习或技能投入","请先理解意义，再谈钱","emotion|control|skill|meaning","normal"
"L3-L3-10-007-a885d14e","L3","L3-10","兴趣花钱","在我们家沟通里，为「展览或演出」花钱时，我希望你们优先看到？","这对我情绪有帮助","我有在控制频率和金额","这是学习或技能投入","请先理解意义，再谈钱","emotion|control|skill|meaning","normal"
"L3-L3-10-006-a360810f","L3","L3-10","兴趣花钱","最近这段时间，为「展览或演出」花钱时，我希望你们优先看到？","这对我情绪有帮助","我有在控制频率和金额","这是学习或技能投入","请先理解意义，再谈钱","emotion|control|skill|meaning","normal"
"L3-L3-10-011-956a8b1f","L3","L3-10","兴趣花钱","在我们家沟通里，为「宠物或云养宠」花钱时，我希望你们优先看到？","这对我情绪有帮助","我有在控制频率和金额","这是学习或技能投入","请先理解意义，再谈钱","emotion|control|skill|meaning","normal"
"L3-L3-10-010-7b5adb56","L3","L3-10","兴趣花钱","最近这段时间，为「宠物或云养宠」花钱时，我希望你们优先看到？","这对我情绪有帮助","我有在控制频率和金额","这是学习或技能投入","请先理解意义，再谈钱","emotion|control|skill|meaning","normal"
"L3-L3-10-009-6ce89571","L3","L3-10","兴趣花钱","如果只能选一个更贴近的：为「宠物或云养宠」花钱时，我希望你们优先看到？","这对我情绪有帮助","我有在控制频率和金额","这是学习或技能投入","请先理解意义，再谈钱","emotion|control|skill|meaning","normal"
"L3-L3-10-018-78f9e8e5","L3","L3-10","兴趣花钱","最近这段时间，为「某个影视作品」花钱时，我希望你们优先看到？","这对我情绪有帮助","我有在控制频率和金额","这是学习或技能投入","请先理解意义，再谈钱","emotion|control|skill|meaning","normal"
"L3-L3-10-027-faba03f3","L3","L3-10","兴趣花钱","在我们家沟通里，为「美妆或护肤研究」花钱时，我希望你们优先看到？","这对我情绪有帮助","我有在控制频率和金额","这是学习或技能投入","请先理解意义，再谈钱","emotion|control|skill|meaning","normal"
"L3-L3-10-026-8b2c4c45","L3","L3-10","兴趣花钱","最近这段时间，为「美妆或护肤研究」花钱时，我希望你们优先看到？","这对我情绪有帮助","我有在控制频率和金额","这是学习或技能投入","请先理解意义，再谈钱","emotion|control|skill|meaning","normal"
"L3-L3-10-025-d29f9452","L3","L3-10","兴趣花钱","如果只能选一个更贴近的：为「美妆或护肤研究」花钱时，我希望你们优先看到？","这对我情绪有帮助","我有在控制频率和金额","这是学习或技能投入","请先理解意义，再谈钱","emotion|control|skill|meaning","normal"
"L3-L3-10-030-e31b7253","L3","L3-10","兴趣花钱","最近这段时间，为「一项运动」花钱时，我希望你们优先看到？","这对我情绪有帮助","我有在控制频率和金额","这是学习或技能投入","请先理解意义，再谈钱","emotion|control|skill|meaning","normal"
"L3-L3-10-029-a4c869a6","L3","L3-10","兴趣花钱","如果只能选一个更贴近的：为「一项运动」花钱时，我希望你们优先看到？","这对我情绪有帮助","我有在控制频率和金额","这是学习或技能投入","请先理解意义，再谈钱","emotion|control|skill|meaning","normal"
"L3-L3-10-028-40e37995","L3","L3-10","兴趣花钱","为「一项运动」花钱时，我希望你们优先看到？","这对我情绪有帮助","我有在控制频率和金额","这是学习或技能投入","请先理解意义，再谈钱","emotion|control|skill|meaning","normal"
"L3-L3-10-021-405a63f8","L3","L3-10","兴趣花钱","如果只能选一个更贴近的：为「一类音乐」花钱时，我希望你们优先看到？","这对我情绪有帮助","我有在控制频率和金额","这是学习或技能投入","请先理解意义，再谈钱","emotion|control|skill|meaning","normal"
"L3-L3-10-020-8c1732d3","L3","L3-10","兴趣花钱","为「一类音乐」花钱时，我希望你们优先看到？","这对我情绪有帮助","我有在控制频率和金额","这是学习或技能投入","请先理解意义，再谈钱","emotion|control|skill|meaning","normal"
"L3-L3-10-019-e9f91f2f","L3","L3-10","兴趣花钱","在我们家沟通里，为「某个影视作品」花钱时，我希望你们优先看到？","这对我情绪有帮助","我有在控制频率和金额","这是学习或技能投入","请先理解意义，再谈钱","emotion|control|skill|meaning","normal"
"L3-L3-10-024-91c2463d","L3","L3-10","兴趣花钱","为「美妆或护肤研究」花钱时，我希望你们优先看到？","这对我情绪有帮助","我有在控制频率和金额","这是学习或技能投入","请先理解意义，再谈钱","emotion|control|skill|meaning","normal"
"L3-L3-10-023-936f1947","L3","L3-10","兴趣花钱","在我们家沟通里，为「一类音乐」花钱时，我希望你们优先看到？","这对我情绪有帮助","我有在控制频率和金额","这是学习或技能投入","请先理解意义，再谈钱","emotion|control|skill|meaning","normal"
"L3-L3-10-022-c479e6fe","L3","L3-10","兴趣花钱","最近这段时间，为「一类音乐」花钱时，我希望你们优先看到？","这对我情绪有帮助","我有在控制频率和金额","这是学习或技能投入","请先理解意义，再谈钱","emotion|control|skill|meaning","normal"
"L3-L3-07-001-fd518fe7","L3","L3-07","旅行","如果只能选一个更贴近的：说到旅行偏好，我更看重？","放松和新鲜感","安全和预算可控","自己做主的行程","偶尔暴走，偶尔躺平","relax|safe|agency|mix","normal"
"L3-L3-07-000-5cc5514d","L3","L3-07","旅行","说到旅行偏好，我更看重？","放松和新鲜感","安全和预算可控","自己做主的行程","偶尔暴走，偶尔躺平","relax|safe|agency|mix","normal"
"L3-L3-06-003-12293fc4","L3","L3-06","音乐影视","在我们家沟通里，一部作品或一类音乐打动我时，我希望你们知道？","那是我情绪的出口","喜欢不等于消极避世","我想被问问感受，不是被分析","这是我的精神零食","outlet|not_escape|feel|joy","normal"
"L3-L3-08-000-1bd9cb37","L3","L3-08","游戏追番","我花时间在游戏或追番上，更希望被看成？","正当休闲，不是堕落","社交和归属的一部分","压力调节工具","有边界的兴趣投入","leisure|social|regulate|bounded","normal"
"L3-L3-07-003-c2cb41e7","L3","L3-07","旅行","在我们家沟通里，说到旅行偏好，我更看重？","放松和新鲜感","安全和预算可控","自己做主的行程","偶尔暴走，偶尔躺平","relax|safe|agency|mix","normal"
"L3-L3-07-002-1328dee7","L3","L3-07","旅行","最近这段时间，说到旅行偏好，我更看重？","放松和新鲜感","安全和预算可控","自己做主的行程","偶尔暴走，偶尔躺平","relax|safe|agency|mix","normal"
"L3-L3-05-003-fbb23d14","L3","L3-05","穿搭","在我们家沟通里，我坚持某种穿搭风格，对你们而言最该理解的一点是？","这让我更像自己","舒适和表达可以并存","不是为了引起争论","场合我会自己把握分寸","identity|comfort|not_fight|context","sensitive"
"L3-L3-05-002-aaaa1b06","L3","L3-05","穿搭","最近这段时间，我坚持某种穿搭风格，对你们而言最该理解的一点是？","这让我更像自己","舒适和表达可以并存","不是为了引起争论","场合我会自己把握分寸","identity|comfort|not_fight|context","sensitive"
"L3-L3-05-001-ab412512","L3","L3-05","穿搭","如果只能选一个更贴近的：我坚持某种穿搭风格，对你们而言最该理解的一点是？","这让我更像自己","舒适和表达可以并存","不是为了引起争论","场合我会自己把握分寸","identity|comfort|not_fight|context","sensitive"
"L3-L3-06-002-654d8711","L3","L3-06","音乐影视","最近这段时间，一部作品或一类音乐打动我时，我希望你们知道？","那是我情绪的出口","喜欢不等于消极避世","我想被问问感受，不是被分析","这是我的精神零食","outlet|not_escape|feel|joy","normal"
"L3-L3-06-001-5b93b958","L3","L3-06","音乐影视","如果只能选一个更贴近的：一部作品或一类音乐打动我时，我希望你们知道？","那是我情绪的出口","喜欢不等于消极避世","我想被问问感受，不是被分析","这是我的精神零食","outlet|not_escape|feel|joy","normal"
"L3-L3-06-000-314cd72e","L3","L3-06","音乐影视","一部作品或一类音乐打动我时，我希望你们知道？","那是我情绪的出口","喜欢不等于消极避世","我想被问问感受，不是被分析","这是我的精神零食","outlet|not_escape|feel|joy","normal"
"L3-L3-08-001-021d6ed9","L3","L3-08","游戏追番","如果只能选一个更贴近的：我花时间在游戏或追番上，更希望被看成？","正当休闲，不是堕落","社交和归属的一部分","压力调节工具","有边界的兴趣投入","leisure|social|regulate|bounded","normal"
"L3-L3-10-002-876ea627","L3","L3-10","兴趣花钱","最近这段时间，为「数码设备折腾」花钱时，我希望你们优先看到？","这对我情绪有帮助","我有在控制频率和金额","这是学习或技能投入","请先理解意义，再谈钱","emotion|control|skill|meaning","normal"
"L3-L3-10-001-4b9b9cf3","L3","L3-10","兴趣花钱","如果只能选一个更贴近的：为「数码设备折腾」花钱时，我希望你们优先看到？","这对我情绪有帮助","我有在控制频率和金额","这是学习或技能投入","请先理解意义，再谈钱","emotion|control|skill|meaning","normal"
"L3-L3-10-000-76272fba","L3","L3-10","兴趣花钱","为「数码设备折腾」花钱时，我希望你们优先看到？","这对我情绪有帮助","我有在控制频率和金额","这是学习或技能投入","请先理解意义，再谈钱","emotion|control|skill|meaning","normal"
"L3-L3-10-005-74c01fd6","L3","L3-10","兴趣花钱","如果只能选一个更贴近的：为「展览或演出」花钱时，我希望你们优先看到？","这对我情绪有帮助","我有在控制频率和金额","这是学习或技能投入","请先理解意义，再谈钱","emotion|control|skill|meaning","normal"
"L3-L3-10-004-20659b8b","L3","L3-10","兴趣花钱","为「展览或演出」花钱时，我希望你们优先看到？","这对我情绪有帮助","我有在控制频率和金额","这是学习或技能投入","请先理解意义，再谈钱","emotion|control|skill|meaning","normal"
"L3-L3-10-003-ae944c84","L3","L3-10","兴趣花钱","在我们家沟通里，为「数码设备折腾」花钱时，我希望你们优先看到？","这对我情绪有帮助","我有在控制频率和金额","这是学习或技能投入","请先理解意义，再谈钱","emotion|control|skill|meaning","normal"
"L3-L3-09-000-9d836c80","L3","L3-09","创作","如果我做拍照、写作或手作，我最需要的支持是？","鼓励我持续，别问变现","认真看看我的成品","给我时间和空间","别用「有没有用」衡量","encourage|see|space|nonutil","normal"
"L3-L3-08-003-e45e71e8","L3","L3-08","游戏追番","在我们家沟通里，我花时间在游戏或追番上，更希望被看成？","正当休闲，不是堕落","社交和归属的一部分","压力调节工具","有边界的兴趣投入","leisure|social|regulate|bounded","normal"
"L3-L3-08-002-5e44b8a2","L3","L3-08","游戏追番","最近这段时间，我花时间在游戏或追番上，更希望被看成？","正当休闲，不是堕落","社交和归属的一部分","压力调节工具","有边界的兴趣投入","leisure|social|regulate|bounded","normal"
"L3-L3-09-003-afe1f224","L3","L3-09","创作","在我们家沟通里，如果我做拍照、写作或手作，我最需要的支持是？","鼓励我持续，别问变现","认真看看我的成品","给我时间和空间","别用「有没有用」衡量","encourage|see|space|nonutil","normal"
"L3-L3-09-002-88df9067","L3","L3-09","创作","最近这段时间，如果我做拍照、写作或手作，我最需要的支持是？","鼓励我持续，别问变现","认真看看我的成品","给我时间和空间","别用「有没有用」衡量","encourage|see|space|nonutil","normal"
"L3-L3-09-001-1b4a00ad","L3","L3-09","创作","如果只能选一个更贴近的：如果我做拍照、写作或手作，我最需要的支持是？","鼓励我持续，别问变现","认真看看我的成品","给我时间和空间","别用「有没有用」衡量","encourage|see|space|nonutil","normal"
"L3-L3-10-031-498c5c06","L3","L3-10","兴趣花钱","在我们家沟通里，为「一项运动」花钱时，我希望你们优先看到？","这对我情绪有帮助","我有在控制频率和金额","这是学习或技能投入","请先理解意义，再谈钱","emotion|control|skill|meaning","normal"
"L3-L3-10-065-f882c52a","L3","L3-10","兴趣花钱","如果只能选一个更贴近的：为「某种穿搭风格」花钱时，我希望你们优先看到？","这对我情绪有帮助","我有在控制频率和金额","这是学习或技能投入","请先理解意义，再谈钱","emotion|control|skill|meaning","normal"
"L3-L3-10-064-824d48b2","L3","L3-10","兴趣花钱","为「某种穿搭风格」花钱时，我希望你们优先看到？","这对我情绪有帮助","我有在控制频率和金额","这是学习或技能投入","请先理解意义，再谈钱","emotion|control|skill|meaning","normal"
"L3-L3-10-063-c24fac60","L3","L3-10","兴趣花钱","在我们家沟通里，为「美食探店」花钱时，我希望你们优先看到？","这对我情绪有帮助","我有在控制频率和金额","这是学习或技能投入","请先理解意义，再谈钱","emotion|control|skill|meaning","normal"
"L3-L3-10-068-fdacee33","L3","L3-10","兴趣花钱","为「一种游戏或追番」花钱时，我希望你们优先看到？","这对我情绪有帮助","我有在控制频率和金额","这是学习或技能投入","请先理解意义，再谈钱","emotion|control|skill|meaning","normal"
"L3-L3-10-067-5baae0df","L3","L3-10","兴趣花钱","在我们家沟通里，为「某种穿搭风格」花钱时，我希望你们优先看到？","这对我情绪有帮助","我有在控制频率和金额","这是学习或技能投入","请先理解意义，再谈钱","emotion|control|skill|meaning","normal"
"L3-L3-10-066-9e4ec6da","L3","L3-10","兴趣花钱","最近这段时间，为「某种穿搭风格」花钱时，我希望你们优先看到？","这对我情绪有帮助","我有在控制频率和金额","这是学习或技能投入","请先理解意义，再谈钱","emotion|control|skill|meaning","normal"
"L3-L3-10-059-f6686b4b","L3","L3-10","兴趣花钱","在我们家沟通里，为「发色或发型变化」花钱时，我希望你们优先看到？","这对我情绪有帮助","我有在控制频率和金额","这是学习或技能投入","请先理解意义，再谈钱","emotion|control|skill|meaning","normal"
"L3-L3-10-058-898da0c5","L3","L3-10","兴趣花钱","最近这段时间，为「发色或发型变化」花钱时，我希望你们优先看到？","这对我情绪有帮助","我有在控制频率和金额","这是学习或技能投入","请先理解意义，再谈钱","emotion|control|skill|meaning","normal"
"L3-L3-10-057-a5fb11b5","L3","L3-10","兴趣花钱","如果只能选一个更贴近的：为「发色或发型变化」花钱时，我希望你们优先看到？","这对我情绪有帮助","我有在控制频率和金额","这是学习或技能投入","请先理解意义，再谈钱","emotion|control|skill|meaning","normal"
"L3-L3-10-062-328330f8","L3","L3-10","兴趣花钱","最近这段时间，为「美食探店」花钱时，我希望你们优先看到？","这对我情绪有帮助","我有在控制频率和金额","这是学习或技能投入","请先理解意义，再谈钱","emotion|control|skill|meaning","normal"
"L3-L3-10-061-a6824a21","L3","L3-10","兴趣花钱","如果只能选一个更贴近的：为「美食探店」花钱时，我希望你们优先看到？","这对我情绪有帮助","我有在控制频率和金额","这是学习或技能投入","请先理解意义，再谈钱","emotion|control|skill|meaning","normal"
"L3-L3-10-060-3b3f827f","L3","L3-10","兴趣花钱","为「美食探店」花钱时，我希望你们优先看到？","这对我情绪有帮助","我有在控制频率和金额","这是学习或技能投入","请先理解意义，再谈钱","emotion|control|skill|meaning","normal"
"L3-L3-10-069-6ef92dfb","L3","L3-10","兴趣花钱","如果只能选一个更贴近的：为「一种游戏或追番」花钱时，我希望你们优先看到？","这对我情绪有帮助","我有在控制频率和金额","这是学习或技能投入","请先理解意义，再谈钱","emotion|control|skill|meaning","normal"
"L3-L3-11-006-352d163b","L3","L3-11","外观冲突","最近这段时间，如果因「美甲或造型变化」差点吵架，我更希望进程是？","先停一下，改天再谈","换成文字慢慢说","各退一步找折中","承认分歧，先不解决","pause|text|compromise|accept","sensitive"
"L3-L3-11-005-9b8339b3","L3","L3-11","外观冲突","如果只能选一个更贴近的：如果因「美甲或造型变化」差点吵架，我更希望进程是？","先停一下，改天再谈","换成文字慢慢说","各退一步找折中","承认分歧，先不解决","pause|text|compromise|accept","sensitive"
"L3-L3-11-004-9711bc61","L3","L3-11","外观冲突","如果因「美甲或造型变化」差点吵架，我更希望进程是？","先停一下，改天再谈","换成文字慢慢说","各退一步找折中","承认分歧，先不解决","pause|text|compromise|accept","sensitive"
"L3-L3-11-009-fa70bc70","L3","L3-11","外观冲突","如果只能选一个更贴近的：如果因「化妆变浓一点」差点吵架，我更希望进程是？","先停一下，改天再谈","换成文字慢慢说","各退一步找折中","承认分歧，先不解决","pause|text|compromise|accept","sensitive"
"L3-L3-11-008-ba9ededb","L3","L3-11","外观冲突","如果因「化妆变浓一点」差点吵架，我更希望进程是？","先停一下，改天再谈","换成文字慢慢说","各退一步找折中","承认分歧，先不解决","pause|text|compromise|accept","sensitive"
"L3-L3-11-007-0de0d8a3","L3","L3-11","外观冲突","在我们家沟通里，如果因「美甲或造型变化」差点吵架，我更希望进程是？","先停一下，改天再谈","换成文字慢慢说","各退一步找折中","承认分歧，先不解决","pause|text|compromise|accept","sensitive"
"L3-L3-11-000-fa22f00a","L3","L3-11","外观冲突","如果因「打耳洞或小饰品」差点吵架，我更希望进程是？","先停一下，改天再谈","换成文字慢慢说","各退一步找折中","承认分歧，先不解决","pause|text|compromise|accept","sensitive"
"L3-L3-10-071-f61ba7b0","L3","L3-10","兴趣花钱","在我们家沟通里，为「一种游戏或追番」花钱时，我希望你们优先看到？","这对我情绪有帮助","我有在控制频率和金额","这是学习或技能投入","请先理解意义，再谈钱","emotion|control|skill|meaning","normal"
"L3-L3-10-070-afe8255f","L3","L3-10","兴趣花钱","最近这段时间，为「一种游戏或追番」花钱时，我希望你们优先看到？","这对我情绪有帮助","我有在控制频率和金额","这是学习或技能投入","请先理解意义，再谈钱","emotion|control|skill|meaning","normal"
"L3-L3-11-003-06fd9794","L3","L3-11","外观冲突","在我们家沟通里，如果因「打耳洞或小饰品」差点吵架，我更希望进程是？","先停一下，改天再谈","换成文字慢慢说","各退一步找折中","承认分歧，先不解决","pause|text|compromise|accept","sensitive"
"L3-L3-11-002-132c76e7","L3","L3-11","外观冲突","最近这段时间，如果因「打耳洞或小饰品」差点吵架，我更希望进程是？","先停一下，改天再谈","换成文字慢慢说","各退一步找折中","承认分歧，先不解决","pause|text|compromise|accept","sensitive"
"L3-L3-11-001-bb25ecfd","L3","L3-11","外观冲突","如果只能选一个更贴近的：如果因「打耳洞或小饰品」差点吵架，我更希望进程是？","先停一下，改天再谈","换成文字慢慢说","各退一步找折中","承认分歧，先不解决","pause|text|compromise|accept","sensitive"
"L3-L3-10-040-c5084223","L3","L3-10","兴趣花钱","为「小众爱好」花钱时，我希望你们优先看到？","这对我情绪有帮助","我有在控制频率和金额","这是学习或技能投入","请先理解意义，再谈钱","emotion|control|skill|meaning","normal"
"L3-L3-10-039-85f6300e","L3","L3-10","兴趣花钱","在我们家沟通里，为「播客或有声书」花钱时，我希望你们优先看到？","这对我情绪有帮助","我有在控制频率和金额","这是学习或技能投入","请先理解意义，再谈钱","emotion|control|skill|meaning","normal"
"L3-L3-10-038-906576b8","L3","L3-10","兴趣花钱","最近这段时间，为「播客或有声书」花钱时，我希望你们优先看到？","这对我情绪有帮助","我有在控制频率和金额","这是学习或技能投入","请先理解意义，再谈钱","emotion|control|skill|meaning","normal"
"L3-L3-10-043-81f0d55e","L3","L3-10","兴趣花钱","在我们家沟通里，为「小众爱好」花钱时，我希望你们优先看到？","这对我情绪有帮助","我有在控制频率和金额","这是学习或技能投入","请先理解意义，再谈钱","emotion|control|skill|meaning","normal"
"L3-L3-10-042-4f1a1750","L3","L3-10","兴趣花钱","最近这段时间，为「小众爱好」花钱时，我希望你们优先看到？","这对我情绪有帮助","我有在控制频率和金额","这是学习或技能投入","请先理解意义，再谈钱","emotion|control|skill|meaning","normal"
"L3-L3-10-041-20fad5ea","L3","L3-10","兴趣花钱","如果只能选一个更贴近的：为「小众爱好」花钱时，我希望你们优先看到？","这对我情绪有帮助","我有在控制频率和金额","这是学习或技能投入","请先理解意义，再谈钱","emotion|control|skill|meaning","normal"
"L3-L3-10-034-2a0cae14","L3","L3-10","兴趣花钱","最近这段时间，为「拍照或创作」花钱时，我希望你们优先看到？","这对我情绪有帮助","我有在控制频率和金额","这是学习或技能投入","请先理解意义，再谈钱","emotion|control|skill|meaning","normal"
"L3-L3-10-033-7e1cdc8f","L3","L3-10","兴趣花钱","如果只能选一个更贴近的：为「拍照或创作」花钱时，我希望你们优先看到？","这对我情绪有帮助","我有在控制频率和金额","这是学习或技能投入","请先理解意义，再谈钱","emotion|control|skill|meaning","normal"
"L3-L3-10-032-9f77e365","L3","L3-10","兴趣花钱","为「拍照或创作」花钱时，我希望你们优先看到？","这对我情绪有帮助","我有在控制频率和金额","这是学习或技能投入","请先理解意义，再谈钱","emotion|control|skill|meaning","normal"
"L3-L3-10-037-ee2dc120","L3","L3-10","兴趣花钱","如果只能选一个更贴近的：为「播客或有声书」花钱时，我希望你们优先看到？","这对我情绪有帮助","我有在控制频率和金额","这是学习或技能投入","请先理解意义，再谈钱","emotion|control|skill|meaning","normal"
"L3-L3-10-036-4c033884","L3","L3-10","兴趣花钱","为「播客或有声书」花钱时，我希望你们优先看到？","这对我情绪有帮助","我有在控制频率和金额","这是学习或技能投入","请先理解意义，再谈钱","emotion|control|skill|meaning","normal"
"L3-L3-10-035-8362fa2b","L3","L3-10","兴趣花钱","在我们家沟通里，为「拍照或创作」花钱时，我希望你们优先看到？","这对我情绪有帮助","我有在控制频率和金额","这是学习或技能投入","请先理解意义，再谈钱","emotion|control|skill|meaning","normal"
"L3-L3-10-044-1f8991a0","L3","L3-10","兴趣花钱","为「骑行或徒步」花钱时，我希望你们优先看到？","这对我情绪有帮助","我有在控制频率和金额","这是学习或技能投入","请先理解意义，再谈钱","emotion|control|skill|meaning","normal"
"L3-L3-10-053-c4928533","L3","L3-10","兴趣花钱","如果只能选一个更贴近的：为「旅行目的地偏好」花钱时，我希望你们优先看到？","这对我情绪有帮助","我有在控制频率和金额","这是学习或技能投入","请先理解意义，再谈钱","emotion|control|skill|meaning","normal"
"L3-L3-10-052-66490a09","L3","L3-10","兴趣花钱","为「旅行目的地偏好」花钱时，我希望你们优先看到？","这对我情绪有帮助","我有在控制频率和金额","这是学习或技能投入","请先理解意义，再谈钱","emotion|control|skill|meaning","normal"
"L3-L3-10-051-3a565754","L3","L3-10","兴趣花钱","在我们家沟通里，为「二次元或圈层文化」花钱时，我希望你们优先看到？","这对我情绪有帮助","我有在控制频率和金额","这是学习或技能投入","请先理解意义，再谈钱","emotion|control|skill|meaning","normal"
"L3-L3-10-056-1fc03935","L3","L3-10","兴趣花钱","为「发色或发型变化」花钱时，我希望你们优先看到？","这对我情绪有帮助","我有在控制频率和金额","这是学习或技能投入","请先理解意义，再谈钱","emotion|control|skill|meaning","normal"
"L3-L3-10-055-47c4ec4f","L3","L3-10","兴趣花钱","在我们家沟通里，为「旅行目的地偏好」花钱时，我希望你们优先看到？","这对我情绪有帮助","我有在控制频率和金额","这是学习或技能投入","请先理解意义，再谈钱","emotion|control|skill|meaning","normal"
"L3-L3-10-054-b4bb4030","L3","L3-10","兴趣花钱","最近这段时间，为「旅行目的地偏好」花钱时，我希望你们优先看到？","这对我情绪有帮助","我有在控制频率和金额","这是学习或技能投入","请先理解意义，再谈钱","emotion|control|skill|meaning","normal"
"L3-L3-10-047-2306455a","L3","L3-10","兴趣花钱","在我们家沟通里，为「骑行或徒步」花钱时，我希望你们优先看到？","这对我情绪有帮助","我有在控制频率和金额","这是学习或技能投入","请先理解意义，再谈钱","emotion|control|skill|meaning","normal"
"L3-L3-10-046-a48bdf6b","L3","L3-10","兴趣花钱","最近这段时间，为「骑行或徒步」花钱时，我希望你们优先看到？","这对我情绪有帮助","我有在控制频率和金额","这是学习或技能投入","请先理解意义，再谈钱","emotion|control|skill|meaning","normal"
"L3-L3-10-045-0c7bacff","L3","L3-10","兴趣花钱","如果只能选一个更贴近的：为「骑行或徒步」花钱时，我希望你们优先看到？","这对我情绪有帮助","我有在控制频率和金额","这是学习或技能投入","请先理解意义，再谈钱","emotion|control|skill|meaning","normal"
"L3-L3-10-050-552d23bc","L3","L3-10","兴趣花钱","最近这段时间，为「二次元或圈层文化」花钱时，我希望你们优先看到？","这对我情绪有帮助","我有在控制频率和金额","这是学习或技能投入","请先理解意义，再谈钱","emotion|control|skill|meaning","normal"
"L3-L3-10-049-e1d2ac7f","L3","L3-10","兴趣花钱","如果只能选一个更贴近的：为「二次元或圈层文化」花钱时，我希望你们优先看到？","这对我情绪有帮助","我有在控制频率和金额","这是学习或技能投入","请先理解意义，再谈钱","emotion|control|skill|meaning","normal"
"L3-L3-10-048-ade9b1f6","L3","L3-10","兴趣花钱","为「二次元或圈层文化」花钱时，我希望你们优先看到？","这对我情绪有帮助","我有在控制频率和金额","这是学习或技能投入","请先理解意义，再谈钱","emotion|control|skill|meaning","normal"
"L3-L3-04-005-2519ae89","L3","L3-04","爱好分享","如果只能选一个更贴近的：我跟你们聊「播客或有声书」时，最希望的反应是？","表现出兴趣，哪怕不懂","别急着评价好不好","问我喜欢它哪一点","允许我自言自语式分享","interest|nonjudge|curious|share","normal"
"L3-L3-04-004-a5fc1cb9","L3","L3-04","爱好分享","我跟你们聊「播客或有声书」时，最希望的反应是？","表现出兴趣，哪怕不懂","别急着评价好不好","问我喜欢它哪一点","允许我自言自语式分享","interest|nonjudge|curious|share","normal"
"L3-L3-04-003-5c115b1f","L3","L3-04","爱好分享","在我们家沟通里，我跟你们聊「发色或发型变化」时，最希望的反应是？","表现出兴趣，哪怕不懂","别急着评价好不好","问我喜欢它哪一点","允许我自言自语式分享","interest|nonjudge|curious|share","normal"
"L3-L3-04-008-be2bee56","L3","L3-04","爱好分享","我跟你们聊「某个影视作品」时，最希望的反应是？","表现出兴趣，哪怕不懂","别急着评价好不好","问我喜欢它哪一点","允许我自言自语式分享","interest|nonjudge|curious|share","normal"
"L3-L3-04-007-1feec449","L3","L3-04","爱好分享","在我们家沟通里，我跟你们聊「播客或有声书」时，最希望的反应是？","表现出兴趣，哪怕不懂","别急着评价好不好","问我喜欢它哪一点","允许我自言自语式分享","interest|nonjudge|curious|share","normal"
"L3-L3-04-006-08a67129","L3","L3-04","爱好分享","最近这段时间，我跟你们聊「播客或有声书」时，最希望的反应是？","表现出兴趣，哪怕不懂","别急着评价好不好","问我喜欢它哪一点","允许我自言自语式分享","interest|nonjudge|curious|share","normal"
"L3-L3-03-039-553d539e","L3","L3-03","外观","在我们家沟通里，关于「穿更个性的衣服」，我更希望你们怎么看？","这是审美，不是态度问题","请先问我为什么喜欢","可以不欣赏，但请尊重","外表变化不代表人生失控","aesthetic|curious|respect|stable","sensitive"
"L3-L3-03-038-d9882b84","L3","L3-03","外观","最近这段时间，关于「穿更个性的衣服」，我更希望你们怎么看？","这是审美，不是态度问题","请先问我为什么喜欢","可以不欣赏，但请尊重","外表变化不代表人生失控","aesthetic|curious|respect|stable","sensitive"
"L3-L3-03-037-307a7146","L3","L3-03","外观","如果只能选一个更贴近的：关于「穿更个性的衣服」，我更希望你们怎么看？","这是审美，不是态度问题","请先问我为什么喜欢","可以不欣赏，但请尊重","外表变化不代表人生失控","aesthetic|curious|respect|stable","sensitive"
"L3-L3-04-002-0afc373e","L3","L3-04","爱好分享","最近这段时间，我跟你们聊「发色或发型变化」时，最希望的反应是？","表现出兴趣，哪怕不懂","别急着评价好不好","问我喜欢它哪一点","允许我自言自语式分享","interest|nonjudge|curious|share","normal"
"L3-L3-04-001-c3bb120c","L3","L3-04","爱好分享","如果只能选一个更贴近的：我跟你们聊「发色或发型变化」时，最希望的反应是？","表现出兴趣，哪怕不懂","别急着评价好不好","问我喜欢它哪一点","允许我自言自语式分享","interest|nonjudge|curious|share","normal"
"L3-L3-04-000-9c8c0734","L3","L3-04","爱好分享","我跟你们聊「发色或发型变化」时，最希望的反应是？","表现出兴趣，哪怕不懂","别急着评价好不好","问我喜欢它哪一点","允许我自言自语式分享","interest|nonjudge|curious|share","normal"
"L3-L3-04-009-d1386273","L3","L3-04","爱好分享","如果只能选一个更贴近的：我跟你们聊「某个影视作品」时，最希望的反应是？","表现出兴趣，哪怕不懂","别急着评价好不好","问我喜欢它哪一点","允许我自言自语式分享","interest|nonjudge|curious|share","normal"
"L3-L3-04-018-8b8e16d9","L3","L3-04","爱好分享","最近这段时间，我跟你们聊「宠物或云养宠」时，最希望的反应是？","表现出兴趣，哪怕不懂","别急着评价好不好","问我喜欢它哪一点","允许我自言自语式分享","interest|nonjudge|curious|share","normal"
"L3-L3-04-017-217f8a7d","L3","L3-04","爱好分享","如果只能选一个更贴近的：我跟你们聊「宠物或云养宠」时，最希望的反应是？","表现出兴趣，哪怕不懂","别急着评价好不好","问我喜欢它哪一点","允许我自言自语式分享","interest|nonjudge|curious|share","normal"
"L3-L3-04-016-16a053da","L3","L3-04","爱好分享","我跟你们聊「宠物或云养宠」时，最希望的反应是？","表现出兴趣，哪怕不懂","别急着评价好不好","问我喜欢它哪一点","允许我自言自语式分享","interest|nonjudge|curious|share","normal"
"L3-L3-04-021-ade281e0","L3","L3-04","爱好分享","如果只能选一个更贴近的：我跟你们聊「手作或收藏」时，最希望的反应是？","表现出兴趣，哪怕不懂","别急着评价好不好","问我喜欢它哪一点","允许我自言自语式分享","interest|nonjudge|curious|share","normal"
"L3-L3-04-020-766b31e7","L3","L3-04","爱好分享","我跟你们聊「手作或收藏」时，最希望的反应是？","表现出兴趣，哪怕不懂","别急着评价好不好","问我喜欢它哪一点","允许我自言自语式分享","interest|nonjudge|curious|share","normal"
"L3-L3-04-019-7983269f","L3","L3-04","爱好分享","在我们家沟通里，我跟你们聊「宠物或云养宠」时，最希望的反应是？","表现出兴趣，哪怕不懂","别急着评价好不好","问我喜欢它哪一点","允许我自言自语式分享","interest|nonjudge|curious|share","normal"
"L3-L3-04-012-a51ce758","L3","L3-04","爱好分享","我跟你们聊「二次元或圈层文化」时，最希望的反应是？","表现出兴趣，哪怕不懂","别急着评价好不好","问我喜欢它哪一点","允许我自言自语式分享","interest|nonjudge|curious|share","normal"
"L3-L3-04-011-aa934d7a","L3","L3-04","爱好分享","在我们家沟通里，我跟你们聊「某个影视作品」时，最希望的反应是？","表现出兴趣，哪怕不懂","别急着评价好不好","问我喜欢它哪一点","允许我自言自语式分享","interest|nonjudge|curious|share","normal"
"L3-L3-04-010-656c9d16","L3","L3-04","爱好分享","最近这段时间，我跟你们聊「某个影视作品」时，最希望的反应是？","表现出兴趣，哪怕不懂","别急着评价好不好","问我喜欢它哪一点","允许我自言自语式分享","interest|nonjudge|curious|share","normal"
"L3-L3-04-015-499cff6d","L3","L3-04","爱好分享","在我们家沟通里，我跟你们聊「二次元或圈层文化」时，最希望的反应是？","表现出兴趣，哪怕不懂","别急着评价好不好","问我喜欢它哪一点","允许我自言自语式分享","interest|nonjudge|curious|share","normal"
"L3-L3-04-014-5a060104","L3","L3-04","爱好分享","最近这段时间，我跟你们聊「二次元或圈层文化」时，最希望的反应是？","表现出兴趣，哪怕不懂","别急着评价好不好","问我喜欢它哪一点","允许我自言自语式分享","interest|nonjudge|curious|share","normal"
"L3-L3-04-013-ab5d8798","L3","L3-04","爱好分享","如果只能选一个更贴近的：我跟你们聊「二次元或圈层文化」时，最希望的反应是？","表现出兴趣，哪怕不懂","别急着评价好不好","问我喜欢它哪一点","允许我自言自语式分享","interest|nonjudge|curious|share","normal"
"L3-L3-03-020-e2a83f69","L3","L3-03","外观","关于「尝试中性风穿搭」，我更希望你们怎么看？","这是审美，不是态度问题","请先问我为什么喜欢","可以不欣赏，但请尊重","外表变化不代表人生失控","aesthetic|curious|respect|stable","sensitive"
"L3-L3-03-019-c4d5902d","L3","L3-03","外观","在我们家沟通里，关于「纹身或贴饰（若相关）」，我更希望你们怎么看？","这是审美，不是态度问题","请先问我为什么喜欢","可以不欣赏，但请尊重","外表变化不代表人生失控","aesthetic|curious|respect|stable","sensitive"
"L3-L3-03-018-4f5f43fc","L3","L3-03","外观","最近这段时间，关于「纹身或贴饰（若相关）」，我更希望你们怎么看？","这是审美，不是态度问题","请先问我为什么喜欢","可以不欣赏，但请尊重","外表变化不代表人生失控","aesthetic|curious|respect|stable","sensitive"
"L3-L3-03-023-169ffe2e","L3","L3-03","外观","在我们家沟通里，关于「尝试中性风穿搭」，我更希望你们怎么看？","这是审美，不是态度问题","请先问我为什么喜欢","可以不欣赏，但请尊重","外表变化不代表人生失控","aesthetic|curious|respect|stable","sensitive"
"L3-L3-03-022-eacddc56","L3","L3-03","外观","最近这段时间，关于「尝试中性风穿搭」，我更希望你们怎么看？","这是审美，不是态度问题","请先问我为什么喜欢","可以不欣赏，但请尊重","外表变化不代表人生失控","aesthetic|curious|respect|stable","sensitive"
"L3-L3-03-021-91f0188e","L3","L3-03","外观","如果只能选一个更贴近的：关于「尝试中性风穿搭」，我更希望你们怎么看？","这是审美，不是态度问题","请先问我为什么喜欢","可以不欣赏，但请尊重","外表变化不代表人生失控","aesthetic|curious|respect|stable","sensitive"
"L3-L3-03-014-9a1cb704","L3","L3-03","外观","最近这段时间，关于「美甲或造型变化」，我更希望你们怎么看？","这是审美，不是态度问题","请先问我为什么喜欢","可以不欣赏，但请尊重","外表变化不代表人生失控","aesthetic|curious|respect|stable","sensitive"
"L3-L3-03-013-1cd312ad","L3","L3-03","外观","如果只能选一个更贴近的：关于「美甲或造型变化」，我更希望你们怎么看？","这是审美，不是态度问题","请先问我为什么喜欢","可以不欣赏，但请尊重","外表变化不代表人生失控","aesthetic|curious|respect|stable","sensitive"
"L3-L3-03-012-9a32c8f9","L3","L3-03","外观","关于「美甲或造型变化」，我更希望你们怎么看？","这是审美，不是态度问题","请先问我为什么喜欢","可以不欣赏，但请尊重","外表变化不代表人生失控","aesthetic|curious|respect|stable","sensitive"
"L3-L3-03-017-f4cda5ca","L3","L3-03","外观","如果只能选一个更贴近的：关于「纹身或贴饰（若相关）」，我更希望你们怎么看？","这是审美，不是态度问题","请先问我为什么喜欢","可以不欣赏，但请尊重","外表变化不代表人生失控","aesthetic|curious|respect|stable","sensitive"
"L3-L3-03-016-9ce98b9d","L3","L3-03","外观","关于「纹身或贴饰（若相关）」，我更希望你们怎么看？","这是审美，不是态度问题","请先问我为什么喜欢","可以不欣赏，但请尊重","外表变化不代表人生失控","aesthetic|curious|respect|stable","sensitive"
"L3-L3-03-015-80228a5a","L3","L3-03","外观","在我们家沟通里，关于「美甲或造型变化」，我更希望你们怎么看？","这是审美，不是态度问题","请先问我为什么喜欢","可以不欣赏，但请尊重","外表变化不代表人生失控","aesthetic|curious|respect|stable","sensitive"
"L3-L3-03-024-f97017fc","L3","L3-03","外观","关于「打耳洞或小饰品」，我更希望你们怎么看？","这是审美，不是态度问题","请先问我为什么喜欢","可以不欣赏，但请尊重","外表变化不代表人生失控","aesthetic|curious|respect|stable","sensitive"
"L3-L3-03-033-c8d2a379","L3","L3-03","外观","如果只能选一个更贴近的：关于「染发」，我更希望你们怎么看？","这是审美，不是态度问题","请先问我为什么喜欢","可以不欣赏，但请尊重","外表变化不代表人生失控","aesthetic|curious|respect|stable","sensitive"
"L3-L3-03-032-44b82978","L3","L3-03","外观","关于「染发」，我更希望你们怎么看？","这是审美，不是态度问题","请先问我为什么喜欢","可以不欣赏，但请尊重","外表变化不代表人生失控","aesthetic|curious|respect|stable","sensitive"
"L3-L3-03-031-dfd8c7fa","L3","L3-03","外观","在我们家沟通里，关于「戴彩色美瞳」，我更希望你们怎么看？","这是审美，不是态度问题","请先问我为什么喜欢","可以不欣赏，但请尊重","外表变化不代表人生失控","aesthetic|curious|respect|stable","sensitive"
"L3-L3-03-036-e5da44c4","L3","L3-03","外观","关于「穿更个性的衣服」，我更希望你们怎么看？","这是审美，不是态度问题","请先问我为什么喜欢","可以不欣赏，但请尊重","外表变化不代表人生失控","aesthetic|curious|respect|stable","sensitive"
"L3-L3-03-035-f2a77a71","L3","L3-03","外观","在我们家沟通里，关于「染发」，我更希望你们怎么看？","这是审美，不是态度问题","请先问我为什么喜欢","可以不欣赏，但请尊重","外表变化不代表人生失控","aesthetic|curious|respect|stable","sensitive"
"L3-L3-03-034-c76824fa","L3","L3-03","外观","最近这段时间，关于「染发」，我更希望你们怎么看？","这是审美，不是态度问题","请先问我为什么喜欢","可以不欣赏，但请尊重","外表变化不代表人生失控","aesthetic|curious|respect|stable","sensitive"
"L3-L3-03-027-ebe34b03","L3","L3-03","外观","在我们家沟通里，关于「打耳洞或小饰品」，我更希望你们怎么看？","这是审美，不是态度问题","请先问我为什么喜欢","可以不欣赏，但请尊重","外表变化不代表人生失控","aesthetic|curious|respect|stable","sensitive"
"L3-L3-03-026-f29604a8","L3","L3-03","外观","最近这段时间，关于「打耳洞或小饰品」，我更希望你们怎么看？","这是审美，不是态度问题","请先问我为什么喜欢","可以不欣赏，但请尊重","外表变化不代表人生失控","aesthetic|curious|respect|stable","sensitive"
"L3-L3-03-025-e20859f3","L3","L3-03","外观","如果只能选一个更贴近的：关于「打耳洞或小饰品」，我更希望你们怎么看？","这是审美，不是态度问题","请先问我为什么喜欢","可以不欣赏，但请尊重","外表变化不代表人生失控","aesthetic|curious|respect|stable","sensitive"
"L3-L3-03-030-be690100","L3","L3-03","外观","最近这段时间，关于「戴彩色美瞳」，我更希望你们怎么看？","这是审美，不是态度问题","请先问我为什么喜欢","可以不欣赏，但请尊重","外表变化不代表人生失控","aesthetic|curious|respect|stable","sensitive"
"L3-L3-03-029-72b756dc","L3","L3-03","外观","如果只能选一个更贴近的：关于「戴彩色美瞳」，我更希望你们怎么看？","这是审美，不是态度问题","请先问我为什么喜欢","可以不欣赏，但请尊重","外表变化不代表人生失控","aesthetic|curious|respect|stable","sensitive"
"L3-L3-03-028-f25ecddd","L3","L3-03","外观","关于「戴彩色美瞳」，我更希望你们怎么看？","这是审美，不是态度问题","请先问我为什么喜欢","可以不欣赏，但请尊重","外表变化不代表人生失控","aesthetic|curious|respect|stable","sensitive"
"L3-L3-04-022-e4ab6c90","L3","L3-04","爱好分享","最近这段时间，我跟你们聊「手作或收藏」时，最希望的反应是？","表现出兴趣，哪怕不懂","别急着评价好不好","问我喜欢它哪一点","允许我自言自语式分享","interest|nonjudge|curious|share","normal"
"L3-L3-04-056-6264c250","L3","L3-04","爱好分享","我跟你们聊「数码设备折腾」时，最希望的反应是？","表现出兴趣，哪怕不懂","别急着评价好不好","问我喜欢它哪一点","允许我自言自语式分享","interest|nonjudge|curious|share","normal"
"L3-L3-04-055-d6ce729e","L3","L3-04","爱好分享","在我们家沟通里，我跟你们聊「骑行或徒步」时，最希望的反应是？","表现出兴趣，哪怕不懂","别急着评价好不好","问我喜欢它哪一点","允许我自言自语式分享","interest|nonjudge|curious|share","normal"
"L3-L3-04-054-417afa89","L3","L3-04","爱好分享","最近这段时间，我跟你们聊「骑行或徒步」时，最希望的反应是？","表现出兴趣，哪怕不懂","别急着评价好不好","问我喜欢它哪一点","允许我自言自语式分享","interest|nonjudge|curious|share","normal"
"L3-L3-04-059-96193047","L3","L3-04","爱好分享","在我们家沟通里，我跟你们聊「数码设备折腾」时，最希望的反应是？","表现出兴趣，哪怕不懂","别急着评价好不好","问我喜欢它哪一点","允许我自言自语式分享","interest|nonjudge|curious|share","normal"
"L3-L3-04-058-42c1abda","L3","L3-04","爱好分享","最近这段时间，我跟你们聊「数码设备折腾」时，最希望的反应是？","表现出兴趣，哪怕不懂","别急着评价好不好","问我喜欢它哪一点","允许我自言自语式分享","interest|nonjudge|curious|share","normal"
"L3-L3-04-057-c4b888db","L3","L3-04","爱好分享","如果只能选一个更贴近的：我跟你们聊「数码设备折腾」时，最希望的反应是？","表现出兴趣，哪怕不懂","别急着评价好不好","问我喜欢它哪一点","允许我自言自语式分享","interest|nonjudge|curious|share","normal"
"L3-L3-04-050-88f58681","L3","L3-04","爱好分享","最近这段时间，我跟你们聊「小众爱好」时，最希望的反应是？","表现出兴趣，哪怕不懂","别急着评价好不好","问我喜欢它哪一点","允许我自言自语式分享","interest|nonjudge|curious|share","normal"
"L3-L3-04-049-6151829b","L3","L3-04","爱好分享","如果只能选一个更贴近的：我跟你们聊「小众爱好」时，最希望的反应是？","表现出兴趣，哪怕不懂","别急着评价好不好","问我喜欢它哪一点","允许我自言自语式分享","interest|nonjudge|curious|share","normal"
"L3-L3-04-048-f76076a2","L3","L3-04","爱好分享","我跟你们聊「小众爱好」时，最希望的反应是？","表现出兴趣，哪怕不懂","别急着评价好不好","问我喜欢它哪一点","允许我自言自语式分享","interest|nonjudge|curious|share","normal"
"L3-L3-04-053-517ab36b","L3","L3-04","爱好分享","如果只能选一个更贴近的：我跟你们聊「骑行或徒步」时，最希望的反应是？","表现出兴趣，哪怕不懂","别急着评价好不好","问我喜欢它哪一点","允许我自言自语式分享","interest|nonjudge|curious|share","normal"
"L3-L3-04-052-4bfc09f6","L3","L3-04","爱好分享","我跟你们聊「骑行或徒步」时，最希望的反应是？","表现出兴趣，哪怕不懂","别急着评价好不好","问我喜欢它哪一点","允许我自言自语式分享","interest|nonjudge|curious|share","normal"
"L3-L3-04-051-68c55d31","L3","L3-04","爱好分享","在我们家沟通里，我跟你们聊「小众爱好」时，最希望的反应是？","表现出兴趣，哪怕不懂","别急着评价好不好","问我喜欢它哪一点","允许我自言自语式分享","interest|nonjudge|curious|share","normal"
"L3-L3-04-060-f7a31961","L3","L3-04","爱好分享","我跟你们聊「旅行目的地偏好」时，最希望的反应是？","表现出兴趣，哪怕不懂","别急着评价好不好","问我喜欢它哪一点","允许我自言自语式分享","interest|nonjudge|curious|share","normal"
"L3-L3-04-069-16ad4411","L3","L3-04","爱好分享","如果只能选一个更贴近的：我跟你们聊「某种穿搭风格」时，最希望的反应是？","表现出兴趣，哪怕不懂","别急着评价好不好","问我喜欢它哪一点","允许我自言自语式分享","interest|nonjudge|curious|share","normal"
"L3-L3-04-068-088899b2","L3","L3-04","爱好分享","我跟你们聊「某种穿搭风格」时，最希望的反应是？","表现出兴趣，哪怕不懂","别急着评价好不好","问我喜欢它哪一点","允许我自言自语式分享","interest|nonjudge|curious|share","normal"
"L3-L3-04-067-7fd57446","L3","L3-04","爱好分享","在我们家沟通里，我跟你们聊「美妆或护肤研究」时，最希望的反应是？","表现出兴趣，哪怕不懂","别急着评价好不好","问我喜欢它哪一点","允许我自言自语式分享","interest|nonjudge|curious|share","normal"
"L3-L3-05-000-22a4a02c","L3","L3-05","穿搭","我坚持某种穿搭风格，对你们而言最该理解的一点是？","这让我更像自己","舒适和表达可以并存","不是为了引起争论","场合我会自己把握分寸","identity|comfort|not_fight|context","sensitive"
"L3-L3-04-071-01c301ae","L3","L3-04","爱好分享","在我们家沟通里，我跟你们聊「某种穿搭风格」时，最希望的反应是？","表现出兴趣，哪怕不懂","别急着评价好不好","问我喜欢它哪一点","允许我自言自语式分享","interest|nonjudge|curious|share","normal"
"L3-L3-04-070-31d379c0","L3","L3-04","爱好分享","最近这段时间，我跟你们聊「某种穿搭风格」时，最希望的反应是？","表现出兴趣，哪怕不懂","别急着评价好不好","问我喜欢它哪一点","允许我自言自语式分享","interest|nonjudge|curious|share","normal"
"L3-L3-04-063-ad519c2c","L3","L3-04","爱好分享","在我们家沟通里，我跟你们聊「旅行目的地偏好」时，最希望的反应是？","表现出兴趣，哪怕不懂","别急着评价好不好","问我喜欢它哪一点","允许我自言自语式分享","interest|nonjudge|curious|share","normal"
"L3-L3-04-062-c6988336","L3","L3-04","爱好分享","最近这段时间，我跟你们聊「旅行目的地偏好」时，最希望的反应是？","表现出兴趣，哪怕不懂","别急着评价好不好","问我喜欢它哪一点","允许我自言自语式分享","interest|nonjudge|curious|share","normal"
"L3-L3-04-061-9b7ab89b","L3","L3-04","爱好分享","如果只能选一个更贴近的：我跟你们聊「旅行目的地偏好」时，最希望的反应是？","表现出兴趣，哪怕不懂","别急着评价好不好","问我喜欢它哪一点","允许我自言自语式分享","interest|nonjudge|curious|share","normal"
"L3-L3-04-066-583e52d1","L3","L3-04","爱好分享","最近这段时间，我跟你们聊「美妆或护肤研究」时，最希望的反应是？","表现出兴趣，哪怕不懂","别急着评价好不好","问我喜欢它哪一点","允许我自言自语式分享","interest|nonjudge|curious|share","normal"
"L3-L3-04-065-70450903","L3","L3-04","爱好分享","如果只能选一个更贴近的：我跟你们聊「美妆或护肤研究」时，最希望的反应是？","表现出兴趣，哪怕不懂","别急着评价好不好","问我喜欢它哪一点","允许我自言自语式分享","interest|nonjudge|curious|share","normal"
"L3-L3-04-064-5609ddb5","L3","L3-04","爱好分享","我跟你们聊「美妆或护肤研究」时，最希望的反应是？","表现出兴趣，哪怕不懂","别急着评价好不好","问我喜欢它哪一点","允许我自言自语式分享","interest|nonjudge|curious|share","normal"
"L3-L3-04-031-6e47d806","L3","L3-04","爱好分享","在我们家沟通里，我跟你们聊「一项运动」时，最希望的反应是？","表现出兴趣，哪怕不懂","别急着评价好不好","问我喜欢它哪一点","允许我自言自语式分享","interest|nonjudge|curious|share","normal"
"L3-L3-04-030-6052a1ab","L3","L3-04","爱好分享","最近这段时间，我跟你们聊「一项运动」时，最希望的反应是？","表现出兴趣，哪怕不懂","别急着评价好不好","问我喜欢它哪一点","允许我自言自语式分享","interest|nonjudge|curious|share","normal"
"L3-L3-04-029-f748d264","L3","L3-04","爱好分享","如果只能选一个更贴近的：我跟你们聊「一项运动」时，最希望的反应是？","表现出兴趣，哪怕不懂","别急着评价好不好","问我喜欢它哪一点","允许我自言自语式分享","interest|nonjudge|curious|share","normal"
"L3-L3-04-034-5cd7cd72","L3","L3-04","爱好分享","最近这段时间，我跟你们聊「一类音乐」时，最希望的反应是？","表现出兴趣，哪怕不懂","别急着评价好不好","问我喜欢它哪一点","允许我自言自语式分享","interest|nonjudge|curious|share","normal"
"L3-L3-04-033-02ec0e41","L3","L3-04","爱好分享","如果只能选一个更贴近的：我跟你们聊「一类音乐」时，最希望的反应是？","表现出兴趣，哪怕不懂","别急着评价好不好","问我喜欢它哪一点","允许我自言自语式分享","interest|nonjudge|curious|share","normal"
"L3-L3-04-032-b6a5efcc","L3","L3-04","爱好分享","我跟你们聊「一类音乐」时，最希望的反应是？","表现出兴趣，哪怕不懂","别急着评价好不好","问我喜欢它哪一点","允许我自言自语式分享","interest|nonjudge|curious|share","normal"
"L3-L3-04-025-bd8f32fd","L3","L3-04","爱好分享","如果只能选一个更贴近的：我跟你们聊「拍照或创作」时，最希望的反应是？","表现出兴趣，哪怕不懂","别急着评价好不好","问我喜欢它哪一点","允许我自言自语式分享","interest|nonjudge|curious|share","normal"
"L3-L3-04-024-29ac84a5","L3","L3-04","爱好分享","我跟你们聊「拍照或创作」时，最希望的反应是？","表现出兴趣，哪怕不懂","别急着评价好不好","问我喜欢它哪一点","允许我自言自语式分享","interest|nonjudge|curious|share","normal"
"L3-L3-04-023-85a989de","L3","L3-04","爱好分享","在我们家沟通里，我跟你们聊「手作或收藏」时，最希望的反应是？","表现出兴趣，哪怕不懂","别急着评价好不好","问我喜欢它哪一点","允许我自言自语式分享","interest|nonjudge|curious|share","normal"
"L3-L3-04-028-5e283cdb","L3","L3-04","爱好分享","我跟你们聊「一项运动」时，最希望的反应是？","表现出兴趣，哪怕不懂","别急着评价好不好","问我喜欢它哪一点","允许我自言自语式分享","interest|nonjudge|curious|share","normal"
"L3-L3-04-027-fb6cdf79","L3","L3-04","爱好分享","在我们家沟通里，我跟你们聊「拍照或创作」时，最希望的反应是？","表现出兴趣，哪怕不懂","别急着评价好不好","问我喜欢它哪一点","允许我自言自语式分享","interest|nonjudge|curious|share","normal"
"L3-L3-04-026-721be168","L3","L3-04","爱好分享","最近这段时间，我跟你们聊「拍照或创作」时，最希望的反应是？","表现出兴趣，哪怕不懂","别急着评价好不好","问我喜欢它哪一点","允许我自言自语式分享","interest|nonjudge|curious|share","normal"
"L3-L3-04-035-482dbb09","L3","L3-04","爱好分享","在我们家沟通里，我跟你们聊「一类音乐」时，最希望的反应是？","表现出兴趣，哪怕不懂","别急着评价好不好","问我喜欢它哪一点","允许我自言自语式分享","interest|nonjudge|curious|share","normal"
"L3-L3-04-044-391fa930","L3","L3-04","爱好分享","我跟你们聊「美食探店」时，最希望的反应是？","表现出兴趣，哪怕不懂","别急着评价好不好","问我喜欢它哪一点","允许我自言自语式分享","interest|nonjudge|curious|share","normal"
"L3-L3-04-043-f646f1a3","L3","L3-04","爱好分享","在我们家沟通里，我跟你们聊「展览或演出」时，最希望的反应是？","表现出兴趣，哪怕不懂","别急着评价好不好","问我喜欢它哪一点","允许我自言自语式分享","interest|nonjudge|curious|share","normal"
"L3-L3-04-042-08cc5976","L3","L3-04","爱好分享","最近这段时间，我跟你们聊「展览或演出」时，最希望的反应是？","表现出兴趣，哪怕不懂","别急着评价好不好","问我喜欢它哪一点","允许我自言自语式分享","interest|nonjudge|curious|share","normal"
"L3-L3-04-047-2d068dbc","L3","L3-04","爱好分享","在我们家沟通里，我跟你们聊「美食探店」时，最希望的反应是？","表现出兴趣，哪怕不懂","别急着评价好不好","问我喜欢它哪一点","允许我自言自语式分享","interest|nonjudge|curious|share","normal"
"L3-L3-04-046-0c37935d","L3","L3-04","爱好分享","最近这段时间，我跟你们聊「美食探店」时，最希望的反应是？","表现出兴趣，哪怕不懂","别急着评价好不好","问我喜欢它哪一点","允许我自言自语式分享","interest|nonjudge|curious|share","normal"
"L3-L3-04-045-380b3585","L3","L3-04","爱好分享","如果只能选一个更贴近的：我跟你们聊「美食探店」时，最希望的反应是？","表现出兴趣，哪怕不懂","别急着评价好不好","问我喜欢它哪一点","允许我自言自语式分享","interest|nonjudge|curious|share","normal"
"L3-L3-04-038-2604a318","L3","L3-04","爱好分享","最近这段时间，我跟你们聊「一种游戏或追番」时，最希望的反应是？","表现出兴趣，哪怕不懂","别急着评价好不好","问我喜欢它哪一点","允许我自言自语式分享","interest|nonjudge|curious|share","normal"
"L3-L3-04-037-ee078e95","L3","L3-04","爱好分享","如果只能选一个更贴近的：我跟你们聊「一种游戏或追番」时，最希望的反应是？","表现出兴趣，哪怕不懂","别急着评价好不好","问我喜欢它哪一点","允许我自言自语式分享","interest|nonjudge|curious|share","normal"
"L3-L3-04-036-71b0a653","L3","L3-04","爱好分享","我跟你们聊「一种游戏或追番」时，最希望的反应是？","表现出兴趣，哪怕不懂","别急着评价好不好","问我喜欢它哪一点","允许我自言自语式分享","interest|nonjudge|curious|share","normal"
"L3-L3-04-041-02999ab5","L3","L3-04","爱好分享","如果只能选一个更贴近的：我跟你们聊「展览或演出」时，最希望的反应是？","表现出兴趣，哪怕不懂","别急着评价好不好","问我喜欢它哪一点","允许我自言自语式分享","interest|nonjudge|curious|share","normal"
"L3-L3-04-040-624866cb","L3","L3-04","爱好分享","我跟你们聊「展览或演出」时，最希望的反应是？","表现出兴趣，哪怕不懂","别急着评价好不好","问我喜欢它哪一点","允许我自言自语式分享","interest|nonjudge|curious|share","normal"
"L3-L3-04-039-124435d7","L3","L3-04","爱好分享","在我们家沟通里，我跟你们聊「一种游戏或追番」时，最希望的反应是？","表现出兴趣，哪怕不懂","别急着评价好不好","问我喜欢它哪一点","允许我自言自语式分享","interest|nonjudge|curious|share","normal"
"L3-L3-17-016-a08d8f09","L3","L3-17","分享照片","我发「数码设备折腾」相关照片到家庭动态，更想得到？","一句「好看/有意思」","真诚的小问题","表情就够，不必长评","别引申到人生规划","ack|ask|emoji|no_lecture","normal"
"L3-L3-17-015-d057ea79","L3","L3-17","分享照片","在我们家沟通里，我发「播客或有声书」相关照片到家庭动态，更想得到？","一句「好看/有意思」","真诚的小问题","表情就够，不必长评","别引申到人生规划","ack|ask|emoji|no_lecture","normal"
"L3-L3-17-014-7222de4f","L3","L3-17","分享照片","最近这段时间，我发「播客或有声书」相关照片到家庭动态，更想得到？","一句「好看/有意思」","真诚的小问题","表情就够，不必长评","别引申到人生规划","ack|ask|emoji|no_lecture","normal"
"L3-L3-17-019-0eaaf57d","L3","L3-17","分享照片","在我们家沟通里，我发「数码设备折腾」相关照片到家庭动态，更想得到？","一句「好看/有意思」","真诚的小问题","表情就够，不必长评","别引申到人生规划","ack|ask|emoji|no_lecture","normal"
"L3-L3-17-018-020dd772","L3","L3-17","分享照片","最近这段时间，我发「数码设备折腾」相关照片到家庭动态，更想得到？","一句「好看/有意思」","真诚的小问题","表情就够，不必长评","别引申到人生规划","ack|ask|emoji|no_lecture","normal"
"L3-L3-17-017-7781d7c3","L3","L3-17","分享照片","如果只能选一个更贴近的：我发「数码设备折腾」相关照片到家庭动态，更想得到？","一句「好看/有意思」","真诚的小问题","表情就够，不必长评","别引申到人生规划","ack|ask|emoji|no_lecture","normal"
"L3-L3-17-010-632468c2","L3","L3-17","分享照片","最近这段时间，我发「拍照或创作」相关照片到家庭动态，更想得到？","一句「好看/有意思」","真诚的小问题","表情就够，不必长评","别引申到人生规划","ack|ask|emoji|no_lecture","normal"
"L3-L3-17-009-00474155","L3","L3-17","分享照片","如果只能选一个更贴近的：我发「拍照或创作」相关照片到家庭动态，更想得到？","一句「好看/有意思」","真诚的小问题","表情就够，不必长评","别引申到人生规划","ack|ask|emoji|no_lecture","normal"
"L3-L3-17-008-c2090887","L3","L3-17","分享照片","我发「拍照或创作」相关照片到家庭动态，更想得到？","一句「好看/有意思」","真诚的小问题","表情就够，不必长评","别引申到人生规划","ack|ask|emoji|no_lecture","normal"
"L3-L3-17-013-f9a52a13","L3","L3-17","分享照片","如果只能选一个更贴近的：我发「播客或有声书」相关照片到家庭动态，更想得到？","一句「好看/有意思」","真诚的小问题","表情就够，不必长评","别引申到人生规划","ack|ask|emoji|no_lecture","normal"
"L3-L3-17-012-8d769dd6","L3","L3-17","分享照片","我发「播客或有声书」相关照片到家庭动态，更想得到？","一句「好看/有意思」","真诚的小问题","表情就够，不必长评","别引申到人生规划","ack|ask|emoji|no_lecture","normal"
"L3-L3-17-011-f0f37425","L3","L3-17","分享照片","在我们家沟通里，我发「拍照或创作」相关照片到家庭动态，更想得到？","一句「好看/有意思」","真诚的小问题","表情就够，不必长评","别引申到人生规划","ack|ask|emoji|no_lecture","normal"
"L3-L3-17-020-4b74b498","L3","L3-17","分享照片","我发「展览或演出」相关照片到家庭动态，更想得到？","一句「好看/有意思」","真诚的小问题","表情就够，不必长评","别引申到人生规划","ack|ask|emoji|no_lecture","normal"
"L3-L3-17-029-c3e0f34a","L3","L3-17","分享照片","如果只能选一个更贴近的：我发「二次元或圈层文化」相关照片到家庭动态，更想得到？","一句「好看/有意思」","真诚的小问题","表情就够，不必长评","别引申到人生规划","ack|ask|emoji|no_lecture","normal"
"L3-L3-17-028-c7332dce","L3","L3-17","分享照片","我发「二次元或圈层文化」相关照片到家庭动态，更想得到？","一句「好看/有意思」","真诚的小问题","表情就够，不必长评","别引申到人生规划","ack|ask|emoji|no_lecture","normal"
"L3-L3-17-027-330510dc","L3","L3-17","分享照片","在我们家沟通里，我发「一种游戏或追番」相关照片到家庭动态，更想得到？","一句「好看/有意思」","真诚的小问题","表情就够，不必长评","别引申到人生规划","ack|ask|emoji|no_lecture","normal"
"L3-L3-17-032-baf12e74","L3","L3-17","分享照片","我发「美食探店」相关照片到家庭动态，更想得到？","一句「好看/有意思」","真诚的小问题","表情就够，不必长评","别引申到人生规划","ack|ask|emoji|no_lecture","normal"
"L3-L3-17-031-ee156ab5","L3","L3-17","分享照片","在我们家沟通里，我发「二次元或圈层文化」相关照片到家庭动态，更想得到？","一句「好看/有意思」","真诚的小问题","表情就够，不必长评","别引申到人生规划","ack|ask|emoji|no_lecture","normal"
"L3-L3-17-030-ac36e03d","L3","L3-17","分享照片","最近这段时间，我发「二次元或圈层文化」相关照片到家庭动态，更想得到？","一句「好看/有意思」","真诚的小问题","表情就够，不必长评","别引申到人生规划","ack|ask|emoji|no_lecture","normal"
"L3-L3-17-023-4470718a","L3","L3-17","分享照片","在我们家沟通里，我发「展览或演出」相关照片到家庭动态，更想得到？","一句「好看/有意思」","真诚的小问题","表情就够，不必长评","别引申到人生规划","ack|ask|emoji|no_lecture","normal"
"L3-L3-17-022-1cdb211e","L3","L3-17","分享照片","最近这段时间，我发「展览或演出」相关照片到家庭动态，更想得到？","一句「好看/有意思」","真诚的小问题","表情就够，不必长评","别引申到人生规划","ack|ask|emoji|no_lecture","normal"
"L3-L3-17-021-6decf624","L3","L3-17","分享照片","如果只能选一个更贴近的：我发「展览或演出」相关照片到家庭动态，更想得到？","一句「好看/有意思」","真诚的小问题","表情就够，不必长评","别引申到人生规划","ack|ask|emoji|no_lecture","normal"
"L3-L3-17-026-6c71a084","L3","L3-17","分享照片","最近这段时间，我发「一种游戏或追番」相关照片到家庭动态，更想得到？","一句「好看/有意思」","真诚的小问题","表情就够，不必长评","别引申到人生规划","ack|ask|emoji|no_lecture","normal"
"L3-L3-17-025-bff26f94","L3","L3-17","分享照片","如果只能选一个更贴近的：我发「一种游戏或追番」相关照片到家庭动态，更想得到？","一句「好看/有意思」","真诚的小问题","表情就够，不必长评","别引申到人生规划","ack|ask|emoji|no_lecture","normal"
"L3-L3-17-024-28bb1477","L3","L3-17","分享照片","我发「一种游戏或追番」相关照片到家庭动态，更想得到？","一句「好看/有意思」","真诚的小问题","表情就够，不必长评","别引申到人生规划","ack|ask|emoji|no_lecture","normal"
"L3-L3-14-003-01731324","L3","L3-14","运动爱好","在我们家沟通里，一项运动成为我的爱好时，我希望你们？","关心安全，但别吓退我","为我的坚持点赞","理解这是我的社交圈","别把它变成考核指标","safe_soft|cheer|social|nonjudge","normal"
"L3-L3-14-002-97fd593c","L3","L3-14","运动爱好","最近这段时间，一项运动成为我的爱好时，我希望你们？","关心安全，但别吓退我","为我的坚持点赞","理解这是我的社交圈","别把它变成考核指标","safe_soft|cheer|social|nonjudge","normal"
"L3-L3-14-001-d8827e57","L3","L3-14","运动爱好","如果只能选一个更贴近的：一项运动成为我的爱好时，我希望你们？","关心安全，但别吓退我","为我的坚持点赞","理解这是我的社交圈","别把它变成考核指标","safe_soft|cheer|social|nonjudge","normal"
"L3-L3-15-002-b04a42ee","L3","L3-15","小众爱好","最近这段时间，我的爱好比较小众时，最怕你们？","笑话或觉得幼稚","追问有没有前途","要求我改成「正经爱好」","对外乱讲让我尴尬","mock|future|replace|privacy","normal"
"L3-L3-15-001-0f1b717b","L3","L3-15","小众爱好","如果只能选一个更贴近的：我的爱好比较小众时，最怕你们？","笑话或觉得幼稚","追问有没有前途","要求我改成「正经爱好」","对外乱讲让我尴尬","mock|future|replace|privacy","normal"
"L3-L3-15-000-b445703e","L3","L3-15","小众爱好","我的爱好比较小众时，最怕你们？","笑话或觉得幼稚","追问有没有前途","要求我改成「正经爱好」","对外乱讲让我尴尬","mock|future|replace|privacy","normal"
"L3-L3-13-001-102c149c","L3","L3-13","美食","如果只能选一个更贴近的：我对探店或美食的热情，更像是？","生活仪式感","和朋友连结的方式","对自己的犒劳","城市探索的一部分","ritual|social|reward|explore","normal"
"L3-L3-13-000-6b371483","L3","L3-13","美食","我对探店或美食的热情，更像是？","生活仪式感","和朋友连结的方式","对自己的犒劳","城市探索的一部分","ritual|social|reward|explore","normal"
"L3-L3-12-071-8f0ff288","L3","L3-12","兴趣边界","在我们家沟通里，关于「一种游戏或追番」，我划定的边界更接近？","可以问，但别否定","我分享时再讨论","这是我的私人领域","欢迎一起体验一次","ask_ok|when_share|private|invite","normal"
"L3-L3-14-000-e31982d9","L3","L3-14","运动爱好","一项运动成为我的爱好时，我希望你们？","关心安全，但别吓退我","为我的坚持点赞","理解这是我的社交圈","别把它变成考核指标","safe_soft|cheer|social|nonjudge","normal"
"L3-L3-13-003-fa0f75f7","L3","L3-13","美食","在我们家沟通里，我对探店或美食的热情，更像是？","生活仪式感","和朋友连结的方式","对自己的犒劳","城市探索的一部分","ritual|social|reward|explore","normal"
"L3-L3-13-002-5912d6df","L3","L3-13","美食","最近这段时间，我对探店或美食的热情，更像是？","生活仪式感","和朋友连结的方式","对自己的犒劳","城市探索的一部分","ritual|social|reward|explore","normal"
"L3-L3-15-003-176ebe67","L3","L3-15","小众爱好","在我们家沟通里，我的爱好比较小众时，最怕你们？","笑话或觉得幼稚","追问有没有前途","要求我改成「正经爱好」","对外乱讲让我尴尬","mock|future|replace|privacy","normal"
"L3-L3-17-004-3eeefb1f","L3","L3-17","分享照片","我发「一项运动」相关照片到家庭动态，更想得到？","一句「好看/有意思」","真诚的小问题","表情就够，不必长评","别引申到人生规划","ack|ask|emoji|no_lecture","normal"
"L3-L3-17-003-c7de36f4","L3","L3-17","分享照片","在我们家沟通里，我发「旅行目的地偏好」相关照片到家庭动态，更想得到？","一句「好看/有意思」","真诚的小问题","表情就够，不必长评","别引申到人生规划","ack|ask|emoji|no_lecture","normal"
"L3-L3-17-002-17bad496","L3","L3-17","分享照片","最近这段时间，我发「旅行目的地偏好」相关照片到家庭动态，更想得到？","一句「好看/有意思」","真诚的小问题","表情就够，不必长评","别引申到人生规划","ack|ask|emoji|no_lecture","normal"
"L3-L3-17-007-5c500a7f","L3","L3-17","分享照片","在我们家沟通里，我发「一项运动」相关照片到家庭动态，更想得到？","一句「好看/有意思」","真诚的小问题","表情就够，不必长评","别引申到人生规划","ack|ask|emoji|no_lecture","normal"
"L3-L3-17-006-03966da8","L3","L3-17","分享照片","最近这段时间，我发「一项运动」相关照片到家庭动态，更想得到？","一句「好看/有意思」","真诚的小问题","表情就够，不必长评","别引申到人生规划","ack|ask|emoji|no_lecture","normal"
"L3-L3-17-005-2e13eb28","L3","L3-17","分享照片","如果只能选一个更贴近的：我发「一项运动」相关照片到家庭动态，更想得到？","一句「好看/有意思」","真诚的小问题","表情就够，不必长评","别引申到人生规划","ack|ask|emoji|no_lecture","normal"
"L3-L3-16-002-6b2b9765","L3","L3-16","兴趣与工作","最近这段时间，兴趣占用我下班时间时，我希望被理解成？","恢复精力的必要投入","生活不只工作","我在建立自己的世界","有安排，不是无规划浪费","recover|life|world|planned","normal"
"L3-L3-16-001-efc45d9a","L3","L3-16","兴趣与工作","如果只能选一个更贴近的：兴趣占用我下班时间时，我希望被理解成？","恢复精力的必要投入","生活不只工作","我在建立自己的世界","有安排，不是无规划浪费","recover|life|world|planned","normal"
"L3-L3-16-000-144139a0","L3","L3-16","兴趣与工作","兴趣占用我下班时间时，我希望被理解成？","恢复精力的必要投入","生活不只工作","我在建立自己的世界","有安排，不是无规划浪费","recover|life|world|planned","normal"
"L3-L3-17-001-dca60c84","L3","L3-17","分享照片","如果只能选一个更贴近的：我发「旅行目的地偏好」相关照片到家庭动态，更想得到？","一句「好看/有意思」","真诚的小问题","表情就够，不必长评","别引申到人生规划","ack|ask|emoji|no_lecture","normal"
"L3-L3-17-000-835506d3","L3","L3-17","分享照片","我发「旅行目的地偏好」相关照片到家庭动态，更想得到？","一句「好看/有意思」","真诚的小问题","表情就够，不必长评","别引申到人生规划","ack|ask|emoji|no_lecture","normal"
"L3-L3-16-003-f755d930","L3","L3-16","兴趣与工作","在我们家沟通里，兴趣占用我下班时间时，我希望被理解成？","恢复精力的必要投入","生活不只工作","我在建立自己的世界","有安排，不是无规划浪费","recover|life|world|planned","normal"
"L3-L3-17-033-9536c155","L3","L3-17","分享照片","如果只能选一个更贴近的：我发「美食探店」相关照片到家庭动态，更想得到？","一句「好看/有意思」","真诚的小问题","表情就够，不必长评","别引申到人生规划","ack|ask|emoji|no_lecture","normal"
"L3-L3-17-067-b6998402","L3","L3-17","分享照片","在我们家沟通里，我发「某个影视作品」相关照片到家庭动态，更想得到？","一句「好看/有意思」","真诚的小问题","表情就够，不必长评","别引申到人生规划","ack|ask|emoji|no_lecture","normal"
"L3-L3-17-066-9662c480","L3","L3-17","分享照片","最近这段时间，我发「某个影视作品」相关照片到家庭动态，更想得到？","一句「好看/有意思」","真诚的小问题","表情就够，不必长评","别引申到人生规划","ack|ask|emoji|no_lecture","normal"
"L3-L3-17-065-2baea83a","L3","L3-17","分享照片","如果只能选一个更贴近的：我发「某个影视作品」相关照片到家庭动态，更想得到？","一句「好看/有意思」","真诚的小问题","表情就够，不必长评","别引申到人生规划","ack|ask|emoji|no_lecture","normal"
"L3-L3-17-070-09c12a17","L3","L3-17","分享照片","最近这段时间，我发「宠物或云养宠」相关照片到家庭动态，更想得到？","一句「好看/有意思」","真诚的小问题","表情就够，不必长评","别引申到人生规划","ack|ask|emoji|no_lecture","normal"
"L3-L3-17-069-40072af8","L3","L3-17","分享照片","如果只能选一个更贴近的：我发「宠物或云养宠」相关照片到家庭动态，更想得到？","一句「好看/有意思」","真诚的小问题","表情就够，不必长评","别引申到人生规划","ack|ask|emoji|no_lecture","normal"
"L3-L3-17-068-48832718","L3","L3-17","分享照片","我发「宠物或云养宠」相关照片到家庭动态，更想得到？","一句「好看/有意思」","真诚的小问题","表情就够，不必长评","别引申到人生规划","ack|ask|emoji|no_lecture","normal"
"L3-L3-17-061-d33f8e66","L3","L3-17","分享照片","如果只能选一个更贴近的：我发「某种穿搭风格」相关照片到家庭动态，更想得到？","一句「好看/有意思」","真诚的小问题","表情就够，不必长评","别引申到人生规划","ack|ask|emoji|no_lecture","normal"
"L3-L3-17-060-16d48a8d","L3","L3-17","分享照片","我发「某种穿搭风格」相关照片到家庭动态，更想得到？","一句「好看/有意思」","真诚的小问题","表情就够，不必长评","别引申到人生规划","ack|ask|emoji|no_lecture","normal"
"L3-L3-17-059-10add746","L3","L3-17","分享照片","在我们家沟通里，我发「发色或发型变化」相关照片到家庭动态，更想得到？","一句「好看/有意思」","真诚的小问题","表情就够，不必长评","别引申到人生规划","ack|ask|emoji|no_lecture","normal"
"L3-L3-17-064-bca30973","L3","L3-17","分享照片","我发「某个影视作品」相关照片到家庭动态，更想得到？","一句「好看/有意思」","真诚的小问题","表情就够，不必长评","别引申到人生规划","ack|ask|emoji|no_lecture","normal"
"L3-L3-17-063-8674dad2","L3","L3-17","分享照片","在我们家沟通里，我发「某种穿搭风格」相关照片到家庭动态，更想得到？","一句「好看/有意思」","真诚的小问题","表情就够，不必长评","别引申到人生规划","ack|ask|emoji|no_lecture","normal"
"L3-L3-17-062-b0c7f7f4","L3","L3-17","分享照片","最近这段时间，我发「某种穿搭风格」相关照片到家庭动态，更想得到？","一句「好看/有意思」","真诚的小问题","表情就够，不必长评","别引申到人生规划","ack|ask|emoji|no_lecture","normal"
"L3-L3-17-071-cae7acd1","L3","L3-17","分享照片","在我们家沟通里，我发「宠物或云养宠」相关照片到家庭动态，更想得到？","一句「好看/有意思」","真诚的小问题","表情就够，不必长评","别引申到人生规划","ack|ask|emoji|no_lecture","normal"
"L3-L3-20-000-5250d7f6","L3","L3-20","兴趣总览","总体而言，兴趣在我生活里的位置是？","让我保持活力的来源","身份表达的一部分","压力的减压阀","和重要的人连结的桥梁","vital|identity|valve|bond","normal"
"L3-L3-19-003-41924d0d","L3","L3-19","兴趣暂停","在我们家沟通里，我暂时放下某个爱好时，希望你们？","别解读成半途而废","允许兴趣有季节性","关心我是否太累","等我自己想捡起来","phase|season|care|wait","normal"
"L3-L3-19-002-c42b04e0","L3","L3-19","兴趣暂停","最近这段时间，我暂时放下某个爱好时，希望你们？","别解读成半途而废","允许兴趣有季节性","关心我是否太累","等我自己想捡起来","phase|season|care|wait","normal"
"L3-L3-20-003-e611eada","L3","L3-20","兴趣总览","在我们家沟通里，总体而言，兴趣在我生活里的位置是？","让我保持活力的来源","身份表达的一部分","压力的减压阀","和重要的人连结的桥梁","vital|identity|valve|bond","normal"
"L3-L3-20-002-87d23b36","L3","L3-20","兴趣总览","最近这段时间，总体而言，兴趣在我生活里的位置是？","让我保持活力的来源","身份表达的一部分","压力的减压阀","和重要的人连结的桥梁","vital|identity|valve|bond","normal"
"L3-L3-20-001-8c4c97a9","L3","L3-20","兴趣总览","如果只能选一个更贴近的：总体而言，兴趣在我生活里的位置是？","让我保持活力的来源","身份表达的一部分","压力的减压阀","和重要的人连结的桥梁","vital|identity|valve|bond","normal"
"L3-L3-18-002-f0efdfdf","L3","L3-18","审美分歧","最近这段时间，我们审美不一致时，我更能接受的说法是？","「我不懂，但尊重你」","「你开心就好」","「能说说你喜欢什么吗」","「我怕别人闲话，但我先听你」","respect|joy|curious|honest_worry","sensitive"
"L3-L3-18-001-2c9172f2","L3","L3-18","审美分歧","如果只能选一个更贴近的：我们审美不一致时，我更能接受的说法是？","「我不懂，但尊重你」","「你开心就好」","「能说说你喜欢什么吗」","「我怕别人闲话，但我先听你」","respect|joy|curious|honest_worry","sensitive"
"L3-L3-18-000-780c8d41","L3","L3-18","审美分歧","我们审美不一致时，我更能接受的说法是？","「我不懂，但尊重你」","「你开心就好」","「能说说你喜欢什么吗」","「我怕别人闲话，但我先听你」","respect|joy|curious|honest_worry","sensitive"
"L3-L3-19-001-2ef583e6","L3","L3-19","兴趣暂停","如果只能选一个更贴近的：我暂时放下某个爱好时，希望你们？","别解读成半途而废","允许兴趣有季节性","关心我是否太累","等我自己想捡起来","phase|season|care|wait","normal"
"L3-L3-19-000-ebf4f25f","L3","L3-19","兴趣暂停","我暂时放下某个爱好时，希望你们？","别解读成半途而废","允许兴趣有季节性","关心我是否太累","等我自己想捡起来","phase|season|care|wait","normal"
"L3-L3-18-003-cf9afbde","L3","L3-18","审美分歧","在我们家沟通里，我们审美不一致时，我更能接受的说法是？","「我不懂，但尊重你」","「你开心就好」","「能说说你喜欢什么吗」","「我怕别人闲话，但我先听你」","respect|joy|curious|honest_worry","sensitive"
"L3-L3-17-042-b3720f61","L3","L3-17","分享照片","最近这段时间，我发「骑行或徒步」相关照片到家庭动态，更想得到？","一句「好看/有意思」","真诚的小问题","表情就够，不必长评","别引申到人生规划","ack|ask|emoji|no_lecture","normal"
"L3-L3-17-041-f9bf5d86","L3","L3-17","分享照片","如果只能选一个更贴近的：我发「骑行或徒步」相关照片到家庭动态，更想得到？","一句「好看/有意思」","真诚的小问题","表情就够，不必长评","别引申到人生规划","ack|ask|emoji|no_lecture","normal"
"L3-L3-17-040-4f187b6b","L3","L3-17","分享照片","我发「骑行或徒步」相关照片到家庭动态，更想得到？","一句「好看/有意思」","真诚的小问题","表情就够，不必长评","别引申到人生规划","ack|ask|emoji|no_lecture","normal"
"L3-L3-17-045-ef405348","L3","L3-17","分享照片","如果只能选一个更贴近的：我发「一类音乐」相关照片到家庭动态，更想得到？","一句「好看/有意思」","真诚的小问题","表情就够，不必长评","别引申到人生规划","ack|ask|emoji|no_lecture","normal"
"L3-L3-17-044-3c1d009a","L3","L3-17","分享照片","我发「一类音乐」相关照片到家庭动态，更想得到？","一句「好看/有意思」","真诚的小问题","表情就够，不必长评","别引申到人生规划","ack|ask|emoji|no_lecture","normal"
"L3-L3-17-043-c37ef335","L3","L3-17","分享照片","在我们家沟通里，我发「骑行或徒步」相关照片到家庭动态，更想得到？","一句「好看/有意思」","真诚的小问题","表情就够，不必长评","别引申到人生规划","ack|ask|emoji|no_lecture","normal"
"L3-L3-17-036-fd87c8ff","L3","L3-17","分享照片","我发「美妆或护肤研究」相关照片到家庭动态，更想得到？","一句「好看/有意思」","真诚的小问题","表情就够，不必长评","别引申到人生规划","ack|ask|emoji|no_lecture","normal"
"L3-L3-17-035-5c1d1bd8","L3","L3-17","分享照片","在我们家沟通里，我发「美食探店」相关照片到家庭动态，更想得到？","一句「好看/有意思」","真诚的小问题","表情就够，不必长评","别引申到人生规划","ack|ask|emoji|no_lecture","normal"
"L3-L3-17-034-6847c3b0","L3","L3-17","分享照片","最近这段时间，我发「美食探店」相关照片到家庭动态，更想得到？","一句「好看/有意思」","真诚的小问题","表情就够，不必长评","别引申到人生规划","ack|ask|emoji|no_lecture","normal"
"L3-L3-17-039-2af8d1c2","L3","L3-17","分享照片","在我们家沟通里，我发「美妆或护肤研究」相关照片到家庭动态，更想得到？","一句「好看/有意思」","真诚的小问题","表情就够，不必长评","别引申到人生规划","ack|ask|emoji|no_lecture","normal"
"L3-L3-17-038-d9c9b211","L3","L3-17","分享照片","最近这段时间，我发「美妆或护肤研究」相关照片到家庭动态，更想得到？","一句「好看/有意思」","真诚的小问题","表情就够，不必长评","别引申到人生规划","ack|ask|emoji|no_lecture","normal"
"L3-L3-17-037-ff8709b5","L3","L3-17","分享照片","如果只能选一个更贴近的：我发「美妆或护肤研究」相关照片到家庭动态，更想得到？","一句「好看/有意思」","真诚的小问题","表情就够，不必长评","别引申到人生规划","ack|ask|emoji|no_lecture","normal"
"L3-L3-17-046-8fee629a","L3","L3-17","分享照片","最近这段时间，我发「一类音乐」相关照片到家庭动态，更想得到？","一句「好看/有意思」","真诚的小问题","表情就够，不必长评","别引申到人生规划","ack|ask|emoji|no_lecture","normal"
"L3-L3-17-055-d8c3ecec","L3","L3-17","分享照片","在我们家沟通里，我发「小众爱好」相关照片到家庭动态，更想得到？","一句「好看/有意思」","真诚的小问题","表情就够，不必长评","别引申到人生规划","ack|ask|emoji|no_lecture","normal"
"L3-L3-17-054-bcced89a","L3","L3-17","分享照片","最近这段时间，我发「小众爱好」相关照片到家庭动态，更想得到？","一句「好看/有意思」","真诚的小问题","表情就够，不必长评","别引申到人生规划","ack|ask|emoji|no_lecture","normal"
"L3-L3-17-053-69b438f1","L3","L3-17","分享照片","如果只能选一个更贴近的：我发「小众爱好」相关照片到家庭动态，更想得到？","一句「好看/有意思」","真诚的小问题","表情就够，不必长评","别引申到人生规划","ack|ask|emoji|no_lecture","normal"
"L3-L3-17-058-b5468f68","L3","L3-17","分享照片","最近这段时间，我发「发色或发型变化」相关照片到家庭动态，更想得到？","一句「好看/有意思」","真诚的小问题","表情就够，不必长评","别引申到人生规划","ack|ask|emoji|no_lecture","normal"
"L3-L3-17-057-5c1d7653","L3","L3-17","分享照片","如果只能选一个更贴近的：我发「发色或发型变化」相关照片到家庭动态，更想得到？","一句「好看/有意思」","真诚的小问题","表情就够，不必长评","别引申到人生规划","ack|ask|emoji|no_lecture","normal"
"L3-L3-17-056-a9980361","L3","L3-17","分享照片","我发「发色或发型变化」相关照片到家庭动态，更想得到？","一句「好看/有意思」","真诚的小问题","表情就够，不必长评","别引申到人生规划","ack|ask|emoji|no_lecture","normal"
"L3-L3-17-049-7c8949f7","L3","L3-17","分享照片","如果只能选一个更贴近的：我发「手作或收藏」相关照片到家庭动态，更想得到？","一句「好看/有意思」","真诚的小问题","表情就够，不必长评","别引申到人生规划","ack|ask|emoji|no_lecture","normal"
"L3-L3-17-048-a55581d7","L3","L3-17","分享照片","我发「手作或收藏」相关照片到家庭动态，更想得到？","一句「好看/有意思」","真诚的小问题","表情就够，不必长评","别引申到人生规划","ack|ask|emoji|no_lecture","normal"
"L3-L3-17-047-27b887e0","L3","L3-17","分享照片","在我们家沟通里，我发「一类音乐」相关照片到家庭动态，更想得到？","一句「好看/有意思」","真诚的小问题","表情就够，不必长评","别引申到人生规划","ack|ask|emoji|no_lecture","normal"
"L3-L3-17-052-e873bf30","L3","L3-17","分享照片","我发「小众爱好」相关照片到家庭动态，更想得到？","一句「好看/有意思」","真诚的小问题","表情就够，不必长评","别引申到人生规划","ack|ask|emoji|no_lecture","normal"
"L3-L3-17-051-34507336","L3","L3-17","分享照片","在我们家沟通里，我发「手作或收藏」相关照片到家庭动态，更想得到？","一句「好看/有意思」","真诚的小问题","表情就够，不必长评","别引申到人生规划","ack|ask|emoji|no_lecture","normal"
"L3-L3-17-050-80bdcbf9","L3","L3-17","分享照片","最近这段时间，我发「手作或收藏」相关照片到家庭动态，更想得到？","一句「好看/有意思」","真诚的小问题","表情就够，不必长评","别引申到人生规划","ack|ask|emoji|no_lecture","normal"
"L3-L3-12-003-69a600df","L3","L3-12","兴趣边界","在我们家沟通里，关于「宠物或云养宠」，我划定的边界更接近？","可以问，但别否定","我分享时再讨论","这是我的私人领域","欢迎一起体验一次","ask_ok|when_share|private|invite","normal"
"L3-L3-12-002-ff19b5cc","L3","L3-12","兴趣边界","最近这段时间，关于「宠物或云养宠」，我划定的边界更接近？","可以问，但别否定","我分享时再讨论","这是我的私人领域","欢迎一起体验一次","ask_ok|when_share|private|invite","normal"
"L3-L3-12-001-9f87ab8b","L3","L3-12","兴趣边界","如果只能选一个更贴近的：关于「宠物或云养宠」，我划定的边界更接近？","可以问，但别否定","我分享时再讨论","这是我的私人领域","欢迎一起体验一次","ask_ok|when_share|private|invite","normal"
"L3-L3-12-006-b467af97","L3","L3-12","兴趣边界","最近这段时间，关于「拍照或创作」，我划定的边界更接近？","可以问，但别否定","我分享时再讨论","这是我的私人领域","欢迎一起体验一次","ask_ok|when_share|private|invite","normal"
"L3-L3-12-005-72d3d3ea","L3","L3-12","兴趣边界","如果只能选一个更贴近的：关于「拍照或创作」，我划定的边界更接近？","可以问，但别否定","我分享时再讨论","这是我的私人领域","欢迎一起体验一次","ask_ok|when_share|private|invite","normal"
"L3-L3-12-004-68077790","L3","L3-12","兴趣边界","关于「拍照或创作」，我划定的边界更接近？","可以问，但别否定","我分享时再讨论","这是我的私人领域","欢迎一起体验一次","ask_ok|when_share|private|invite","normal"
"L3-L3-11-037-16a0adfe","L3","L3-11","外观冲突","如果只能选一个更贴近的：如果因「剪去很长时间留的头发」差点吵架，我更希望进程是？","先停一下，改天再谈","换成文字慢慢说","各退一步找折中","承认分歧，先不解决","pause|text|compromise|accept","sensitive"
"L3-L3-11-036-d793fa6a","L3","L3-11","外观冲突","如果因「剪去很长时间留的头发」差点吵架，我更希望进程是？","先停一下，改天再谈","换成文字慢慢说","各退一步找折中","承认分歧，先不解决","pause|text|compromise|accept","sensitive"
"L3-L3-11-035-b03218db","L3","L3-11","外观冲突","在我们家沟通里，如果因「换很短或很个性的发型」差点吵架，我更希望进程是？","先停一下，改天再谈","换成文字慢慢说","各退一步找折中","承认分歧，先不解决","pause|text|compromise|accept","sensitive"
"L3-L3-12-000-81a7115d","L3","L3-12","兴趣边界","关于「宠物或云养宠」，我划定的边界更接近？","可以问，但别否定","我分享时再讨论","这是我的私人领域","欢迎一起体验一次","ask_ok|when_share|private|invite","normal"
"L3-L3-11-039-fe001c52","L3","L3-11","外观冲突","在我们家沟通里，如果因「剪去很长时间留的头发」差点吵架，我更希望进程是？","先停一下，改天再谈","换成文字慢慢说","各退一步找折中","承认分歧，先不解决","pause|text|compromise|accept","sensitive"
"L3-L3-11-038-72989082","L3","L3-11","外观冲突","最近这段时间，如果因「剪去很长时间留的头发」差点吵架，我更希望进程是？","先停一下，改天再谈","换成文字慢慢说","各退一步找折中","承认分歧，先不解决","pause|text|compromise|accept","sensitive"
"L3-L3-12-007-00c65f24","L3","L3-12","兴趣边界","在我们家沟通里，关于「拍照或创作」，我划定的边界更接近？","可以问，但别否定","我分享时再讨论","这是我的私人领域","欢迎一起体验一次","ask_ok|when_share|private|invite","normal"
"L3-L3-12-016-2f14a026","L3","L3-12","兴趣边界","关于「展览或演出」，我划定的边界更接近？","可以问，但别否定","我分享时再讨论","这是我的私人领域","欢迎一起体验一次","ask_ok|when_share|private|invite","normal"
"L3-L3-12-015-e84d5969","L3","L3-12","兴趣边界","在我们家沟通里，关于「发色或发型变化」，我划定的边界更接近？","可以问，但别否定","我分享时再讨论","这是我的私人领域","欢迎一起体验一次","ask_ok|when_share|private|invite","normal"
"L3-L3-12-014-c7ca3ac5","L3","L3-12","兴趣边界","最近这段时间，关于「发色或发型变化」，我划定的边界更接近？","可以问，但别否定","我分享时再讨论","这是我的私人领域","欢迎一起体验一次","ask_ok|when_share|private|invite","normal"
"L3-L3-12-019-2e7f7c23","L3","L3-12","兴趣边界","在我们家沟通里，关于「展览或演出」，我划定的边界更接近？","可以问，但别否定","我分享时再讨论","这是我的私人领域","欢迎一起体验一次","ask_ok|when_share|private|invite","normal"
"L3-L3-12-018-2ff2f01f","L3","L3-12","兴趣边界","最近这段时间，关于「展览或演出」，我划定的边界更接近？","可以问，但别否定","我分享时再讨论","这是我的私人领域","欢迎一起体验一次","ask_ok|when_share|private|invite","normal"
"L3-L3-12-017-cb39bfed","L3","L3-12","兴趣边界","如果只能选一个更贴近的：关于「展览或演出」，我划定的边界更接近？","可以问，但别否定","我分享时再讨论","这是我的私人领域","欢迎一起体验一次","ask_ok|when_share|private|invite","normal"
"L3-L3-12-010-72be40bb","L3","L3-12","兴趣边界","最近这段时间，关于「数码设备折腾」，我划定的边界更接近？","可以问，但别否定","我分享时再讨论","这是我的私人领域","欢迎一起体验一次","ask_ok|when_share|private|invite","normal"
"L3-L3-12-009-fa2f7c9b","L3","L3-12","兴趣边界","如果只能选一个更贴近的：关于「数码设备折腾」，我划定的边界更接近？","可以问，但别否定","我分享时再讨论","这是我的私人领域","欢迎一起体验一次","ask_ok|when_share|private|invite","normal"
"L3-L3-12-008-4c65a24e","L3","L3-12","兴趣边界","关于「数码设备折腾」，我划定的边界更接近？","可以问，但别否定","我分享时再讨论","这是我的私人领域","欢迎一起体验一次","ask_ok|when_share|private|invite","normal"
"L3-L3-12-013-132de389","L3","L3-12","兴趣边界","如果只能选一个更贴近的：关于「发色或发型变化」，我划定的边界更接近？","可以问，但别否定","我分享时再讨论","这是我的私人领域","欢迎一起体验一次","ask_ok|when_share|private|invite","normal"
"L3-L3-12-012-32cbb670","L3","L3-12","兴趣边界","关于「发色或发型变化」，我划定的边界更接近？","可以问，但别否定","我分享时再讨论","这是我的私人领域","欢迎一起体验一次","ask_ok|when_share|private|invite","normal"
"L3-L3-12-011-b6a7084a","L3","L3-12","兴趣边界","在我们家沟通里，关于「数码设备折腾」，我划定的边界更接近？","可以问，但别否定","我分享时再讨论","这是我的私人领域","欢迎一起体验一次","ask_ok|when_share|private|invite","normal"
"L3-L3-11-018-b6dc77ac","L3","L3-11","外观冲突","最近这段时间，如果因「尝试中性风穿搭」差点吵架，我更希望进程是？","先停一下，改天再谈","换成文字慢慢说","各退一步找折中","承认分歧，先不解决","pause|text|compromise|accept","sensitive"
"L3-L3-11-017-508e0a87","L3","L3-11","外观冲突","如果只能选一个更贴近的：如果因「尝试中性风穿搭」差点吵架，我更希望进程是？","先停一下，改天再谈","换成文字慢慢说","各退一步找折中","承认分歧，先不解决","pause|text|compromise|accept","sensitive"
"L3-L3-11-016-010a3941","L3","L3-11","外观冲突","如果因「尝试中性风穿搭」差点吵架，我更希望进程是？","先停一下，改天再谈","换成文字慢慢说","各退一步找折中","承认分歧，先不解决","pause|text|compromise|accept","sensitive"
"L3-L3-11-021-f0d2851d","L3","L3-11","外观冲突","如果只能选一个更贴近的：如果因「纹身或贴饰（若相关）」差点吵架，我更希望进程是？","先停一下，改天再谈","换成文字慢慢说","各退一步找折中","承认分歧，先不解决","pause|text|compromise|accept","sensitive"
"L3-L3-11-020-6f36de7c","L3","L3-11","外观冲突","如果因「纹身或贴饰（若相关）」差点吵架，我更希望进程是？","先停一下，改天再谈","换成文字慢慢说","各退一步找折中","承认分歧，先不解决","pause|text|compromise|accept","sensitive"
"L3-L3-11-019-2fe8d97b","L3","L3-11","外观冲突","在我们家沟通里，如果因「尝试中性风穿搭」差点吵架，我更希望进程是？","先停一下，改天再谈","换成文字慢慢说","各退一步找折中","承认分歧，先不解决","pause|text|compromise|accept","sensitive"
"L3-L3-11-012-f4fed540","L3","L3-11","外观冲突","如果因「染发」差点吵架，我更希望进程是？","先停一下，改天再谈","换成文字慢慢说","各退一步找折中","承认分歧，先不解决","pause|text|compromise|accept","sensitive"
"L3-L3-11-011-a578c05b","L3","L3-11","外观冲突","在我们家沟通里，如果因「化妆变浓一点」差点吵架，我更希望进程是？","先停一下，改天再谈","换成文字慢慢说","各退一步找折中","承认分歧，先不解决","pause|text|compromise|accept","sensitive"
"L3-L3-11-010-3a64ac65","L3","L3-11","外观冲突","最近这段时间，如果因「化妆变浓一点」差点吵架，我更希望进程是？","先停一下，改天再谈","换成文字慢慢说","各退一步找折中","承认分歧，先不解决","pause|text|compromise|accept","sensitive"
"L3-L3-11-015-48486e6a","L3","L3-11","外观冲突","在我们家沟通里，如果因「染发」差点吵架，我更希望进程是？","先停一下，改天再谈","换成文字慢慢说","各退一步找折中","承认分歧，先不解决","pause|text|compromise|accept","sensitive"
"L3-L3-11-014-e4a74054","L3","L3-11","外观冲突","最近这段时间，如果因「染发」差点吵架，我更希望进程是？","先停一下，改天再谈","换成文字慢慢说","各退一步找折中","承认分歧，先不解决","pause|text|compromise|accept","sensitive"
"L3-L3-11-013-0dae4d5a","L3","L3-11","外观冲突","如果只能选一个更贴近的：如果因「染发」差点吵架，我更希望进程是？","先停一下，改天再谈","换成文字慢慢说","各退一步找折中","承认分歧，先不解决","pause|text|compromise|accept","sensitive"
"L3-L3-11-022-14537432","L3","L3-11","外观冲突","最近这段时间，如果因「纹身或贴饰（若相关）」差点吵架，我更希望进程是？","先停一下，改天再谈","换成文字慢慢说","各退一步找折中","承认分歧，先不解决","pause|text|compromise|accept","sensitive"
"L3-L3-11-031-6b1ab419","L3","L3-11","外观冲突","在我们家沟通里，如果因「戴彩色美瞳」差点吵架，我更希望进程是？","先停一下，改天再谈","换成文字慢慢说","各退一步找折中","承认分歧，先不解决","pause|text|compromise|accept","sensitive"
"L3-L3-11-030-dd793ea1","L3","L3-11","外观冲突","最近这段时间，如果因「戴彩色美瞳」差点吵架，我更希望进程是？","先停一下，改天再谈","换成文字慢慢说","各退一步找折中","承认分歧，先不解决","pause|text|compromise|accept","sensitive"
"L3-L3-11-029-1fd6ce81","L3","L3-11","外观冲突","如果只能选一个更贴近的：如果因「戴彩色美瞳」差点吵架，我更希望进程是？","先停一下，改天再谈","换成文字慢慢说","各退一步找折中","承认分歧，先不解决","pause|text|compromise|accept","sensitive"
"L3-L3-11-034-f8011510","L3","L3-11","外观冲突","最近这段时间，如果因「换很短或很个性的发型」差点吵架，我更希望进程是？","先停一下，改天再谈","换成文字慢慢说","各退一步找折中","承认分歧，先不解决","pause|text|compromise|accept","sensitive"
"L3-L3-11-033-0401bd3e","L3","L3-11","外观冲突","如果只能选一个更贴近的：如果因「换很短或很个性的发型」差点吵架，我更希望进程是？","先停一下，改天再谈","换成文字慢慢说","各退一步找折中","承认分歧，先不解决","pause|text|compromise|accept","sensitive"
"L3-L3-11-032-588f47a3","L3","L3-11","外观冲突","如果因「换很短或很个性的发型」差点吵架，我更希望进程是？","先停一下，改天再谈","换成文字慢慢说","各退一步找折中","承认分歧，先不解决","pause|text|compromise|accept","sensitive"
"L3-L3-11-025-1d7b8ac3","L3","L3-11","外观冲突","如果只能选一个更贴近的：如果因「穿更个性的衣服」差点吵架，我更希望进程是？","先停一下，改天再谈","换成文字慢慢说","各退一步找折中","承认分歧，先不解决","pause|text|compromise|accept","sensitive"
"L3-L3-11-024-5370ab3a","L3","L3-11","外观冲突","如果因「穿更个性的衣服」差点吵架，我更希望进程是？","先停一下，改天再谈","换成文字慢慢说","各退一步找折中","承认分歧，先不解决","pause|text|compromise|accept","sensitive"
"L3-L3-11-023-882ee5eb","L3","L3-11","外观冲突","在我们家沟通里，如果因「纹身或贴饰（若相关）」差点吵架，我更希望进程是？","先停一下，改天再谈","换成文字慢慢说","各退一步找折中","承认分歧，先不解决","pause|text|compromise|accept","sensitive"
"L3-L3-11-028-d39bfd77","L3","L3-11","外观冲突","如果因「戴彩色美瞳」差点吵架，我更希望进程是？","先停一下，改天再谈","换成文字慢慢说","各退一步找折中","承认分歧，先不解决","pause|text|compromise|accept","sensitive"
"L3-L3-11-027-4ba53bd3","L3","L3-11","外观冲突","在我们家沟通里，如果因「穿更个性的衣服」差点吵架，我更希望进程是？","先停一下，改天再谈","换成文字慢慢说","各退一步找折中","承认分歧，先不解决","pause|text|compromise|accept","sensitive"
"L3-L3-11-026-98f59be6","L3","L3-11","外观冲突","最近这段时间，如果因「穿更个性的衣服」差点吵架，我更希望进程是？","先停一下，改天再谈","换成文字慢慢说","各退一步找折中","承认分歧，先不解决","pause|text|compromise|accept","sensitive"
"L3-L3-12-020-e1343e8e","L3","L3-12","兴趣边界","关于「播客或有声书」，我划定的边界更接近？","可以问，但别否定","我分享时再讨论","这是我的私人领域","欢迎一起体验一次","ask_ok|when_share|private|invite","normal"
"L3-L3-12-054-0329b7ba","L3","L3-12","兴趣边界","最近这段时间，关于「美妆或护肤研究」，我划定的边界更接近？","可以问，但别否定","我分享时再讨论","这是我的私人领域","欢迎一起体验一次","ask_ok|when_share|private|invite","normal"
"L3-L3-12-053-e9a040fd","L3","L3-12","兴趣边界","如果只能选一个更贴近的：关于「美妆或护肤研究」，我划定的边界更接近？","可以问，但别否定","我分享时再讨论","这是我的私人领域","欢迎一起体验一次","ask_ok|when_share|private|invite","normal"
"L3-L3-12-052-29f70ac5","L3","L3-12","兴趣边界","关于「美妆或护肤研究」，我划定的边界更接近？","可以问，但别否定","我分享时再讨论","这是我的私人领域","欢迎一起体验一次","ask_ok|when_share|private|invite","normal"
"L3-L3-12-057-a1598ce5","L3","L3-12","兴趣边界","如果只能选一个更贴近的：关于「手作或收藏」，我划定的边界更接近？","可以问，但别否定","我分享时再讨论","这是我的私人领域","欢迎一起体验一次","ask_ok|when_share|private|invite","normal"
"L3-L3-12-056-0c68eed4","L3","L3-12","兴趣边界","关于「手作或收藏」，我划定的边界更接近？","可以问，但别否定","我分享时再讨论","这是我的私人领域","欢迎一起体验一次","ask_ok|when_share|private|invite","normal"
"L3-L3-12-055-59d45bb4","L3","L3-12","兴趣边界","在我们家沟通里，关于「美妆或护肤研究」，我划定的边界更接近？","可以问，但别否定","我分享时再讨论","这是我的私人领域","欢迎一起体验一次","ask_ok|when_share|private|invite","normal"
"L3-L3-12-048-95de17c6","L3","L3-12","兴趣边界","关于「美食探店」，我划定的边界更接近？","可以问，但别否定","我分享时再讨论","这是我的私人领域","欢迎一起体验一次","ask_ok|when_share|private|invite","normal"
"L3-L3-12-047-54198b3f","L3","L3-12","兴趣边界","在我们家沟通里，关于「某种穿搭风格」，我划定的边界更接近？","可以问，但别否定","我分享时再讨论","这是我的私人领域","欢迎一起体验一次","ask_ok|when_share|private|invite","normal"
"L3-L3-12-046-40f5e522","L3","L3-12","兴趣边界","最近这段时间，关于「某种穿搭风格」，我划定的边界更接近？","可以问，但别否定","我分享时再讨论","这是我的私人领域","欢迎一起体验一次","ask_ok|when_share|private|invite","normal"
"L3-L3-12-051-49b37d9e","L3","L3-12","兴趣边界","在我们家沟通里，关于「美食探店」，我划定的边界更接近？","可以问，但别否定","我分享时再讨论","这是我的私人领域","欢迎一起体验一次","ask_ok|when_share|private|invite","normal"
"L3-L3-12-050-7a013e44","L3","L3-12","兴趣边界","最近这段时间，关于「美食探店」，我划定的边界更接近？","可以问，但别否定","我分享时再讨论","这是我的私人领域","欢迎一起体验一次","ask_ok|when_share|private|invite","normal"
"L3-L3-12-049-f3dbf4fd","L3","L3-12","兴趣边界","如果只能选一个更贴近的：关于「美食探店」，我划定的边界更接近？","可以问，但别否定","我分享时再讨论","这是我的私人领域","欢迎一起体验一次","ask_ok|when_share|private|invite","normal"
"L3-L3-12-058-74a0ae17","L3","L3-12","兴趣边界","最近这段时间，关于「手作或收藏」，我划定的边界更接近？","可以问，但别否定","我分享时再讨论","这是我的私人领域","欢迎一起体验一次","ask_ok|when_share|private|invite","normal"
"L3-L3-12-067-1953f067","L3","L3-12","兴趣边界","在我们家沟通里，关于「旅行目的地偏好」，我划定的边界更接近？","可以问，但别否定","我分享时再讨论","这是我的私人领域","欢迎一起体验一次","ask_ok|when_share|private|invite","normal"
"L3-L3-12-066-86ead075","L3","L3-12","兴趣边界","最近这段时间，关于「旅行目的地偏好」，我划定的边界更接近？","可以问，但别否定","我分享时再讨论","这是我的私人领域","欢迎一起体验一次","ask_ok|when_share|private|invite","normal"
"L3-L3-12-065-b464344f","L3","L3-12","兴趣边界","如果只能选一个更贴近的：关于「旅行目的地偏好」，我划定的边界更接近？","可以问，但别否定","我分享时再讨论","这是我的私人领域","欢迎一起体验一次","ask_ok|when_share|private|invite","normal"
"L3-L3-12-070-9ec7ffd8","L3","L3-12","兴趣边界","最近这段时间，关于「一种游戏或追番」，我划定的边界更接近？","可以问，但别否定","我分享时再讨论","这是我的私人领域","欢迎一起体验一次","ask_ok|when_share|private|invite","normal"
"L3-L3-12-069-55c2543d","L3","L3-12","兴趣边界","如果只能选一个更贴近的：关于「一种游戏或追番」，我划定的边界更接近？","可以问，但别否定","我分享时再讨论","这是我的私人领域","欢迎一起体验一次","ask_ok|when_share|private|invite","normal"
"L3-L3-12-068-0f1cb385","L3","L3-12","兴趣边界","关于「一种游戏或追番」，我划定的边界更接近？","可以问，但别否定","我分享时再讨论","这是我的私人领域","欢迎一起体验一次","ask_ok|when_share|private|invite","normal"
"L3-L3-12-061-4ddcfcee","L3","L3-12","兴趣边界","如果只能选一个更贴近的：关于「一类音乐」，我划定的边界更接近？","可以问，但别否定","我分享时再讨论","这是我的私人领域","欢迎一起体验一次","ask_ok|when_share|private|invite","normal"
"L3-L3-12-060-4b2833f7","L3","L3-12","兴趣边界","关于「一类音乐」，我划定的边界更接近？","可以问，但别否定","我分享时再讨论","这是我的私人领域","欢迎一起体验一次","ask_ok|when_share|private|invite","normal"
"L3-L3-12-059-88a02ace","L3","L3-12","兴趣边界","在我们家沟通里，关于「手作或收藏」，我划定的边界更接近？","可以问，但别否定","我分享时再讨论","这是我的私人领域","欢迎一起体验一次","ask_ok|when_share|private|invite","normal"
"L3-L3-12-064-1b1ec168","L3","L3-12","兴趣边界","关于「旅行目的地偏好」，我划定的边界更接近？","可以问，但别否定","我分享时再讨论","这是我的私人领域","欢迎一起体验一次","ask_ok|when_share|private|invite","normal"
"L3-L3-12-063-c3319913","L3","L3-12","兴趣边界","在我们家沟通里，关于「一类音乐」，我划定的边界更接近？","可以问，但别否定","我分享时再讨论","这是我的私人领域","欢迎一起体验一次","ask_ok|when_share|private|invite","normal"
"L3-L3-12-062-c412a506","L3","L3-12","兴趣边界","最近这段时间，关于「一类音乐」，我划定的边界更接近？","可以问，但别否定","我分享时再讨论","这是我的私人领域","欢迎一起体验一次","ask_ok|when_share|private|invite","normal"
"L3-L3-12-029-b75c0f86","L3","L3-12","兴趣边界","如果只能选一个更贴近的：关于「小众爱好」，我划定的边界更接近？","可以问，但别否定","我分享时再讨论","这是我的私人领域","欢迎一起体验一次","ask_ok|when_share|private|invite","normal"
"L3-L3-12-028-79ebd293","L3","L3-12","兴趣边界","关于「小众爱好」，我划定的边界更接近？","可以问，但别否定","我分享时再讨论","这是我的私人领域","欢迎一起体验一次","ask_ok|when_share|private|invite","normal"
"L3-L3-12-027-80d63401","L3","L3-12","兴趣边界","在我们家沟通里，关于「某个影视作品」，我划定的边界更接近？","可以问，但别否定","我分享时再讨论","这是我的私人领域","欢迎一起体验一次","ask_ok|when_share|private|invite","normal"
"L3-L3-12-032-8ca3e021","L3","L3-12","兴趣边界","关于「骑行或徒步」，我划定的边界更接近？","可以问，但别否定","我分享时再讨论","这是我的私人领域","欢迎一起体验一次","ask_ok|when_share|private|invite","normal"
"L3-L3-12-031-3f9faa3a","L3","L3-12","兴趣边界","在我们家沟通里，关于「小众爱好」，我划定的边界更接近？","可以问，但别否定","我分享时再讨论","这是我的私人领域","欢迎一起体验一次","ask_ok|when_share|private|invite","normal"
"L3-L3-12-030-cf249474","L3","L3-12","兴趣边界","最近这段时间，关于「小众爱好」，我划定的边界更接近？","可以问，但别否定","我分享时再讨论","这是我的私人领域","欢迎一起体验一次","ask_ok|when_share|private|invite","normal"
"L3-L3-12-023-e2198375","L3","L3-12","兴趣边界","在我们家沟通里，关于「播客或有声书」，我划定的边界更接近？","可以问，但别否定","我分享时再讨论","这是我的私人领域","欢迎一起体验一次","ask_ok|when_share|private|invite","normal"
"L3-L3-12-022-73fae553","L3","L3-12","兴趣边界","最近这段时间，关于「播客或有声书」，我划定的边界更接近？","可以问，但别否定","我分享时再讨论","这是我的私人领域","欢迎一起体验一次","ask_ok|when_share|private|invite","normal"
"L3-L3-12-021-9cb04510","L3","L3-12","兴趣边界","如果只能选一个更贴近的：关于「播客或有声书」，我划定的边界更接近？","可以问，但别否定","我分享时再讨论","这是我的私人领域","欢迎一起体验一次","ask_ok|when_share|private|invite","normal"
"L3-L3-12-026-384ce7ad","L3","L3-12","兴趣边界","最近这段时间，关于「某个影视作品」，我划定的边界更接近？","可以问，但别否定","我分享时再讨论","这是我的私人领域","欢迎一起体验一次","ask_ok|when_share|private|invite","normal"
"L3-L3-12-025-d373aeb5","L3","L3-12","兴趣边界","如果只能选一个更贴近的：关于「某个影视作品」，我划定的边界更接近？","可以问，但别否定","我分享时再讨论","这是我的私人领域","欢迎一起体验一次","ask_ok|when_share|private|invite","normal"
"L3-L3-12-024-14eec096","L3","L3-12","兴趣边界","关于「某个影视作品」，我划定的边界更接近？","可以问，但别否定","我分享时再讨论","这是我的私人领域","欢迎一起体验一次","ask_ok|when_share|private|invite","normal"
"L3-L3-12-033-11e87cd3","L3","L3-12","兴趣边界","如果只能选一个更贴近的：关于「骑行或徒步」，我划定的边界更接近？","可以问，但别否定","我分享时再讨论","这是我的私人领域","欢迎一起体验一次","ask_ok|when_share|private|invite","normal"
"L3-L3-12-042-fb22fde7","L3","L3-12","兴趣边界","最近这段时间，关于「一项运动」，我划定的边界更接近？","可以问，但别否定","我分享时再讨论","这是我的私人领域","欢迎一起体验一次","ask_ok|when_share|private|invite","normal"
"L3-L3-12-041-62a1b364","L3","L3-12","兴趣边界","如果只能选一个更贴近的：关于「一项运动」，我划定的边界更接近？","可以问，但别否定","我分享时再讨论","这是我的私人领域","欢迎一起体验一次","ask_ok|when_share|private|invite","normal"
"L3-L3-12-040-c338ca83","L3","L3-12","兴趣边界","关于「一项运动」，我划定的边界更接近？","可以问，但别否定","我分享时再讨论","这是我的私人领域","欢迎一起体验一次","ask_ok|when_share|private|invite","normal"
"L3-L3-12-045-a68845b6","L3","L3-12","兴趣边界","如果只能选一个更贴近的：关于「某种穿搭风格」，我划定的边界更接近？","可以问，但别否定","我分享时再讨论","这是我的私人领域","欢迎一起体验一次","ask_ok|when_share|private|invite","normal"
"L3-L3-12-044-2335efb9","L3","L3-12","兴趣边界","关于「某种穿搭风格」，我划定的边界更接近？","可以问，但别否定","我分享时再讨论","这是我的私人领域","欢迎一起体验一次","ask_ok|when_share|private|invite","normal"
"L3-L3-12-043-39a53bfa","L3","L3-12","兴趣边界","在我们家沟通里，关于「一项运动」，我划定的边界更接近？","可以问，但别否定","我分享时再讨论","这是我的私人领域","欢迎一起体验一次","ask_ok|when_share|private|invite","normal"
"L3-L3-12-036-ffef4c72","L3","L3-12","兴趣边界","关于「二次元或圈层文化」，我划定的边界更接近？","可以问，但别否定","我分享时再讨论","这是我的私人领域","欢迎一起体验一次","ask_ok|when_share|private|invite","normal"
"L3-L3-12-035-e6df9c32","L3","L3-12","兴趣边界","在我们家沟通里，关于「骑行或徒步」，我划定的边界更接近？","可以问，但别否定","我分享时再讨论","这是我的私人领域","欢迎一起体验一次","ask_ok|when_share|private|invite","normal"
"L3-L3-12-034-b2fbb660","L3","L3-12","兴趣边界","最近这段时间，关于「骑行或徒步」，我划定的边界更接近？","可以问，但别否定","我分享时再讨论","这是我的私人领域","欢迎一起体验一次","ask_ok|when_share|private|invite","normal"
"L3-L3-12-039-83d8b9ed","L3","L3-12","兴趣边界","在我们家沟通里，关于「二次元或圈层文化」，我划定的边界更接近？","可以问，但别否定","我分享时再讨论","这是我的私人领域","欢迎一起体验一次","ask_ok|when_share|private|invite","normal"
"L3-L3-12-038-cfb26893","L3","L3-12","兴趣边界","最近这段时间，关于「二次元或圈层文化」，我划定的边界更接近？","可以问，但别否定","我分享时再讨论","这是我的私人领域","欢迎一起体验一次","ask_ok|when_share|private|invite","normal"
"L3-L3-12-037-8f24d26c","L3","L3-12","兴趣边界","如果只能选一个更贴近的：关于「二次元或圈层文化」，我划定的边界更接近？","可以问，但别否定","我分享时再讨论","这是我的私人领域","欢迎一起体验一次","ask_ok|when_share|private|invite","normal"
"L3-L3-02-062-ad391804","L3","L3-02","兴趣|误解","最近这段时间，我喜欢「旅行目的地偏好」，最不想被理解成「不把家里放在心上」。更贴近的是？","我想用自己的方式爱这个家","这能让我从压力里喘口气","这样我会更舒服自在","我想被看见真实的自己","reason_0|reason_1|reason_2|reason_3","normal"
"L3-L3-02-061-a1a1c8ad","L3","L3-02","兴趣|误解","如果只能选一个更贴近的：我喜欢「旅行目的地偏好」，最不想被理解成「不把家里放在心上」。更贴近的是？","我想用自己的方式爱这个家","这能让我从压力里喘口气","这样我会更舒服自在","我想被看见真实的自己","reason_0|reason_1|reason_2|reason_3","normal"
"L3-L3-02-060-22bb925f","L3","L3-02","兴趣|误解","我喜欢「旅行目的地偏好」，最不想被理解成「不把家里放在心上」。更贴近的是？","我想用自己的方式爱这个家","这能让我从压力里喘口气","这样我会更舒服自在","我想被看见真实的自己","reason_0|reason_1|reason_2|reason_3","normal"
"L3-L3-02-065-2d14b634","L3","L3-02","兴趣|误解","如果只能选一个更贴近的：我喜欢「展览或演出」，最不想被理解成「不懂事或太自我」。更贴近的是？","这能让我从压力里喘口气","我想用自己的方式爱这个家","我需要一点点掌控感","我想被看见真实的自己","reason_0|reason_1|reason_2|reason_3","normal"
"L3-L3-02-064-3d0df6d1","L3","L3-02","兴趣|误解","我喜欢「展览或演出」，最不想被理解成「不懂事或太自我」。更贴近的是？","这能让我从压力里喘口气","我想用自己的方式爱这个家","我需要一点点掌控感","我想被看见真实的自己","reason_0|reason_1|reason_2|reason_3","normal"
"L3-L3-02-063-e0f75c7a","L3","L3-02","兴趣|误解","在我们家沟通里，我喜欢「旅行目的地偏好」，最不想被理解成「不把家里放在心上」。更贴近的是？","我想用自己的方式爱这个家","这能让我从压力里喘口气","这样我会更舒服自在","我想被看见真实的自己","reason_0|reason_1|reason_2|reason_3","normal"
"L3-L3-02-056-39d08890","L3","L3-02","兴趣|误解","我喜欢「展览或演出」，最不想被理解成「做事没长远考虑」。更贴近的是？","想保留一点自己的节奏","我想被看见真实的自己","这对我的心理健康有帮助","我想先自己消化","reason_0|reason_1|reason_2|reason_3","normal"
"L3-L3-02-055-7ba4b4ae","L3","L3-02","兴趣|误解","在我们家沟通里，我喜欢「播客或有声书」，最不想被理解成「被外界带坏了」。更贴近的是？","我想用自己的方式爱这个家","这能让我从压力里喘口气","我想被看见真实的自己","我需要一点点掌控感","reason_0|reason_1|reason_2|reason_3","normal"
"L3-L3-02-054-7d712f36","L3","L3-02","兴趣|误解","最近这段时间，我喜欢「播客或有声书」，最不想被理解成「被外界带坏了」。更贴近的是？","我想用自己的方式爱这个家","这能让我从压力里喘口气","我想被看见真实的自己","我需要一点点掌控感","reason_0|reason_1|reason_2|reason_3","normal"
"L3-L3-02-059-77789140","L3","L3-02","兴趣|误解","在我们家沟通里，我喜欢「展览或演出」，最不想被理解成「做事没长远考虑」。更贴近的是？","想保留一点自己的节奏","我想被看见真实的自己","这对我的心理健康有帮助","我想先自己消化","reason_0|reason_1|reason_2|reason_3","normal"
"L3-L3-02-058-da9a4c66","L3","L3-02","兴趣|误解","最近这段时间，我喜欢「展览或演出」，最不想被理解成「做事没长远考虑」。更贴近的是？","想保留一点自己的节奏","我想被看见真实的自己","这对我的心理健康有帮助","我想先自己消化","reason_0|reason_1|reason_2|reason_3","normal"
"L3-L3-02-057-66f028ac","L3","L3-02","兴趣|误解","如果只能选一个更贴近的：我喜欢「展览或演出」，最不想被理解成「做事没长远考虑」。更贴近的是？","想保留一点自己的节奏","我想被看见真实的自己","这对我的心理健康有帮助","我想先自己消化","reason_0|reason_1|reason_2|reason_3","normal"
"L3-L3-02-066-85d198be","L3","L3-02","兴趣|误解","最近这段时间，我喜欢「展览或演出」，最不想被理解成「不懂事或太自我」。更贴近的是？","这能让我从压力里喘口气","我想用自己的方式爱这个家","我需要一点点掌控感","我想被看见真实的自己","reason_0|reason_1|reason_2|reason_3","normal"
"L3-L3-02-075-92557ce1","L3","L3-02","兴趣|误解","在我们家沟通里，我喜欢「一项运动」，最不想被理解成「不把家里放在心上」。更贴近的是？","我想先自己消化","这对我的心理健康有帮助","这样我会更舒服自在","这是我表达自己的方式","reason_0|reason_1|reason_2|reason_3","normal"
"L3-L3-02-074-832fa133","L3","L3-02","兴趣|误解","最近这段时间，我喜欢「一项运动」，最不想被理解成「不把家里放在心上」。更贴近的是？","我想先自己消化","这对我的心理健康有帮助","这样我会更舒服自在","这是我表达自己的方式","reason_0|reason_1|reason_2|reason_3","normal"
"L3-L3-02-073-c3de1c31","L3","L3-02","兴趣|误解","如果只能选一个更贴近的：我喜欢「一项运动」，最不想被理解成「不把家里放在心上」。更贴近的是？","我想先自己消化","这对我的心理健康有帮助","这样我会更舒服自在","这是我表达自己的方式","reason_0|reason_1|reason_2|reason_3","normal"
"L3-L3-02-078-54a708f0","L3","L3-02","兴趣|误解","最近这段时间，我喜欢「某个影视作品」，最不想被理解成「在赌气」。更贴近的是？","这是我表达自己的方式","我想被看见真实的自己","这样我会更舒服自在","这能让我从压力里喘口气","reason_0|reason_1|reason_2|reason_3","normal"
"L3-L3-02-077-7dfba453","L3","L3-02","兴趣|误解","如果只能选一个更贴近的：我喜欢「某个影视作品」，最不想被理解成「在赌气」。更贴近的是？","这是我表达自己的方式","我想被看见真实的自己","这样我会更舒服自在","这能让我从压力里喘口气","reason_0|reason_1|reason_2|reason_3","normal"
"L3-L3-02-076-39caa7cb","L3","L3-02","兴趣|误解","我喜欢「某个影视作品」，最不想被理解成「在赌气」。更贴近的是？","这是我表达自己的方式","我想被看见真实的自己","这样我会更舒服自在","这能让我从压力里喘口气","reason_0|reason_1|reason_2|reason_3","normal"
"L3-L3-02-069-678ccee1","L3","L3-02","兴趣|误解","如果只能选一个更贴近的：我喜欢「一项运动」，最不想被理解成「只顾自己玩」。更贴近的是？","我希望被当成成年人看待","我想先自己消化","这样我会更舒服自在","这对我的心理健康有帮助","reason_0|reason_1|reason_2|reason_3","normal"
"L3-L3-02-068-b4df3517","L3","L3-02","兴趣|误解","我喜欢「一项运动」，最不想被理解成「只顾自己玩」。更贴近的是？","我希望被当成成年人看待","我想先自己消化","这样我会更舒服自在","这对我的心理健康有帮助","reason_0|reason_1|reason_2|reason_3","normal"
"L3-L3-02-067-69950d51","L3","L3-02","兴趣|误解","在我们家沟通里，我喜欢「展览或演出」，最不想被理解成「不懂事或太自我」。更贴近的是？","这能让我从压力里喘口气","我想用自己的方式爱这个家","我需要一点点掌控感","我想被看见真实的自己","reason_0|reason_1|reason_2|reason_3","normal"
"L3-L3-02-072-a25c688a","L3","L3-02","兴趣|误解","我喜欢「一项运动」，最不想被理解成「不把家里放在心上」。更贴近的是？","我想先自己消化","这对我的心理健康有帮助","这样我会更舒服自在","这是我表达自己的方式","reason_0|reason_1|reason_2|reason_3","normal"
"L3-L3-02-071-38147b72","L3","L3-02","兴趣|误解","在我们家沟通里，我喜欢「一项运动」，最不想被理解成「只顾自己玩」。更贴近的是？","我希望被当成成年人看待","我想先自己消化","这样我会更舒服自在","这对我的心理健康有帮助","reason_0|reason_1|reason_2|reason_3","normal"
"L3-L3-02-070-5b643fd7","L3","L3-02","兴趣|误解","最近这段时间，我喜欢「一项运动」，最不想被理解成「只顾自己玩」。更贴近的是？","我希望被当成成年人看待","我想先自己消化","这样我会更舒服自在","这对我的心理健康有帮助","reason_0|reason_1|reason_2|reason_3","normal"
"L3-L3-02-037-aea4affa","L3","L3-02","兴趣|误解","如果只能选一个更贴近的：我喜欢「一种游戏或追番」，最不想被理解成「被外界带坏了」。更贴近的是？","我希望被当成成年人看待","这能让我从压力里喘口气","这对我的心理健康有帮助","我在学着对自己负责","reason_0|reason_1|reason_2|reason_3","normal"
"L3-L3-02-036-b124232b","L3","L3-02","兴趣|误解","我喜欢「一种游戏或追番」，最不想被理解成「被外界带坏了」。更贴近的是？","我希望被当成成年人看待","这能让我从压力里喘口气","这对我的心理健康有帮助","我在学着对自己负责","reason_0|reason_1|reason_2|reason_3","normal"
"L3-L3-02-035-1fc1b8bc","L3","L3-02","兴趣|误解","在我们家沟通里，我喜欢「拍照或创作」，最不想被理解成「故意唱反调」。更贴近的是？","我想被看见真实的自己","这样我会更舒服自在","我在学着对自己负责","想保留一点自己的节奏","reason_0|reason_1|reason_2|reason_3","normal"
"L3-L3-02-040-0af1cb0c","L3","L3-02","兴趣|误解","我喜欢「某种穿搭风格」，最不想被理解成「叛逆或不听话」。更贴近的是？","我需要一点点掌控感","我想先自己消化","我希望被当成成年人看待","我想用自己的方式爱这个家","reason_0|reason_1|reason_2|reason_3","normal"
"L3-L3-02-039-5b723bc9","L3","L3-02","兴趣|误解","在我们家沟通里，我喜欢「一种游戏或追番」，最不想被理解成「被外界带坏了」。更贴近的是？","我希望被当成成年人看待","这能让我从压力里喘口气","这对我的心理健康有帮助","我在学着对自己负责","reason_0|reason_1|reason_2|reason_3","normal"
"L3-L3-02-038-d10a3f83","L3","L3-02","兴趣|误解","最近这段时间，我喜欢「一种游戏或追番」，最不想被理解成「被外界带坏了」。更贴近的是？","我希望被当成成年人看待","这能让我从压力里喘口气","这对我的心理健康有帮助","我在学着对自己负责","reason_0|reason_1|reason_2|reason_3","normal"
"L3-L3-02-031-85ff6142","L3","L3-02","兴趣|误解","在我们家沟通里，我喜欢「播客或有声书」，最不想被理解成「想摆脱这个家」。更贴近的是？","想保留一点自己的节奏","我需要一点点掌控感","这样我会更舒服自在","我想先自己消化","reason_0|reason_1|reason_2|reason_3","normal"
"L3-L3-02-030-3cad7383","L3","L3-02","兴趣|误解","最近这段时间，我喜欢「播客或有声书」，最不想被理解成「想摆脱这个家」。更贴近的是？","想保留一点自己的节奏","我需要一点点掌控感","这样我会更舒服自在","我想先自己消化","reason_0|reason_1|reason_2|reason_3","normal"
"L3-L3-02-029-78e3292b","L3","L3-02","兴趣|误解","如果只能选一个更贴近的：我喜欢「播客或有声书」，最不想被理解成「想摆脱这个家」。更贴近的是？","想保留一点自己的节奏","我需要一点点掌控感","这样我会更舒服自在","我想先自己消化","reason_0|reason_1|reason_2|reason_3","normal"
"L3-L3-02-034-9eb4b11a","L3","L3-02","兴趣|误解","最近这段时间，我喜欢「拍照或创作」，最不想被理解成「故意唱反调」。更贴近的是？","我想被看见真实的自己","这样我会更舒服自在","我在学着对自己负责","想保留一点自己的节奏","reason_0|reason_1|reason_2|reason_3","normal"
"L3-L3-02-033-6cd55cfa","L3","L3-02","兴趣|误解","如果只能选一个更贴近的：我喜欢「拍照或创作」，最不想被理解成「故意唱反调」。更贴近的是？","我想被看见真实的自己","这样我会更舒服自在","我在学着对自己负责","想保留一点自己的节奏","reason_0|reason_1|reason_2|reason_3","normal"
"L3-L3-02-032-5d758066","L3","L3-02","兴趣|误解","我喜欢「拍照或创作」，最不想被理解成「故意唱反调」。更贴近的是？","我想被看见真实的自己","这样我会更舒服自在","我在学着对自己负责","想保留一点自己的节奏","reason_0|reason_1|reason_2|reason_3","normal"
"L3-L3-02-041-92152782","L3","L3-02","兴趣|误解","如果只能选一个更贴近的：我喜欢「某种穿搭风格」，最不想被理解成「叛逆或不听话」。更贴近的是？","我需要一点点掌控感","我想先自己消化","我希望被当成成年人看待","我想用自己的方式爱这个家","reason_0|reason_1|reason_2|reason_3","normal"
"L3-L3-02-050-4e2e04d4","L3","L3-02","兴趣|误解","最近这段时间，我喜欢「数码设备折腾」，最不想被理解成「在赌气」。更贴近的是？","我需要一点点掌控感","这对我的心理健康有帮助","我在学着对自己负责","我想被看见真实的自己","reason_0|reason_1|reason_2|reason_3","normal"
"L3-L3-02-049-c6e1a036","L3","L3-02","兴趣|误解","如果只能选一个更贴近的：我喜欢「数码设备折腾」，最不想被理解成「在赌气」。更贴近的是？","我需要一点点掌控感","这对我的心理健康有帮助","我在学着对自己负责","我想被看见真实的自己","reason_0|reason_1|reason_2|reason_3","normal"
"L3-L3-02-048-f8f3d06b","L3","L3-02","兴趣|误解","我喜欢「数码设备折腾」，最不想被理解成「在赌气」。更贴近的是？","我需要一点点掌控感","这对我的心理健康有帮助","我在学着对自己负责","我想被看见真实的自己","reason_0|reason_1|reason_2|reason_3","normal"
"L3-L3-02-053-7b846765","L3","L3-02","兴趣|误解","如果只能选一个更贴近的：我喜欢「播客或有声书」，最不想被理解成「被外界带坏了」。更贴近的是？","我想用自己的方式爱这个家","这能让我从压力里喘口气","我想被看见真实的自己","我需要一点点掌控感","reason_0|reason_1|reason_2|reason_3","normal"
"L3-L3-02-052-54730e0a","L3","L3-02","兴趣|误解","我喜欢「播客或有声书」，最不想被理解成「被外界带坏了」。更贴近的是？","我想用自己的方式爱这个家","这能让我从压力里喘口气","我想被看见真实的自己","我需要一点点掌控感","reason_0|reason_1|reason_2|reason_3","normal"
"L3-L3-02-051-c1676038","L3","L3-02","兴趣|误解","在我们家沟通里，我喜欢「数码设备折腾」，最不想被理解成「在赌气」。更贴近的是？","我需要一点点掌控感","这对我的心理健康有帮助","我在学着对自己负责","我想被看见真实的自己","reason_0|reason_1|reason_2|reason_3","normal"
"L3-L3-02-044-9d12a5a6","L3","L3-02","兴趣|误解","我喜欢「美食探店」，最不想被理解成「做事没长远考虑」。更贴近的是？","想保留一点自己的节奏","我在学着对自己负责","这样我会更舒服自在","我想先自己消化","reason_0|reason_1|reason_2|reason_3","normal"
"L3-L3-02-043-4bcd6f21","L3","L3-02","兴趣|误解","在我们家沟通里，我喜欢「某种穿搭风格」，最不想被理解成「叛逆或不听话」。更贴近的是？","我需要一点点掌控感","我想先自己消化","我希望被当成成年人看待","我想用自己的方式爱这个家","reason_0|reason_1|reason_2|reason_3","normal"
"L3-L3-02-042-7a024e59","L3","L3-02","兴趣|误解","最近这段时间，我喜欢「某种穿搭风格」，最不想被理解成「叛逆或不听话」。更贴近的是？","我需要一点点掌控感","我想先自己消化","我希望被当成成年人看待","我想用自己的方式爱这个家","reason_0|reason_1|reason_2|reason_3","normal"
"L3-L3-02-047-d01f7f3a","L3","L3-02","兴趣|误解","在我们家沟通里，我喜欢「美食探店」，最不想被理解成「做事没长远考虑」。更贴近的是？","想保留一点自己的节奏","我在学着对自己负责","这样我会更舒服自在","我想先自己消化","reason_0|reason_1|reason_2|reason_3","normal"
"L3-L3-02-046-7bd91a2e","L3","L3-02","兴趣|误解","最近这段时间，我喜欢「美食探店」，最不想被理解成「做事没长远考虑」。更贴近的是？","想保留一点自己的节奏","我在学着对自己负责","这样我会更舒服自在","我想先自己消化","reason_0|reason_1|reason_2|reason_3","normal"
"L3-L3-02-045-40996df0","L3","L3-02","兴趣|误解","如果只能选一个更贴近的：我喜欢「美食探店」，最不想被理解成「做事没长远考虑」。更贴近的是？","想保留一点自己的节奏","我在学着对自己负责","这样我会更舒服自在","我想先自己消化","reason_0|reason_1|reason_2|reason_3","normal"
"L3-L3-02-079-d902710e","L3","L3-02","兴趣|误解","在我们家沟通里，我喜欢「某个影视作品」，最不想被理解成「在赌气」。更贴近的是？","这是我表达自己的方式","我想被看见真实的自己","这样我会更舒服自在","这能让我从压力里喘口气","reason_0|reason_1|reason_2|reason_3","normal"
"L3-L3-02-113-438a66c1","L3","L3-02","兴趣|误解","如果只能选一个更贴近的：我喜欢「一项运动」，最不想被理解成「故意唱反调」。更贴近的是？","这是我表达自己的方式","我需要一点点掌控感","我想用自己的方式爱这个家","这样我会更舒服自在","reason_0|reason_1|reason_2|reason_3","normal"
"L3-L3-02-112-312af7f7","L3","L3-02","兴趣|误解","我喜欢「一项运动」，最不想被理解成「故意唱反调」。更贴近的是？","这是我表达自己的方式","我需要一点点掌控感","我想用自己的方式爱这个家","这样我会更舒服自在","reason_0|reason_1|reason_2|reason_3","normal"
"L3-L3-02-111-d3d2dff9","L3","L3-02","兴趣|误解","在我们家沟通里，我喜欢「美食探店」，最不想被理解成「不接受你们的好意」。更贴近的是？","想保留一点自己的节奏","我想被看见真实的自己","这对我的心理健康有帮助","我想先自己消化","reason_0|reason_1|reason_2|reason_3","normal"
"L3-L3-02-116-3d8481d3","L3","L3-02","兴趣|误解","我喜欢「二次元或圈层文化」，最不想被理解成「做事没长远考虑」。更贴近的是？","我想被看见真实的自己","这对我的心理健康有帮助","我需要一点点掌控感","这样我会更舒服自在","reason_0|reason_1|reason_2|reason_3","normal"
"L3-L3-02-115-d36ebdd7","L3","L3-02","兴趣|误解","在我们家沟通里，我喜欢「一项运动」，最不想被理解成「故意唱反调」。更贴近的是？","这是我表达自己的方式","我需要一点点掌控感","我想用自己的方式爱这个家","这样我会更舒服自在","reason_0|reason_1|reason_2|reason_3","normal"
"L3-L3-02-114-697f31df","L3","L3-02","兴趣|误解","最近这段时间，我喜欢「一项运动」，最不想被理解成「故意唱反调」。更贴近的是？","这是我表达自己的方式","我需要一点点掌控感","我想用自己的方式爱这个家","这样我会更舒服自在","reason_0|reason_1|reason_2|reason_3","normal"
"L3-L3-02-107-af9c823b","L3","L3-02","兴趣|误解","在我们家沟通里，我喜欢「美妆或护肤研究」，最不想被理解成「只顾自己玩」。更贴近的是？","这能让我从压力里喘口气","我需要一点点掌控感","我想用自己的方式爱这个家","我在认真尝试喜欢的事","reason_0|reason_1|reason_2|reason_3","normal"
"L3-L3-02-106-b1aa0911","L3","L3-02","兴趣|误解","最近这段时间，我喜欢「美妆或护肤研究」，最不想被理解成「只顾自己玩」。更贴近的是？","这能让我从压力里喘口气","我需要一点点掌控感","我想用自己的方式爱这个家","我在认真尝试喜欢的事","reason_0|reason_1|reason_2|reason_3","normal"
"L3-L3-02-105-58638899","L3","L3-02","兴趣|误解","如果只能选一个更贴近的：我喜欢「美妆或护肤研究」，最不想被理解成「只顾自己玩」。更贴近的是？","这能让我从压力里喘口气","我需要一点点掌控感","我想用自己的方式爱这个家","我在认真尝试喜欢的事","reason_0|reason_1|reason_2|reason_3","normal"
"L3-L3-02-110-e3ac5ea2","L3","L3-02","兴趣|误解","最近这段时间，我喜欢「美食探店」，最不想被理解成「不接受你们的好意」。更贴近的是？","想保留一点自己的节奏","我想被看见真实的自己","这对我的心理健康有帮助","我想先自己消化","reason_0|reason_1|reason_2|reason_3","normal"
"L3-L3-02-109-cc6bb74f","L3","L3-02","兴趣|误解","如果只能选一个更贴近的：我喜欢「美食探店」，最不想被理解成「不接受你们的好意」。更贴近的是？","想保留一点自己的节奏","我想被看见真实的自己","这对我的心理健康有帮助","我想先自己消化","reason_0|reason_1|reason_2|reason_3","normal"
"L3-L3-02-108-fa4f7715","L3","L3-02","兴趣|误解","我喜欢「美食探店」，最不想被理解成「不接受你们的好意」。更贴近的是？","想保留一点自己的节奏","我想被看见真实的自己","这对我的心理健康有帮助","我想先自己消化","reason_0|reason_1|reason_2|reason_3","normal"
"L3-L3-02-117-a1b406b7","L3","L3-02","兴趣|误解","如果只能选一个更贴近的：我喜欢「二次元或圈层文化」，最不想被理解成「做事没长远考虑」。更贴近的是？","我想被看见真实的自己","这对我的心理健康有帮助","我需要一点点掌控感","这样我会更舒服自在","reason_0|reason_1|reason_2|reason_3","normal"
"L3-L3-02-126-db228a7c","L3","L3-02","兴趣|误解","最近这段时间，我喜欢「手作或收藏」，最不想被理解成「想摆脱这个家」。更贴近的是？","我需要一点点掌控感","我在学着对自己负责","我在认真尝试喜欢的事","我希望被当成成年人看待","reason_0|reason_1|reason_2|reason_3","normal"
"L3-L3-02-125-98e515e4","L3","L3-02","兴趣|误解","如果只能选一个更贴近的：我喜欢「手作或收藏」，最不想被理解成「想摆脱这个家」。更贴近的是？","我需要一点点掌控感","我在学着对自己负责","我在认真尝试喜欢的事","我希望被当成成年人看待","reason_0|reason_1|reason_2|reason_3","normal"
"L3-L3-02-124-33250a16","L3","L3-02","兴趣|误解","我喜欢「手作或收藏」，最不想被理解成「想摆脱这个家」。更贴近的是？","我需要一点点掌控感","我在学着对自己负责","我在认真尝试喜欢的事","我希望被当成成年人看待","reason_0|reason_1|reason_2|reason_3","normal"
"L3-L3-02-129-037900fb","L3","L3-02","兴趣|误解","如果只能选一个更贴近的：我喜欢「手作或收藏」，最不想被理解成「不把家里放在心上」。更贴近的是？","我在学着对自己负责","这是我表达自己的方式","我需要一点点掌控感","这对我的心理健康有帮助","reason_0|reason_1|reason_2|reason_3","normal"
"L3-L3-02-128-e2703ed1","L3","L3-02","兴趣|误解","我喜欢「手作或收藏」，最不想被理解成「不把家里放在心上」。更贴近的是？","我在学着对自己负责","这是我表达自己的方式","我需要一点点掌控感","这对我的心理健康有帮助","reason_0|reason_1|reason_2|reason_3","normal"
"L3-L3-02-127-aedb54a1","L3","L3-02","兴趣|误解","在我们家沟通里，我喜欢「手作或收藏」，最不想被理解成「想摆脱这个家」。更贴近的是？","我需要一点点掌控感","我在学着对自己负责","我在认真尝试喜欢的事","我希望被当成成年人看待","reason_0|reason_1|reason_2|reason_3","normal"
"L3-L3-02-120-b24f9d94","L3","L3-02","兴趣|误解","我喜欢「旅行目的地偏好」，最不想被理解成「做事没长远考虑」。更贴近的是？","这样我会更舒服自在","这是我表达自己的方式","想保留一点自己的节奏","我想先自己消化","reason_0|reason_1|reason_2|reason_3","normal"
"L3-L3-02-119-3a6f6821","L3","L3-02","兴趣|误解","在我们家沟通里，我喜欢「二次元或圈层文化」，最不想被理解成「做事没长远考虑」。更贴近的是？","我想被看见真实的自己","这对我的心理健康有帮助","我需要一点点掌控感","这样我会更舒服自在","reason_0|reason_1|reason_2|reason_3","normal"
"L3-L3-02-118-bdd94677","L3","L3-02","兴趣|误解","最近这段时间，我喜欢「二次元或圈层文化」，最不想被理解成「做事没长远考虑」。更贴近的是？","我想被看见真实的自己","这对我的心理健康有帮助","我需要一点点掌控感","这样我会更舒服自在","reason_0|reason_1|reason_2|reason_3","normal"
"L3-L3-02-123-9a22b255","L3","L3-02","兴趣|误解","在我们家沟通里，我喜欢「旅行目的地偏好」，最不想被理解成「做事没长远考虑」。更贴近的是？","这样我会更舒服自在","这是我表达自己的方式","想保留一点自己的节奏","我想先自己消化","reason_0|reason_1|reason_2|reason_3","normal"
"L3-L3-02-122-9d7f6e02","L3","L3-02","兴趣|误解","最近这段时间，我喜欢「旅行目的地偏好」，最不想被理解成「做事没长远考虑」。更贴近的是？","这样我会更舒服自在","这是我表达自己的方式","想保留一点自己的节奏","我想先自己消化","reason_0|reason_1|reason_2|reason_3","normal"
"L3-L3-02-121-adbcce76","L3","L3-02","兴趣|误解","如果只能选一个更贴近的：我喜欢「旅行目的地偏好」，最不想被理解成「做事没长远考虑」。更贴近的是？","这样我会更舒服自在","这是我表达自己的方式","想保留一点自己的节奏","我想先自己消化","reason_0|reason_1|reason_2|reason_3","normal"
"L3-L3-02-088-ebdf26e4","L3","L3-02","兴趣|误解","我喜欢「某个影视作品」，最不想被理解成「叛逆或不听话」。更贴近的是？","想保留一点自己的节奏","我想先自己消化","这能让我从压力里喘口气","我在学着对自己负责","reason_0|reason_1|reason_2|reason_3","normal"
"L3-L3-02-087-84a56a2a","L3","L3-02","兴趣|误解","在我们家沟通里，我喜欢「旅行目的地偏好」，最不想被理解成「在赌气」。更贴近的是？","我在学着对自己负责","我想先自己消化","我希望被当成成年人看待","这是我表达自己的方式","reason_0|reason_1|reason_2|reason_3","normal"
"L3-L3-02-086-035fc179","L3","L3-02","兴趣|误解","最近这段时间，我喜欢「旅行目的地偏好」，最不想被理解成「在赌气」。更贴近的是？","我在学着对自己负责","我想先自己消化","我希望被当成成年人看待","这是我表达自己的方式","reason_0|reason_1|reason_2|reason_3","normal"
"L3-L3-02-091-eab6de5b","L3","L3-02","兴趣|误解","在我们家沟通里，我喜欢「某个影视作品」，最不想被理解成「叛逆或不听话」。更贴近的是？","想保留一点自己的节奏","我想先自己消化","这能让我从压力里喘口气","我在学着对自己负责","reason_0|reason_1|reason_2|reason_3","normal"
"L3-L3-02-090-888e874f","L3","L3-02","兴趣|误解","最近这段时间，我喜欢「某个影视作品」，最不想被理解成「叛逆或不听话」。更贴近的是？","想保留一点自己的节奏","我想先自己消化","这能让我从压力里喘口气","我在学着对自己负责","reason_0|reason_1|reason_2|reason_3","normal"
"L3-L3-02-089-a34456d1","L3","L3-02","兴趣|误解","如果只能选一个更贴近的：我喜欢「某个影视作品」，最不想被理解成「叛逆或不听话」。更贴近的是？","想保留一点自己的节奏","我想先自己消化","这能让我从压力里喘口气","我在学着对自己负责","reason_0|reason_1|reason_2|reason_3","normal"
"L3-L3-02-082-965eb532","L3","L3-02","兴趣|误解","最近这段时间，我喜欢「宠物或云养宠」，最不想被理解成「不懂事或太自我」。更贴近的是？","这是我表达自己的方式","这能让我从压力里喘口气","我希望被当成成年人看待","想保留一点自己的节奏","reason_0|reason_1|reason_2|reason_3","normal"
"L3-L3-02-081-39eb6838","L3","L3-02","兴趣|误解","如果只能选一个更贴近的：我喜欢「宠物或云养宠」，最不想被理解成「不懂事或太自我」。更贴近的是？","这是我表达自己的方式","这能让我从压力里喘口气","我希望被当成成年人看待","想保留一点自己的节奏","reason_0|reason_1|reason_2|reason_3","normal"
"L3-L3-02-080-9270210f","L3","L3-02","兴趣|误解","我喜欢「宠物或云养宠」，最不想被理解成「不懂事或太自我」。更贴近的是？","这是我表达自己的方式","这能让我从压力里喘口气","我希望被当成成年人看待","想保留一点自己的节奏","reason_0|reason_1|reason_2|reason_3","normal"
"L3-L3-02-085-747bdf2a","L3","L3-02","兴趣|误解","如果只能选一个更贴近的：我喜欢「旅行目的地偏好」，最不想被理解成「在赌气」。更贴近的是？","我在学着对自己负责","我想先自己消化","我希望被当成成年人看待","这是我表达自己的方式","reason_0|reason_1|reason_2|reason_3","normal"
"L3-L3-02-084-87bb1226","L3","L3-02","兴趣|误解","我喜欢「旅行目的地偏好」，最不想被理解成「在赌气」。更贴近的是？","我在学着对自己负责","我想先自己消化","我希望被当成成年人看待","这是我表达自己的方式","reason_0|reason_1|reason_2|reason_3","normal"
"L3-L3-02-083-7761ff45","L3","L3-02","兴趣|误解","在我们家沟通里，我喜欢「宠物或云养宠」，最不想被理解成「不懂事或太自我」。更贴近的是？","这是我表达自己的方式","这能让我从压力里喘口气","我希望被当成成年人看待","想保留一点自己的节奏","reason_0|reason_1|reason_2|reason_3","normal"
"L3-L3-02-092-649b2fb0","L3","L3-02","兴趣|误解","我喜欢「一类音乐」，最不想被理解成「在赌气」。更贴近的是？","这能让我从压力里喘口气","我想被看见真实的自己","我想用自己的方式爱这个家","我希望被当成成年人看待","reason_0|reason_1|reason_2|reason_3","normal"
"L3-L3-02-101-92bac6b4","L3","L3-02","兴趣|误解","如果只能选一个更贴近的：我喜欢「某个影视作品」，最不想被理解成「浪费时间和钱」。更贴近的是？","我希望被当成成年人看待","我想用自己的方式爱这个家","我需要一点点掌控感","这是我表达自己的方式","reason_0|reason_1|reason_2|reason_3","normal"
"L3-L3-02-100-d2bde163","L3","L3-02","兴趣|误解","我喜欢「某个影视作品」，最不想被理解成「浪费时间和钱」。更贴近的是？","我希望被当成成年人看待","我想用自己的方式爱这个家","我需要一点点掌控感","这是我表达自己的方式","reason_0|reason_1|reason_2|reason_3","normal"
"L3-L3-02-099-7d422655","L3","L3-02","兴趣|误解","在我们家沟通里，我喜欢「发色或发型变化」，最不想被理解成「浪费时间和钱」。更贴近的是？","我想被看见真实的自己","这能让我从压力里喘口气","这是我表达自己的方式","我想先自己消化","reason_0|reason_1|reason_2|reason_3","normal"
"L3-L3-02-104-26d33d9e","L3","L3-02","兴趣|误解","我喜欢「美妆或护肤研究」，最不想被理解成「只顾自己玩」。更贴近的是？","这能让我从压力里喘口气","我需要一点点掌控感","我想用自己的方式爱这个家","我在认真尝试喜欢的事","reason_0|reason_1|reason_2|reason_3","normal"
"L3-L3-02-103-350f173b","L3","L3-02","兴趣|误解","在我们家沟通里，我喜欢「某个影视作品」，最不想被理解成「浪费时间和钱」。更贴近的是？","我希望被当成成年人看待","我想用自己的方式爱这个家","我需要一点点掌控感","这是我表达自己的方式","reason_0|reason_1|reason_2|reason_3","normal"
"L3-L3-02-102-7a7c29a7","L3","L3-02","兴趣|误解","最近这段时间，我喜欢「某个影视作品」，最不想被理解成「浪费时间和钱」。更贴近的是？","我希望被当成成年人看待","我想用自己的方式爱这个家","我需要一点点掌控感","这是我表达自己的方式","reason_0|reason_1|reason_2|reason_3","normal"
"L3-L3-02-095-8c08e9a7","L3","L3-02","兴趣|误解","在我们家沟通里，我喜欢「一类音乐」，最不想被理解成「在赌气」。更贴近的是？","这能让我从压力里喘口气","我想被看见真实的自己","我想用自己的方式爱这个家","我希望被当成成年人看待","reason_0|reason_1|reason_2|reason_3","normal"
"L3-L3-02-094-22361f4e","L3","L3-02","兴趣|误解","最近这段时间，我喜欢「一类音乐」，最不想被理解成「在赌气」。更贴近的是？","这能让我从压力里喘口气","我想被看见真实的自己","我想用自己的方式爱这个家","我希望被当成成年人看待","reason_0|reason_1|reason_2|reason_3","normal"
"L3-L3-02-093-51620d61","L3","L3-02","兴趣|误解","如果只能选一个更贴近的：我喜欢「一类音乐」，最不想被理解成「在赌气」。更贴近的是？","这能让我从压力里喘口气","我想被看见真实的自己","我想用自己的方式爱这个家","我希望被当成成年人看待","reason_0|reason_1|reason_2|reason_3","normal"
"L3-L3-02-098-5d309432","L3","L3-02","兴趣|误解","最近这段时间，我喜欢「发色或发型变化」，最不想被理解成「浪费时间和钱」。更贴近的是？","我想被看见真实的自己","这能让我从压力里喘口气","这是我表达自己的方式","我想先自己消化","reason_0|reason_1|reason_2|reason_3","normal"
"L3-L3-02-097-c2c22f16","L3","L3-02","兴趣|误解","如果只能选一个更贴近的：我喜欢「发色或发型变化」，最不想被理解成「浪费时间和钱」。更贴近的是？","我想被看见真实的自己","这能让我从压力里喘口气","这是我表达自己的方式","我想先自己消化","reason_0|reason_1|reason_2|reason_3","normal"
"L3-L3-02-096-71dba75f","L3","L3-02","兴趣|误解","我喜欢「发色或发型变化」，最不想被理解成「浪费时间和钱」。更贴近的是？","我想被看见真实的自己","这能让我从压力里喘口气","这是我表达自己的方式","我想先自己消化","reason_0|reason_1|reason_2|reason_3","normal"
"L3-L3-01-033-3e23e197","L3","L3-01","兴趣","如果只能选一个更贴近的：我对「手作或收藏」投入时间，更真实的原因是？","我想用自己的方式爱这个家","想保留一点自己的节奏","这能让我从压力里喘口气","这是我表达自己的方式","reason_0|reason_1|reason_2|reason_3","normal"
"L3-L3-01-032-a3b3824b","L3","L3-01","兴趣","我对「手作或收藏」投入时间，更真实的原因是？","我想用自己的方式爱这个家","想保留一点自己的节奏","这能让我从压力里喘口气","这是我表达自己的方式","reason_0|reason_1|reason_2|reason_3","normal"
"L3-L3-01-031-c3c73a9d","L3","L3-01","兴趣","在我们家沟通里，我对「一类音乐」投入时间，更真实的原因是？","想保留一点自己的节奏","我需要一点点掌控感","我想被看见真实的自己","我想先自己消化","reason_0|reason_1|reason_2|reason_3","normal"
"L3-L3-01-036-9fa7d756","L3","L3-01","兴趣","我对「小众爱好」投入时间，更真实的原因是？","我想被看见真实的自己","这对我的心理健康有帮助","我希望被当成成年人看待","这能让我从压力里喘口气","reason_0|reason_1|reason_2|reason_3","normal"
"L3-L3-01-035-6d251ed4","L3","L3-01","兴趣","在我们家沟通里，我对「手作或收藏」投入时间，更真实的原因是？","我想用自己的方式爱这个家","想保留一点自己的节奏","这能让我从压力里喘口气","这是我表达自己的方式","reason_0|reason_1|reason_2|reason_3","normal"
"L3-L3-01-034-e6ac4ecc","L3","L3-01","兴趣","最近这段时间，我对「手作或收藏」投入时间，更真实的原因是？","我想用自己的方式爱这个家","想保留一点自己的节奏","这能让我从压力里喘口气","这是我表达自己的方式","reason_0|reason_1|reason_2|reason_3","normal"
"L3-L3-01-027-a7cd9ba2","L3","L3-01","兴趣","在我们家沟通里，我对「美妆或护肤研究」投入时间，更真实的原因是？","这能让我从压力里喘口气","这对我的心理健康有帮助","我想被看见真实的自己","这样我会更舒服自在","reason_0|reason_1|reason_2|reason_3","normal"
"L3-L3-01-026-15727244","L3","L3-01","兴趣","最近这段时间，我对「美妆或护肤研究」投入时间，更真实的原因是？","这能让我从压力里喘口气","这对我的心理健康有帮助","我想被看见真实的自己","这样我会更舒服自在","reason_0|reason_1|reason_2|reason_3","normal"
"L3-L3-01-025-b94bbb95","L3","L3-01","兴趣","如果只能选一个更贴近的：我对「美妆或护肤研究」投入时间，更真实的原因是？","这能让我从压力里喘口气","这对我的心理健康有帮助","我想被看见真实的自己","这样我会更舒服自在","reason_0|reason_1|reason_2|reason_3","normal"
"L3-L3-01-030-2838bfa2","L3","L3-01","兴趣","最近这段时间，我对「一类音乐」投入时间，更真实的原因是？","想保留一点自己的节奏","我需要一点点掌控感","我想被看见真实的自己","我想先自己消化","reason_0|reason_1|reason_2|reason_3","normal"
"L3-L3-01-029-0429b14f","L3","L3-01","兴趣","如果只能选一个更贴近的：我对「一类音乐」投入时间，更真实的原因是？","想保留一点自己的节奏","我需要一点点掌控感","我想被看见真实的自己","我想先自己消化","reason_0|reason_1|reason_2|reason_3","normal"
"L3-L3-01-028-f92981f4","L3","L3-01","兴趣","我对「一类音乐」投入时间，更真实的原因是？","想保留一点自己的节奏","我需要一点点掌控感","我想被看见真实的自己","我想先自己消化","reason_0|reason_1|reason_2|reason_3","normal"
"L3-L3-01-037-f473d0e8","L3","L3-01","兴趣","如果只能选一个更贴近的：我对「小众爱好」投入时间，更真实的原因是？","我想被看见真实的自己","这对我的心理健康有帮助","我希望被当成成年人看待","这能让我从压力里喘口气","reason_0|reason_1|reason_2|reason_3","normal"
"L3-L3-01-046-cba08829","L3","L3-01","兴趣","最近这段时间，我对「某个影视作品」投入时间，更真实的原因是？","我想被看见真实的自己","这样我会更舒服自在","我想先自己消化","这是我表达自己的方式","reason_0|reason_1|reason_2|reason_3","normal"
"L3-L3-01-045-937733c0","L3","L3-01","兴趣","如果只能选一个更贴近的：我对「某个影视作品」投入时间，更真实的原因是？","我想被看见真实的自己","这样我会更舒服自在","我想先自己消化","这是我表达自己的方式","reason_0|reason_1|reason_2|reason_3","normal"
"L3-L3-01-044-5615f187","L3","L3-01","兴趣","我对「某个影视作品」投入时间，更真实的原因是？","我想被看见真实的自己","这样我会更舒服自在","我想先自己消化","这是我表达自己的方式","reason_0|reason_1|reason_2|reason_3","normal"
"L3-L3-01-049-99833e0f","L3","L3-01","兴趣","如果只能选一个更贴近的：我对「拍照或创作」投入时间，更真实的原因是？","我需要一点点掌控感","我在学着对自己负责","这对我的心理健康有帮助","我希望被当成成年人看待","reason_0|reason_1|reason_2|reason_3","normal"
"L3-L3-01-048-db633c84","L3","L3-01","兴趣","我对「拍照或创作」投入时间，更真实的原因是？","我需要一点点掌控感","我在学着对自己负责","这对我的心理健康有帮助","我希望被当成成年人看待","reason_0|reason_1|reason_2|reason_3","normal"
"L3-L3-01-047-4d34d685","L3","L3-01","兴趣","在我们家沟通里，我对「某个影视作品」投入时间，更真实的原因是？","我想被看见真实的自己","这样我会更舒服自在","我想先自己消化","这是我表达自己的方式","reason_0|reason_1|reason_2|reason_3","normal"
"L3-L3-01-040-6f879886","L3","L3-01","兴趣","我对「发色或发型变化」投入时间，更真实的原因是？","我想被看见真实的自己","我在学着对自己负责","我想先自己消化","这是我表达自己的方式","reason_0|reason_1|reason_2|reason_3","normal"
"L3-L3-01-039-ab388db7","L3","L3-01","兴趣","在我们家沟通里，我对「小众爱好」投入时间，更真实的原因是？","我想被看见真实的自己","这对我的心理健康有帮助","我希望被当成成年人看待","这能让我从压力里喘口气","reason_0|reason_1|reason_2|reason_3","normal"
"L3-L3-01-038-e6c0a6b4","L3","L3-01","兴趣","最近这段时间，我对「小众爱好」投入时间，更真实的原因是？","我想被看见真实的自己","这对我的心理健康有帮助","我希望被当成成年人看待","这能让我从压力里喘口气","reason_0|reason_1|reason_2|reason_3","normal"
"L3-L3-01-043-959dc579","L3","L3-01","兴趣","在我们家沟通里，我对「发色或发型变化」投入时间，更真实的原因是？","我想被看见真实的自己","我在学着对自己负责","我想先自己消化","这是我表达自己的方式","reason_0|reason_1|reason_2|reason_3","normal"
"L3-L3-01-042-a259f46e","L3","L3-01","兴趣","最近这段时间，我对「发色或发型变化」投入时间，更真实的原因是？","我想被看见真实的自己","我在学着对自己负责","我想先自己消化","这是我表达自己的方式","reason_0|reason_1|reason_2|reason_3","normal"
"L3-L3-01-041-0dd502c7","L3","L3-01","兴趣","如果只能选一个更贴近的：我对「发色或发型变化」投入时间，更真实的原因是？","我想被看见真实的自己","我在学着对自己负责","我想先自己消化","这是我表达自己的方式","reason_0|reason_1|reason_2|reason_3","normal"
"L3-L3-01-008-508643ac","L3","L3-01","兴趣","我对「美食探店」投入时间，更真实的原因是？","这是我表达自己的方式","我在学着对自己负责","我想用自己的方式爱这个家","这样我会更舒服自在","reason_0|reason_1|reason_2|reason_3","normal"
"L3-L3-01-007-6005d115","L3","L3-01","兴趣","在我们家沟通里，我对「一项运动」投入时间，更真实的原因是？","我想被看见真实的自己","这对我的心理健康有帮助","我想先自己消化","我想用自己的方式爱这个家","reason_0|reason_1|reason_2|reason_3","normal"
"L3-L3-01-006-67cbc667","L3","L3-01","兴趣","最近这段时间，我对「一项运动」投入时间，更真实的原因是？","我想被看见真实的自己","这对我的心理健康有帮助","我想先自己消化","我想用自己的方式爱这个家","reason_0|reason_1|reason_2|reason_3","normal"
"L3-L3-01-011-47624e30","L3","L3-01","兴趣","在我们家沟通里，我对「美食探店」投入时间，更真实的原因是？","这是我表达自己的方式","我在学着对自己负责","我想用自己的方式爱这个家","这样我会更舒服自在","reason_0|reason_1|reason_2|reason_3","normal"
"L3-L3-01-010-248085ee","L3","L3-01","兴趣","最近这段时间，我对「美食探店」投入时间，更真实的原因是？","这是我表达自己的方式","我在学着对自己负责","我想用自己的方式爱这个家","这样我会更舒服自在","reason_0|reason_1|reason_2|reason_3","normal"
"L3-L3-01-009-41e98976","L3","L3-01","兴趣","如果只能选一个更贴近的：我对「美食探店」投入时间，更真实的原因是？","这是我表达自己的方式","我在学着对自己负责","我想用自己的方式爱这个家","这样我会更舒服自在","reason_0|reason_1|reason_2|reason_3","normal"
"L3-L3-01-002-c8cc1fae","L3","L3-01","兴趣","最近这段时间，我对「宠物或云养宠」投入时间，更真实的原因是？","我想用自己的方式爱这个家","我在认真尝试喜欢的事","这是我表达自己的方式","我想先自己消化","reason_0|reason_1|reason_2|reason_3","normal"
"L3-L3-01-001-3b7d8409","L3","L3-01","兴趣","如果只能选一个更贴近的：我对「宠物或云养宠」投入时间，更真实的原因是？","我想用自己的方式爱这个家","我在认真尝试喜欢的事","这是我表达自己的方式","我想先自己消化","reason_0|reason_1|reason_2|reason_3","normal"
"L3-L3-01-000-edd0aa71","L3","L3-01","兴趣","我对「宠物或云养宠」投入时间，更真实的原因是？","我想用自己的方式爱这个家","我在认真尝试喜欢的事","这是我表达自己的方式","我想先自己消化","reason_0|reason_1|reason_2|reason_3","normal"
"L3-L3-01-005-d4a3eabd","L3","L3-01","兴趣","如果只能选一个更贴近的：我对「一项运动」投入时间，更真实的原因是？","我想被看见真实的自己","这对我的心理健康有帮助","我想先自己消化","我想用自己的方式爱这个家","reason_0|reason_1|reason_2|reason_3","normal"
"L3-L3-01-004-4aac7162","L3","L3-01","兴趣","我对「一项运动」投入时间，更真实的原因是？","我想被看见真实的自己","这对我的心理健康有帮助","我想先自己消化","我想用自己的方式爱这个家","reason_0|reason_1|reason_2|reason_3","normal"
"L3-L3-01-003-e669e01c","L3","L3-01","兴趣","在我们家沟通里，我对「宠物或云养宠」投入时间，更真实的原因是？","我想用自己的方式爱这个家","我在认真尝试喜欢的事","这是我表达自己的方式","我想先自己消化","reason_0|reason_1|reason_2|reason_3","normal"
"L3-L3-01-012-820c5609","L3","L3-01","兴趣","我对「旅行目的地偏好」投入时间，更真实的原因是？","我在学着对自己负责","我想被看见真实的自己","我想用自己的方式爱这个家","想保留一点自己的节奏","reason_0|reason_1|reason_2|reason_3","normal"
"L3-L3-01-021-6185ec1a","L3","L3-01","兴趣","如果只能选一个更贴近的：我对「展览或演出」投入时间，更真实的原因是？","想保留一点自己的节奏","我想先自己消化","我在认真尝试喜欢的事","这能让我从压力里喘口气","reason_0|reason_1|reason_2|reason_3","normal"
"L3-L3-01-020-f90f5de9","L3","L3-01","兴趣","我对「展览或演出」投入时间，更真实的原因是？","想保留一点自己的节奏","我想先自己消化","我在认真尝试喜欢的事","这能让我从压力里喘口气","reason_0|reason_1|reason_2|reason_3","normal"
"L3-L3-01-019-fb4e0b79","L3","L3-01","兴趣","在我们家沟通里，我对「播客或有声书」投入时间，更真实的原因是？","我想被看见真实的自己","这能让我从压力里喘口气","这是我表达自己的方式","我想用自己的方式爱这个家","reason_0|reason_1|reason_2|reason_3","normal"
"L3-L3-01-024-65d7a0d8","L3","L3-01","兴趣","我对「美妆或护肤研究」投入时间，更真实的原因是？","这能让我从压力里喘口气","这对我的心理健康有帮助","我想被看见真实的自己","这样我会更舒服自在","reason_0|reason_1|reason_2|reason_3","normal"
"L3-L3-01-023-367afff7","L3","L3-01","兴趣","在我们家沟通里，我对「展览或演出」投入时间，更真实的原因是？","想保留一点自己的节奏","我想先自己消化","我在认真尝试喜欢的事","这能让我从压力里喘口气","reason_0|reason_1|reason_2|reason_3","normal"
"L3-L3-01-022-5a03fa7a","L3","L3-01","兴趣","最近这段时间，我对「展览或演出」投入时间，更真实的原因是？","想保留一点自己的节奏","我想先自己消化","我在认真尝试喜欢的事","这能让我从压力里喘口气","reason_0|reason_1|reason_2|reason_3","normal"
"L3-L3-01-015-a795f8f1","L3","L3-01","兴趣","在我们家沟通里，我对「旅行目的地偏好」投入时间，更真实的原因是？","我在学着对自己负责","我想被看见真实的自己","我想用自己的方式爱这个家","想保留一点自己的节奏","reason_0|reason_1|reason_2|reason_3","normal"
"L3-L3-01-014-f7057e46","L3","L3-01","兴趣","最近这段时间，我对「旅行目的地偏好」投入时间，更真实的原因是？","我在学着对自己负责","我想被看见真实的自己","我想用自己的方式爱这个家","想保留一点自己的节奏","reason_0|reason_1|reason_2|reason_3","normal"
"L3-L3-01-013-6ef6127a","L3","L3-01","兴趣","如果只能选一个更贴近的：我对「旅行目的地偏好」投入时间，更真实的原因是？","我在学着对自己负责","我想被看见真实的自己","我想用自己的方式爱这个家","想保留一点自己的节奏","reason_0|reason_1|reason_2|reason_3","normal"
"L3-L3-01-018-5337388d","L3","L3-01","兴趣","最近这段时间，我对「播客或有声书」投入时间，更真实的原因是？","我想被看见真实的自己","这能让我从压力里喘口气","这是我表达自己的方式","我想用自己的方式爱这个家","reason_0|reason_1|reason_2|reason_3","normal"
"L3-L3-01-017-a05be691","L3","L3-01","兴趣","如果只能选一个更贴近的：我对「播客或有声书」投入时间，更真实的原因是？","我想被看见真实的自己","这能让我从压力里喘口气","这是我表达自己的方式","我想用自己的方式爱这个家","reason_0|reason_1|reason_2|reason_3","normal"
"L3-L3-01-016-3b74d64c","L3","L3-01","兴趣","我对「播客或有声书」投入时间，更真实的原因是？","我想被看见真实的自己","这能让我从压力里喘口气","这是我表达自己的方式","我想用自己的方式爱这个家","reason_0|reason_1|reason_2|reason_3","normal"
"L3-L3-01-050-04ad2c44","L3","L3-01","兴趣","最近这段时间，我对「拍照或创作」投入时间，更真实的原因是？","我需要一点点掌控感","我在学着对自己负责","这对我的心理健康有帮助","我希望被当成成年人看待","reason_0|reason_1|reason_2|reason_3","normal"
"L3-L3-02-012-99be2cda","L3","L3-02","兴趣|误解","我喜欢「展览或演出」，最不想被理解成「故意让你们担心」。更贴近的是？","这对我的心理健康有帮助","我想用自己的方式爱这个家","想保留一点自己的节奏","这样我会更舒服自在","reason_0|reason_1|reason_2|reason_3","normal"
"L3-L3-02-011-b4720cd4","L3","L3-02","兴趣|误解","在我们家沟通里，我喜欢「美食探店」，最不想被理解成「想摆脱这个家」。更贴近的是？","这对我的心理健康有帮助","我想先自己消化","这样我会更舒服自在","我需要一点点掌控感","reason_0|reason_1|reason_2|reason_3","normal"
"L3-L3-02-010-67a62fd4","L3","L3-02","兴趣|误解","最近这段时间，我喜欢「美食探店」，最不想被理解成「想摆脱这个家」。更贴近的是？","这对我的心理健康有帮助","我想先自己消化","这样我会更舒服自在","我需要一点点掌控感","reason_0|reason_1|reason_2|reason_3","normal"
"L3-L3-02-015-93a935dc","L3","L3-02","兴趣|误解","在我们家沟通里，我喜欢「展览或演出」，最不想被理解成「故意让你们担心」。更贴近的是？","这对我的心理健康有帮助","我想用自己的方式爱这个家","想保留一点自己的节奏","这样我会更舒服自在","reason_0|reason_1|reason_2|reason_3","normal"
"L3-L3-02-014-3eaa01f7","L3","L3-02","兴趣|误解","最近这段时间，我喜欢「展览或演出」，最不想被理解成「故意让你们担心」。更贴近的是？","这对我的心理健康有帮助","我想用自己的方式爱这个家","想保留一点自己的节奏","这样我会更舒服自在","reason_0|reason_1|reason_2|reason_3","normal"
"L3-L3-02-013-d79ef367","L3","L3-02","兴趣|误解","如果只能选一个更贴近的：我喜欢「展览或演出」，最不想被理解成「故意让你们担心」。更贴近的是？","这对我的心理健康有帮助","我想用自己的方式爱这个家","想保留一点自己的节奏","这样我会更舒服自在","reason_0|reason_1|reason_2|reason_3","normal"
"L3-L3-02-006-0b93941d","L3","L3-02","兴趣|误解","最近这段时间，我喜欢「小众爱好」，最不想被理解成「不把家里放在心上」。更贴近的是？","我想被看见真实的自己","这样我会更舒服自在","这是我表达自己的方式","我在学着对自己负责","reason_0|reason_1|reason_2|reason_3","normal"
"L3-L3-02-005-985b48df","L3","L3-02","兴趣|误解","如果只能选一个更贴近的：我喜欢「小众爱好」，最不想被理解成「不把家里放在心上」。更贴近的是？","我想被看见真实的自己","这样我会更舒服自在","这是我表达自己的方式","我在学着对自己负责","reason_0|reason_1|reason_2|reason_3","normal"
"L3-L3-02-004-c224df33","L3","L3-02","兴趣|误解","我喜欢「小众爱好」，最不想被理解成「不把家里放在心上」。更贴近的是？","我想被看见真实的自己","这样我会更舒服自在","这是我表达自己的方式","我在学着对自己负责","reason_0|reason_1|reason_2|reason_3","normal"
"L3-L3-02-009-83ecf86c","L3","L3-02","兴趣|误解","如果只能选一个更贴近的：我喜欢「美食探店」，最不想被理解成「想摆脱这个家」。更贴近的是？","这对我的心理健康有帮助","我想先自己消化","这样我会更舒服自在","我需要一点点掌控感","reason_0|reason_1|reason_2|reason_3","normal"
"L3-L3-02-008-3d0032c2","L3","L3-02","兴趣|误解","我喜欢「美食探店」，最不想被理解成「想摆脱这个家」。更贴近的是？","这对我的心理健康有帮助","我想先自己消化","这样我会更舒服自在","我需要一点点掌控感","reason_0|reason_1|reason_2|reason_3","normal"
"L3-L3-02-007-307e32da","L3","L3-02","兴趣|误解","在我们家沟通里，我喜欢「小众爱好」，最不想被理解成「不把家里放在心上」。更贴近的是？","我想被看见真实的自己","这样我会更舒服自在","这是我表达自己的方式","我在学着对自己负责","reason_0|reason_1|reason_2|reason_3","normal"
"L3-L3-02-016-278d2070","L3","L3-02","兴趣|误解","我喜欢「手作或收藏」，最不想被理解成「故意让你们担心」。更贴近的是？","想保留一点自己的节奏","我想先自己消化","这对我的心理健康有帮助","我在认真尝试喜欢的事","reason_0|reason_1|reason_2|reason_3","normal"
"L3-L3-02-025-7260884a","L3","L3-02","兴趣|误解","如果只能选一个更贴近的：我喜欢「手作或收藏」，最不想被理解成「浪费时间和钱」。更贴近的是？","我需要一点点掌控感","这是我表达自己的方式","我在认真尝试喜欢的事","我想先自己消化","reason_0|reason_1|reason_2|reason_3","normal"
"L3-L3-02-024-32dba38b","L3","L3-02","兴趣|误解","我喜欢「手作或收藏」，最不想被理解成「浪费时间和钱」。更贴近的是？","我需要一点点掌控感","这是我表达自己的方式","我在认真尝试喜欢的事","我想先自己消化","reason_0|reason_1|reason_2|reason_3","normal"
"L3-L3-02-023-efa600d5","L3","L3-02","兴趣|误解","在我们家沟通里，我喜欢「数码设备折腾」，最不想被理解成「只顾自己玩」。更贴近的是？","这是我表达自己的方式","我需要一点点掌控感","我想先自己消化","我想用自己的方式爱这个家","reason_0|reason_1|reason_2|reason_3","normal"
"L3-L3-02-028-4e27598b","L3","L3-02","兴趣|误解","我喜欢「播客或有声书」，最不想被理解成「想摆脱这个家」。更贴近的是？","想保留一点自己的节奏","我需要一点点掌控感","这样我会更舒服自在","我想先自己消化","reason_0|reason_1|reason_2|reason_3","normal"
"L3-L3-02-027-2c1e0c4b","L3","L3-02","兴趣|误解","在我们家沟通里，我喜欢「手作或收藏」，最不想被理解成「浪费时间和钱」。更贴近的是？","我需要一点点掌控感","这是我表达自己的方式","我在认真尝试喜欢的事","我想先自己消化","reason_0|reason_1|reason_2|reason_3","normal"
"L3-L3-02-026-7b585af8","L3","L3-02","兴趣|误解","最近这段时间，我喜欢「手作或收藏」，最不想被理解成「浪费时间和钱」。更贴近的是？","我需要一点点掌控感","这是我表达自己的方式","我在认真尝试喜欢的事","我想先自己消化","reason_0|reason_1|reason_2|reason_3","normal"
"L3-L3-02-019-0a2d02a5","L3","L3-02","兴趣|误解","在我们家沟通里，我喜欢「手作或收藏」，最不想被理解成「故意让你们担心」。更贴近的是？","想保留一点自己的节奏","我想先自己消化","这对我的心理健康有帮助","我在认真尝试喜欢的事","reason_0|reason_1|reason_2|reason_3","normal"
"L3-L3-02-018-1849b6c3","L3","L3-02","兴趣|误解","最近这段时间，我喜欢「手作或收藏」，最不想被理解成「故意让你们担心」。更贴近的是？","想保留一点自己的节奏","我想先自己消化","这对我的心理健康有帮助","我在认真尝试喜欢的事","reason_0|reason_1|reason_2|reason_3","normal"
"L3-L3-02-017-672ccb07","L3","L3-02","兴趣|误解","如果只能选一个更贴近的：我喜欢「手作或收藏」，最不想被理解成「故意让你们担心」。更贴近的是？","想保留一点自己的节奏","我想先自己消化","这对我的心理健康有帮助","我在认真尝试喜欢的事","reason_0|reason_1|reason_2|reason_3","normal"
"L3-L3-02-022-e54ed8d9","L3","L3-02","兴趣|误解","最近这段时间，我喜欢「数码设备折腾」，最不想被理解成「只顾自己玩」。更贴近的是？","这是我表达自己的方式","我需要一点点掌控感","我想先自己消化","我想用自己的方式爱这个家","reason_0|reason_1|reason_2|reason_3","normal"
"L3-L3-02-021-dfa87e33","L3","L3-02","兴趣|误解","如果只能选一个更贴近的：我喜欢「数码设备折腾」，最不想被理解成「只顾自己玩」。更贴近的是？","这是我表达自己的方式","我需要一点点掌控感","我想先自己消化","我想用自己的方式爱这个家","reason_0|reason_1|reason_2|reason_3","normal"
"L3-L3-02-020-4465ac11","L3","L3-02","兴趣|误解","我喜欢「数码设备折腾」，最不想被理解成「只顾自己玩」。更贴近的是？","这是我表达自己的方式","我需要一点点掌控感","我想先自己消化","我想用自己的方式爱这个家","reason_0|reason_1|reason_2|reason_3","normal"
"L3-L3-01-059-cb7a894c","L3","L3-01","兴趣","在我们家沟通里，我对「一种游戏或追番」投入时间，更真实的原因是？","我想先自己消化","我在认真尝试喜欢的事","我想被看见真实的自己","我在学着对自己负责","reason_0|reason_1|reason_2|reason_3","normal"
"L3-L3-01-058-c19e0c85","L3","L3-01","兴趣","最近这段时间，我对「一种游戏或追番」投入时间，更真实的原因是？","我想先自己消化","我在认真尝试喜欢的事","我想被看见真实的自己","我在学着对自己负责","reason_0|reason_1|reason_2|reason_3","normal"
"L3-L3-01-057-e78e4980","L3","L3-01","兴趣","如果只能选一个更贴近的：我对「一种游戏或追番」投入时间，更真实的原因是？","我想先自己消化","我在认真尝试喜欢的事","我想被看见真实的自己","我在学着对自己负责","reason_0|reason_1|reason_2|reason_3","normal"
"L3-L3-01-062-17d580cb","L3","L3-01","兴趣","最近这段时间，我对「数码设备折腾」投入时间，更真实的原因是？","想保留一点自己的节奏","我想先自己消化","这对我的心理健康有帮助","我需要一点点掌控感","reason_0|reason_1|reason_2|reason_3","normal"
"L3-L3-01-061-48722c6b","L3","L3-01","兴趣","如果只能选一个更贴近的：我对「数码设备折腾」投入时间，更真实的原因是？","想保留一点自己的节奏","我想先自己消化","这对我的心理健康有帮助","我需要一点点掌控感","reason_0|reason_1|reason_2|reason_3","normal"
"L3-L3-01-060-b9536a6b","L3","L3-01","兴趣","我对「数码设备折腾」投入时间，更真实的原因是？","想保留一点自己的节奏","我想先自己消化","这对我的心理健康有帮助","我需要一点点掌控感","reason_0|reason_1|reason_2|reason_3","normal"
"L3-L3-01-053-7a0b9062","L3","L3-01","兴趣","如果只能选一个更贴近的：我对「某种穿搭风格」投入时间，更真实的原因是？","我在认真尝试喜欢的事","这样我会更舒服自在","我想用自己的方式爱这个家","我想被看见真实的自己","reason_0|reason_1|reason_2|reason_3","normal"
"L3-L3-01-052-1b21775d","L3","L3-01","兴趣","我对「某种穿搭风格」投入时间，更真实的原因是？","我在认真尝试喜欢的事","这样我会更舒服自在","我想用自己的方式爱这个家","我想被看见真实的自己","reason_0|reason_1|reason_2|reason_3","normal"
"L3-L3-01-051-c8e555ab","L3","L3-01","兴趣","在我们家沟通里，我对「拍照或创作」投入时间，更真实的原因是？","我需要一点点掌控感","我在学着对自己负责","这对我的心理健康有帮助","我希望被当成成年人看待","reason_0|reason_1|reason_2|reason_3","normal"
"L3-L3-01-056-b9a0d96b","L3","L3-01","兴趣","我对「一种游戏或追番」投入时间，更真实的原因是？","我想先自己消化","我在认真尝试喜欢的事","我想被看见真实的自己","我在学着对自己负责","reason_0|reason_1|reason_2|reason_3","normal"
"L3-L3-01-055-b62cf975","L3","L3-01","兴趣","在我们家沟通里，我对「某种穿搭风格」投入时间，更真实的原因是？","我在认真尝试喜欢的事","这样我会更舒服自在","我想用自己的方式爱这个家","我想被看见真实的自己","reason_0|reason_1|reason_2|reason_3","normal"
"L3-L3-01-054-76ce10da","L3","L3-01","兴趣","最近这段时间，我对「某种穿搭风格」投入时间，更真实的原因是？","我在认真尝试喜欢的事","这样我会更舒服自在","我想用自己的方式爱这个家","我想被看见真实的自己","reason_0|reason_1|reason_2|reason_3","normal"
"L3-L3-01-063-b7f3ae55","L3","L3-01","兴趣","在我们家沟通里，我对「数码设备折腾」投入时间，更真实的原因是？","想保留一点自己的节奏","我想先自己消化","这对我的心理健康有帮助","我需要一点点掌控感","reason_0|reason_1|reason_2|reason_3","normal"
"L3-L3-02-000-e7d35eb7","L3","L3-02","兴趣|误解","我喜欢「小众爱好」，最不想被理解成「叛逆或不听话」。更贴近的是？","我在学着对自己负责","这是我表达自己的方式","这对我的心理健康有帮助","想保留一点自己的节奏","reason_0|reason_1|reason_2|reason_3","normal"
"L3-L3-01-071-bb006a9c","L3","L3-01","兴趣","在我们家沟通里，我对「二次元或圈层文化」投入时间，更真实的原因是？","我在学着对自己负责","我想先自己消化","想保留一点自己的节奏","这能让我从压力里喘口气","reason_0|reason_1|reason_2|reason_3","normal"
"L3-L3-01-070-b50a5c23","L3","L3-01","兴趣","最近这段时间，我对「二次元或圈层文化」投入时间，更真实的原因是？","我在学着对自己负责","我想先自己消化","想保留一点自己的节奏","这能让我从压力里喘口气","reason_0|reason_1|reason_2|reason_3","normal"
"L3-L3-02-003-42bcb18f","L3","L3-02","兴趣|误解","在我们家沟通里，我喜欢「小众爱好」，最不想被理解成「叛逆或不听话」。更贴近的是？","我在学着对自己负责","这是我表达自己的方式","这对我的心理健康有帮助","想保留一点自己的节奏","reason_0|reason_1|reason_2|reason_3","normal"
"L3-L3-02-002-50ea9510","L3","L3-02","兴趣|误解","最近这段时间，我喜欢「小众爱好」，最不想被理解成「叛逆或不听话」。更贴近的是？","我在学着对自己负责","这是我表达自己的方式","这对我的心理健康有帮助","想保留一点自己的节奏","reason_0|reason_1|reason_2|reason_3","normal"
"L3-L3-02-001-a217dd16","L3","L3-02","兴趣|误解","如果只能选一个更贴近的：我喜欢「小众爱好」，最不想被理解成「叛逆或不听话」。更贴近的是？","我在学着对自己负责","这是我表达自己的方式","这对我的心理健康有帮助","想保留一点自己的节奏","reason_0|reason_1|reason_2|reason_3","normal"
"L3-L3-01-066-08149215","L3","L3-01","兴趣","最近这段时间，我对「骑行或徒步」投入时间，更真实的原因是？","我希望被当成成年人看待","这对我的心理健康有帮助","想保留一点自己的节奏","这是我表达自己的方式","reason_0|reason_1|reason_2|reason_3","normal"
"L3-L3-01-065-abba7482","L3","L3-01","兴趣","如果只能选一个更贴近的：我对「骑行或徒步」投入时间，更真实的原因是？","我希望被当成成年人看待","这对我的心理健康有帮助","想保留一点自己的节奏","这是我表达自己的方式","reason_0|reason_1|reason_2|reason_3","normal"
"L3-L3-01-064-c1eade2d","L3","L3-01","兴趣","我对「骑行或徒步」投入时间，更真实的原因是？","我希望被当成成年人看待","这对我的心理健康有帮助","想保留一点自己的节奏","这是我表达自己的方式","reason_0|reason_1|reason_2|reason_3","normal"
"L3-L3-01-069-1223c908","L3","L3-01","兴趣","如果只能选一个更贴近的：我对「二次元或圈层文化」投入时间，更真实的原因是？","我在学着对自己负责","我想先自己消化","想保留一点自己的节奏","这能让我从压力里喘口气","reason_0|reason_1|reason_2|reason_3","normal"
"L3-L3-01-068-8d8c0417","L3","L3-01","兴趣","我对「二次元或圈层文化」投入时间，更真实的原因是？","我在学着对自己负责","我想先自己消化","想保留一点自己的节奏","这能让我从压力里喘口气","reason_0|reason_1|reason_2|reason_3","normal"
"L3-L3-01-067-13461a75","L3","L3-01","兴趣","在我们家沟通里，我对「骑行或徒步」投入时间，更真实的原因是？","我希望被当成成年人看待","这对我的心理健康有帮助","想保留一点自己的节奏","这是我表达自己的方式","reason_0|reason_1|reason_2|reason_3","normal"
"L3-L3-02-264-fe37b111","L3","L3-02","兴趣|误解","我喜欢「美妆或护肤研究」，最不想被理解成「故意唱反调」。更贴近的是？","我想用自己的方式爱这个家","我在认真尝试喜欢的事","我想先自己消化","这对我的心理健康有帮助","reason_0|reason_1|reason_2|reason_3","normal"
"L3-L3-02-263-d32021fd","L3","L3-02","兴趣|误解","在我们家沟通里，我喜欢「美食探店」，最不想被理解成「被外界带坏了」。更贴近的是？","我在学着对自己负责","这能让我从压力里喘口气","我需要一点点掌控感","我想被看见真实的自己","reason_0|reason_1|reason_2|reason_3","normal"
"L3-L3-02-262-e69b13c5","L3","L3-02","兴趣|误解","最近这段时间，我喜欢「美食探店」，最不想被理解成「被外界带坏了」。更贴近的是？","我在学着对自己负责","这能让我从压力里喘口气","我需要一点点掌控感","我想被看见真实的自己","reason_0|reason_1|reason_2|reason_3","normal"
"L3-L3-02-267-c9549cdd","L3","L3-02","兴趣|误解","在我们家沟通里，我喜欢「美妆或护肤研究」，最不想被理解成「故意唱反调」。更贴近的是？","我想用自己的方式爱这个家","我在认真尝试喜欢的事","我想先自己消化","这对我的心理健康有帮助","reason_0|reason_1|reason_2|reason_3","normal"
"L3-L3-02-266-c3f0d2c8","L3","L3-02","兴趣|误解","最近这段时间，我喜欢「美妆或护肤研究」，最不想被理解成「故意唱反调」。更贴近的是？","我想用自己的方式爱这个家","我在认真尝试喜欢的事","我想先自己消化","这对我的心理健康有帮助","reason_0|reason_1|reason_2|reason_3","normal"
"L3-L3-02-265-e4b3f75c","L3","L3-02","兴趣|误解","如果只能选一个更贴近的：我喜欢「美妆或护肤研究」，最不想被理解成「故意唱反调」。更贴近的是？","我想用自己的方式爱这个家","我在认真尝试喜欢的事","我想先自己消化","这对我的心理健康有帮助","reason_0|reason_1|reason_2|reason_3","normal"
"L3-L3-02-258-0f65773c","L3","L3-02","兴趣|误解","最近这段时间，我喜欢「一种游戏或追番」，最不想被理解成「做事没长远考虑」。更贴近的是？","这是我表达自己的方式","我在学着对自己负责","这对我的心理健康有帮助","这能让我从压力里喘口气","reason_0|reason_1|reason_2|reason_3","normal"
"L3-L3-02-257-85a32c52","L3","L3-02","兴趣|误解","如果只能选一个更贴近的：我喜欢「一种游戏或追番」，最不想被理解成「做事没长远考虑」。更贴近的是？","这是我表达自己的方式","我在学着对自己负责","这对我的心理健康有帮助","这能让我从压力里喘口气","reason_0|reason_1|reason_2|reason_3","normal"
"L3-L3-02-256-ee4ca053","L3","L3-02","兴趣|误解","我喜欢「一种游戏或追番」，最不想被理解成「做事没长远考虑」。更贴近的是？","这是我表达自己的方式","我在学着对自己负责","这对我的心理健康有帮助","这能让我从压力里喘口气","reason_0|reason_1|reason_2|reason_3","normal"
"L3-L3-02-261-b9add69a","L3","L3-02","兴趣|误解","如果只能选一个更贴近的：我喜欢「美食探店」，最不想被理解成「被外界带坏了」。更贴近的是？","我在学着对自己负责","这能让我从压力里喘口气","我需要一点点掌控感","我想被看见真实的自己","reason_0|reason_1|reason_2|reason_3","normal"
"L3-L3-02-260-bcd988f4","L3","L3-02","兴趣|误解","我喜欢「美食探店」，最不想被理解成「被外界带坏了」。更贴近的是？","我在学着对自己负责","这能让我从压力里喘口气","我需要一点点掌控感","我想被看见真实的自己","reason_0|reason_1|reason_2|reason_3","normal"
"L3-L3-02-259-9055a1e9","L3","L3-02","兴趣|误解","在我们家沟通里，我喜欢「一种游戏或追番」，最不想被理解成「做事没长远考虑」。更贴近的是？","这是我表达自己的方式","我在学着对自己负责","这对我的心理健康有帮助","这能让我从压力里喘口气","reason_0|reason_1|reason_2|reason_3","normal"
"L3-L3-02-268-2d6b3988","L3","L3-02","兴趣|误解","我喜欢「美食探店」，最不想被理解成「故意让你们担心」。更贴近的是？","我需要一点点掌控感","我想先自己消化","我想被看见真实的自己","我希望被当成成年人看待","reason_0|reason_1|reason_2|reason_3","normal"
"L3-L3-02-277-942030fb","L3","L3-02","兴趣|误解","如果只能选一个更贴近的：我喜欢「某个影视作品」，最不想被理解成「只顾自己玩」。更贴近的是？","我希望被当成成年人看待","想保留一点自己的节奏","我想被看见真实的自己","这能让我从压力里喘口气","reason_0|reason_1|reason_2|reason_3","normal"
"L3-L3-02-276-a20e1f0d","L3","L3-02","兴趣|误解","我喜欢「某个影视作品」，最不想被理解成「只顾自己玩」。更贴近的是？","我希望被当成成年人看待","想保留一点自己的节奏","我想被看见真实的自己","这能让我从压力里喘口气","reason_0|reason_1|reason_2|reason_3","normal"
"L3-L3-02-275-43f22d10","L3","L3-02","兴趣|误解","在我们家沟通里，我喜欢「发色或发型变化」，最不想被理解成「不把家里放在心上」。更贴近的是？","想保留一点自己的节奏","这样我会更舒服自在","这能让我从压力里喘口气","这是我表达自己的方式","reason_0|reason_1|reason_2|reason_3","normal"
"L3-L3-02-280-124ac241","L3","L3-02","兴趣|误解","我喜欢「发色或发型变化」，最不想被理解成「想摆脱这个家」。更贴近的是？","这能让我从压力里喘口气","我希望被当成成年人看待","这对我的心理健康有帮助","我需要一点点掌控感","reason_0|reason_1|reason_2|reason_3","normal"
"L3-L3-02-279-bf1652bb","L3","L3-02","兴趣|误解","在我们家沟通里，我喜欢「某个影视作品」，最不想被理解成「只顾自己玩」。更贴近的是？","我希望被当成成年人看待","想保留一点自己的节奏","我想被看见真实的自己","这能让我从压力里喘口气","reason_0|reason_1|reason_2|reason_3","normal"
"L3-L3-02-278-cb591fed","L3","L3-02","兴趣|误解","最近这段时间，我喜欢「某个影视作品」，最不想被理解成「只顾自己玩」。更贴近的是？","我希望被当成成年人看待","想保留一点自己的节奏","我想被看见真实的自己","这能让我从压力里喘口气","reason_0|reason_1|reason_2|reason_3","normal"
"L3-L3-02-271-760bf473","L3","L3-02","兴趣|误解","在我们家沟通里，我喜欢「美食探店」，最不想被理解成「故意让你们担心」。更贴近的是？","我需要一点点掌控感","我想先自己消化","我想被看见真实的自己","我希望被当成成年人看待","reason_0|reason_1|reason_2|reason_3","normal"
"L3-L3-02-270-4152f6ed","L3","L3-02","兴趣|误解","最近这段时间，我喜欢「美食探店」，最不想被理解成「故意让你们担心」。更贴近的是？","我需要一点点掌控感","我想先自己消化","我想被看见真实的自己","我希望被当成成年人看待","reason_0|reason_1|reason_2|reason_3","normal"
"L3-L3-02-269-21f8e0d2","L3","L3-02","兴趣|误解","如果只能选一个更贴近的：我喜欢「美食探店」，最不想被理解成「故意让你们担心」。更贴近的是？","我需要一点点掌控感","我想先自己消化","我想被看见真实的自己","我希望被当成成年人看待","reason_0|reason_1|reason_2|reason_3","normal"
"L3-L3-02-274-2af6a529","L3","L3-02","兴趣|误解","最近这段时间，我喜欢「发色或发型变化」，最不想被理解成「不把家里放在心上」。更贴近的是？","想保留一点自己的节奏","这样我会更舒服自在","这能让我从压力里喘口气","这是我表达自己的方式","reason_0|reason_1|reason_2|reason_3","normal"
"L3-L3-02-273-1198a731","L3","L3-02","兴趣|误解","如果只能选一个更贴近的：我喜欢「发色或发型变化」，最不想被理解成「不把家里放在心上」。更贴近的是？","想保留一点自己的节奏","这样我会更舒服自在","这能让我从压力里喘口气","这是我表达自己的方式","reason_0|reason_1|reason_2|reason_3","normal"
"L3-L3-02-272-47157fe3","L3","L3-02","兴趣|误解","我喜欢「发色或发型变化」，最不想被理解成「不把家里放在心上」。更贴近的是？","想保留一点自己的节奏","这样我会更舒服自在","这能让我从压力里喘口气","这是我表达自己的方式","reason_0|reason_1|reason_2|reason_3","normal"
"L3-L3-02-239-25944d9a","L3","L3-02","兴趣|误解","在我们家沟通里，我喜欢「拍照或创作」，最不想被理解成「叛逆或不听话」。更贴近的是？","我希望被当成成年人看待","这是我表达自己的方式","想保留一点自己的节奏","这对我的心理健康有帮助","reason_0|reason_1|reason_2|reason_3","normal"
"L3-L3-02-238-51443031","L3","L3-02","兴趣|误解","最近这段时间，我喜欢「拍照或创作」，最不想被理解成「叛逆或不听话」。更贴近的是？","我希望被当成成年人看待","这是我表达自己的方式","想保留一点自己的节奏","这对我的心理健康有帮助","reason_0|reason_1|reason_2|reason_3","normal"
"L3-L3-02-237-7d7c1ed1","L3","L3-02","兴趣|误解","如果只能选一个更贴近的：我喜欢「拍照或创作」，最不想被理解成「叛逆或不听话」。更贴近的是？","我希望被当成成年人看待","这是我表达自己的方式","想保留一点自己的节奏","这对我的心理健康有帮助","reason_0|reason_1|reason_2|reason_3","normal"
"L3-L3-02-242-3631278e","L3","L3-02","兴趣|误解","最近这段时间，我喜欢「二次元或圈层文化」，最不想被理解成「故意唱反调」。更贴近的是？","我希望被当成成年人看待","我在认真尝试喜欢的事","我想被看见真实的自己","我在学着对自己负责","reason_0|reason_1|reason_2|reason_3","normal"
"L3-L3-02-241-726daee8","L3","L3-02","兴趣|误解","如果只能选一个更贴近的：我喜欢「二次元或圈层文化」，最不想被理解成「故意唱反调」。更贴近的是？","我希望被当成成年人看待","我在认真尝试喜欢的事","我想被看见真实的自己","我在学着对自己负责","reason_0|reason_1|reason_2|reason_3","normal"
"L3-L3-02-240-6fe35b20","L3","L3-02","兴趣|误解","我喜欢「二次元或圈层文化」，最不想被理解成「故意唱反调」。更贴近的是？","我希望被当成成年人看待","我在认真尝试喜欢的事","我想被看见真实的自己","我在学着对自己负责","reason_0|reason_1|reason_2|reason_3","normal"
"L3-L3-02-233-75d40426","L3","L3-02","兴趣|误解","如果只能选一个更贴近的：我喜欢「某种穿搭风格」，最不想被理解成「故意让你们担心」。更贴近的是？","我希望被当成成年人看待","这能让我从压力里喘口气","想保留一点自己的节奏","我在学着对自己负责","reason_0|reason_1|reason_2|reason_3","normal"
"L3-L3-02-232-4be1eb8f","L3","L3-02","兴趣|误解","我喜欢「某种穿搭风格」，最不想被理解成「故意让你们担心」。更贴近的是？","我希望被当成成年人看待","这能让我从压力里喘口气","想保留一点自己的节奏","我在学着对自己负责","reason_0|reason_1|reason_2|reason_3","normal"
"L3-L3-02-231-b33e895c","L3","L3-02","兴趣|误解","在我们家沟通里，我喜欢「展览或演出」，最不想被理解成「被外界带坏了」。更贴近的是？","这是我表达自己的方式","我想用自己的方式爱这个家","我希望被当成成年人看待","我需要一点点掌控感","reason_0|reason_1|reason_2|reason_3","normal"
"L3-L3-02-236-49ffdf3f","L3","L3-02","兴趣|误解","我喜欢「拍照或创作」，最不想被理解成「叛逆或不听话」。更贴近的是？","我希望被当成成年人看待","这是我表达自己的方式","想保留一点自己的节奏","这对我的心理健康有帮助","reason_0|reason_1|reason_2|reason_3","normal"
"L3-L3-02-235-ab0adee3","L3","L3-02","兴趣|误解","在我们家沟通里，我喜欢「某种穿搭风格」，最不想被理解成「故意让你们担心」。更贴近的是？","我希望被当成成年人看待","这能让我从压力里喘口气","想保留一点自己的节奏","我在学着对自己负责","reason_0|reason_1|reason_2|reason_3","normal"
"L3-L3-02-234-0b4d86db","L3","L3-02","兴趣|误解","最近这段时间，我喜欢「某种穿搭风格」，最不想被理解成「故意让你们担心」。更贴近的是？","我希望被当成成年人看待","这能让我从压力里喘口气","想保留一点自己的节奏","我在学着对自己负责","reason_0|reason_1|reason_2|reason_3","normal"
"L3-L3-02-243-abb56083","L3","L3-02","兴趣|误解","在我们家沟通里，我喜欢「二次元或圈层文化」，最不想被理解成「故意唱反调」。更贴近的是？","我希望被当成成年人看待","我在认真尝试喜欢的事","我想被看见真实的自己","我在学着对自己负责","reason_0|reason_1|reason_2|reason_3","normal"
"L3-L3-02-252-52bfe703","L3","L3-02","兴趣|误解","我喜欢「某种穿搭风格」，最不想被理解成「不接受你们的好意」。更贴近的是？","我需要一点点掌控感","我想先自己消化","想保留一点自己的节奏","这能让我从压力里喘口气","reason_0|reason_1|reason_2|reason_3","normal"
"L3-L3-02-251-c4a4b2fb","L3","L3-02","兴趣|误解","在我们家沟通里，我喜欢「展览或演出」，最不想被理解成「不接受你们的好意」。更贴近的是？","我想被看见真实的自己","我在认真尝试喜欢的事","我在学着对自己负责","我需要一点点掌控感","reason_0|reason_1|reason_2|reason_3","normal"
"L3-L3-02-250-1686126d","L3","L3-02","兴趣|误解","最近这段时间，我喜欢「展览或演出」，最不想被理解成「不接受你们的好意」。更贴近的是？","我想被看见真实的自己","我在认真尝试喜欢的事","我在学着对自己负责","我需要一点点掌控感","reason_0|reason_1|reason_2|reason_3","normal"
"L3-L3-02-255-0efc77c0","L3","L3-02","兴趣|误解","在我们家沟通里，我喜欢「某种穿搭风格」，最不想被理解成「不接受你们的好意」。更贴近的是？","我需要一点点掌控感","我想先自己消化","想保留一点自己的节奏","这能让我从压力里喘口气","reason_0|reason_1|reason_2|reason_3","normal"
"L3-L3-02-254-db562665","L3","L3-02","兴趣|误解","最近这段时间，我喜欢「某种穿搭风格」，最不想被理解成「不接受你们的好意」。更贴近的是？","我需要一点点掌控感","我想先自己消化","想保留一点自己的节奏","这能让我从压力里喘口气","reason_0|reason_1|reason_2|reason_3","normal"
"L3-L3-02-253-432e3bad","L3","L3-02","兴趣|误解","如果只能选一个更贴近的：我喜欢「某种穿搭风格」，最不想被理解成「不接受你们的好意」。更贴近的是？","我需要一点点掌控感","我想先自己消化","想保留一点自己的节奏","这能让我从压力里喘口气","reason_0|reason_1|reason_2|reason_3","normal"
"L3-L3-02-246-f97baa57","L3","L3-02","兴趣|误解","最近这段时间，我喜欢「发色或发型变化」，最不想被理解成「只顾自己玩」。更贴近的是？","这是我表达自己的方式","我在认真尝试喜欢的事","这能让我从压力里喘口气","我想用自己的方式爱这个家","reason_0|reason_1|reason_2|reason_3","normal"
"L3-L3-02-245-48755d33","L3","L3-02","兴趣|误解","如果只能选一个更贴近的：我喜欢「发色或发型变化」，最不想被理解成「只顾自己玩」。更贴近的是？","这是我表达自己的方式","我在认真尝试喜欢的事","这能让我从压力里喘口气","我想用自己的方式爱这个家","reason_0|reason_1|reason_2|reason_3","normal"
"L3-L3-02-244-dfdf2300","L3","L3-02","兴趣|误解","我喜欢「发色或发型变化」，最不想被理解成「只顾自己玩」。更贴近的是？","这是我表达自己的方式","我在认真尝试喜欢的事","这能让我从压力里喘口气","我想用自己的方式爱这个家","reason_0|reason_1|reason_2|reason_3","normal"
"L3-L3-02-249-f4965b51","L3","L3-02","兴趣|误解","如果只能选一个更贴近的：我喜欢「展览或演出」，最不想被理解成「不接受你们的好意」。更贴近的是？","我想被看见真实的自己","我在认真尝试喜欢的事","我在学着对自己负责","我需要一点点掌控感","reason_0|reason_1|reason_2|reason_3","normal"
"L3-L3-02-248-43a61681","L3","L3-02","兴趣|误解","我喜欢「展览或演出」，最不想被理解成「不接受你们的好意」。更贴近的是？","我想被看见真实的自己","我在认真尝试喜欢的事","我在学着对自己负责","我需要一点点掌控感","reason_0|reason_1|reason_2|reason_3","normal"
"L3-L3-02-247-062f129f","L3","L3-02","兴趣|误解","在我们家沟通里，我喜欢「发色或发型变化」，最不想被理解成「只顾自己玩」。更贴近的是？","这是我表达自己的方式","我在认真尝试喜欢的事","这能让我从压力里喘口气","我想用自己的方式爱这个家","reason_0|reason_1|reason_2|reason_3","normal"
"L3-L3-02-281-581cb979","L3","L3-02","兴趣|误解","如果只能选一个更贴近的：我喜欢「发色或发型变化」，最不想被理解成「想摆脱这个家」。更贴近的是？","这能让我从压力里喘口气","我希望被当成成年人看待","这对我的心理健康有帮助","我需要一点点掌控感","reason_0|reason_1|reason_2|reason_3","normal"
"L3-L3-02-315-a425f1a5","L3","L3-02","兴趣|误解","在我们家沟通里，我喜欢「发色或发型变化」，最不想被理解成「不接受你们的好意」。更贴近的是？","这是我表达自己的方式","我想被看见真实的自己","想保留一点自己的节奏","这能让我从压力里喘口气","reason_0|reason_1|reason_2|reason_3","normal"
"L3-L3-02-314-f9ca4f45","L3","L3-02","兴趣|误解","最近这段时间，我喜欢「发色或发型变化」，最不想被理解成「不接受你们的好意」。更贴近的是？","这是我表达自己的方式","我想被看见真实的自己","想保留一点自己的节奏","这能让我从压力里喘口气","reason_0|reason_1|reason_2|reason_3","normal"
"L3-L3-02-313-349ef3b1","L3","L3-02","兴趣|误解","如果只能选一个更贴近的：我喜欢「发色或发型变化」，最不想被理解成「不接受你们的好意」。更贴近的是？","这是我表达自己的方式","我想被看见真实的自己","想保留一点自己的节奏","这能让我从压力里喘口气","reason_0|reason_1|reason_2|reason_3","normal"
"L3-L3-02-318-d870d2ed","L3","L3-02","兴趣|误解","最近这段时间，我喜欢「小众爱好」，最不想被理解成「在赌气」。更贴近的是？","我需要一点点掌控感","这对我的心理健康有帮助","我想用自己的方式爱这个家","这是我表达自己的方式","reason_0|reason_1|reason_2|reason_3","normal"
"L3-L3-02-317-6b6a556d","L3","L3-02","兴趣|误解","如果只能选一个更贴近的：我喜欢「小众爱好」，最不想被理解成「在赌气」。更贴近的是？","我需要一点点掌控感","这对我的心理健康有帮助","我想用自己的方式爱这个家","这是我表达自己的方式","reason_0|reason_1|reason_2|reason_3","normal"
"L3-L3-02-316-37d1c59f","L3","L3-02","兴趣|误解","我喜欢「小众爱好」，最不想被理解成「在赌气」。更贴近的是？","我需要一点点掌控感","这对我的心理健康有帮助","我想用自己的方式爱这个家","这是我表达自己的方式","reason_0|reason_1|reason_2|reason_3","normal"
"L3-L3-02-309-fd18bcf0","L3","L3-02","兴趣|误解","如果只能选一个更贴近的：我喜欢「展览或演出」，最不想被理解成「叛逆或不听话」。更贴近的是？","这对我的心理健康有帮助","想保留一点自己的节奏","这是我表达自己的方式","我在认真尝试喜欢的事","reason_0|reason_1|reason_2|reason_3","normal"
"L3-L3-02-308-870b811e","L3","L3-02","兴趣|误解","我喜欢「展览或演出」，最不想被理解成「叛逆或不听话」。更贴近的是？","这对我的心理健康有帮助","想保留一点自己的节奏","这是我表达自己的方式","我在认真尝试喜欢的事","reason_0|reason_1|reason_2|reason_3","normal"
"L3-L3-02-307-15700c0f","L3","L3-02","兴趣|误解","在我们家沟通里，我喜欢「播客或有声书」，最不想被理解成「浪费时间和钱」。更贴近的是？","我希望被当成成年人看待","想保留一点自己的节奏","这样我会更舒服自在","我在认真尝试喜欢的事","reason_0|reason_1|reason_2|reason_3","normal"
"L3-L3-02-312-d8b97e4b","L3","L3-02","兴趣|误解","我喜欢「发色或发型变化」，最不想被理解成「不接受你们的好意」。更贴近的是？","这是我表达自己的方式","我想被看见真实的自己","想保留一点自己的节奏","这能让我从压力里喘口气","reason_0|reason_1|reason_2|reason_3","normal"
"L3-L3-02-311-2a6f3ac4","L3","L3-02","兴趣|误解","在我们家沟通里，我喜欢「展览或演出」，最不想被理解成「叛逆或不听话」。更贴近的是？","这对我的心理健康有帮助","想保留一点自己的节奏","这是我表达自己的方式","我在认真尝试喜欢的事","reason_0|reason_1|reason_2|reason_3","normal"
"L3-L3-02-310-2be7f5f1","L3","L3-02","兴趣|误解","最近这段时间，我喜欢「展览或演出」，最不想被理解成「叛逆或不听话」。更贴近的是？","这对我的心理健康有帮助","想保留一点自己的节奏","这是我表达自己的方式","我在认真尝试喜欢的事","reason_0|reason_1|reason_2|reason_3","normal"
"L3-L3-02-319-041c13e4","L3","L3-02","兴趣|误解","在我们家沟通里，我喜欢「小众爱好」，最不想被理解成「在赌气」。更贴近的是？","我需要一点点掌控感","这对我的心理健康有帮助","我想用自己的方式爱这个家","这是我表达自己的方式","reason_0|reason_1|reason_2|reason_3","normal"
"L3-L3-03-008-cf043dc3","L3","L3-03","外观","关于「换很短或很个性的发型」，我更希望你们怎么看？","这是审美，不是态度问题","请先问我为什么喜欢","可以不欣赏，但请尊重","外表变化不代表人生失控","aesthetic|curious|respect|stable","sensitive"
"L3-L3-03-007-90375472","L3","L3-03","外观","在我们家沟通里，关于「化妆变浓一点」，我更希望你们怎么看？","这是审美，不是态度问题","请先问我为什么喜欢","可以不欣赏，但请尊重","外表变化不代表人生失控","aesthetic|curious|respect|stable","sensitive"
"L3-L3-03-006-178ea2b9","L3","L3-03","外观","最近这段时间，关于「化妆变浓一点」，我更希望你们怎么看？","这是审美，不是态度问题","请先问我为什么喜欢","可以不欣赏，但请尊重","外表变化不代表人生失控","aesthetic|curious|respect|stable","sensitive"
"L3-L3-03-011-75eedb81","L3","L3-03","外观","在我们家沟通里，关于「换很短或很个性的发型」，我更希望你们怎么看？","这是审美，不是态度问题","请先问我为什么喜欢","可以不欣赏，但请尊重","外表变化不代表人生失控","aesthetic|curious|respect|stable","sensitive"
"L3-L3-03-010-d7fc107b","L3","L3-03","外观","最近这段时间，关于「换很短或很个性的发型」，我更希望你们怎么看？","这是审美，不是态度问题","请先问我为什么喜欢","可以不欣赏，但请尊重","外表变化不代表人生失控","aesthetic|curious|respect|stable","sensitive"
"L3-L3-03-009-37c77f46","L3","L3-03","外观","如果只能选一个更贴近的：关于「换很短或很个性的发型」，我更希望你们怎么看？","这是审美，不是态度问题","请先问我为什么喜欢","可以不欣赏，但请尊重","外表变化不代表人生失控","aesthetic|curious|respect|stable","sensitive"
"L3-L3-03-002-c911e015","L3","L3-03","外观","最近这段时间，关于「剪去很长时间留的头发」，我更希望你们怎么看？","这是审美，不是态度问题","请先问我为什么喜欢","可以不欣赏，但请尊重","外表变化不代表人生失控","aesthetic|curious|respect|stable","sensitive"
"L3-L3-03-001-b347bd67","L3","L3-03","外观","如果只能选一个更贴近的：关于「剪去很长时间留的头发」，我更希望你们怎么看？","这是审美，不是态度问题","请先问我为什么喜欢","可以不欣赏，但请尊重","外表变化不代表人生失控","aesthetic|curious|respect|stable","sensitive"
"L3-L3-03-000-075bcfd9","L3","L3-03","外观","关于「剪去很长时间留的头发」，我更希望你们怎么看？","这是审美，不是态度问题","请先问我为什么喜欢","可以不欣赏，但请尊重","外表变化不代表人生失控","aesthetic|curious|respect|stable","sensitive"
"L3-L3-03-005-b9ee88da","L3","L3-03","外观","如果只能选一个更贴近的：关于「化妆变浓一点」，我更希望你们怎么看？","这是审美，不是态度问题","请先问我为什么喜欢","可以不欣赏，但请尊重","外表变化不代表人生失控","aesthetic|curious|respect|stable","sensitive"
"L3-L3-03-004-e1c53744","L3","L3-03","外观","关于「化妆变浓一点」，我更希望你们怎么看？","这是审美，不是态度问题","请先问我为什么喜欢","可以不欣赏，但请尊重","外表变化不代表人生失控","aesthetic|curious|respect|stable","sensitive"
"L3-L3-03-003-1f0b7805","L3","L3-03","外观","在我们家沟通里，关于「剪去很长时间留的头发」，我更希望你们怎么看？","这是审美，不是态度问题","请先问我为什么喜欢","可以不欣赏，但请尊重","外表变化不代表人生失控","aesthetic|curious|respect|stable","sensitive"
"L3-L3-02-290-1ee1f0bf","L3","L3-02","兴趣|误解","最近这段时间，我喜欢「小众爱好」，最不想被理解成「浪费时间和钱」。更贴近的是？","我想先自己消化","这是我表达自己的方式","这对我的心理健康有帮助","我希望被当成成年人看待","reason_0|reason_1|reason_2|reason_3","normal"
"L3-L3-02-289-cde8574c","L3","L3-02","兴趣|误解","如果只能选一个更贴近的：我喜欢「小众爱好」，最不想被理解成「浪费时间和钱」。更贴近的是？","我想先自己消化","这是我表达自己的方式","这对我的心理健康有帮助","我希望被当成成年人看待","reason_0|reason_1|reason_2|reason_3","normal"
"L3-L3-02-288-f6b79f3e","L3","L3-02","兴趣|误解","我喜欢「小众爱好」，最不想被理解成「浪费时间和钱」。更贴近的是？","我想先自己消化","这是我表达自己的方式","这对我的心理健康有帮助","我希望被当成成年人看待","reason_0|reason_1|reason_2|reason_3","normal"
"L3-L3-02-293-b6253af4","L3","L3-02","兴趣|误解","如果只能选一个更贴近的：我喜欢「一种游戏或追番」，最不想被理解成「叛逆或不听话」。更贴近的是？","想保留一点自己的节奏","我想被看见真实的自己","我想先自己消化","这是我表达自己的方式","reason_0|reason_1|reason_2|reason_3","normal"
"L3-L3-02-292-69f17eeb","L3","L3-02","兴趣|误解","我喜欢「一种游戏或追番」，最不想被理解成「叛逆或不听话」。更贴近的是？","想保留一点自己的节奏","我想被看见真实的自己","我想先自己消化","这是我表达自己的方式","reason_0|reason_1|reason_2|reason_3","normal"
"L3-L3-02-291-3492b585","L3","L3-02","兴趣|误解","在我们家沟通里，我喜欢「小众爱好」，最不想被理解成「浪费时间和钱」。更贴近的是？","我想先自己消化","这是我表达自己的方式","这对我的心理健康有帮助","我希望被当成成年人看待","reason_0|reason_1|reason_2|reason_3","normal"
"L3-L3-02-284-8bf2704d","L3","L3-02","兴趣|误解","我喜欢「宠物或云养宠」，最不想被理解成「故意让你们担心」。更贴近的是？","我需要一点点掌控感","这样我会更舒服自在","我想先自己消化","这对我的心理健康有帮助","reason_0|reason_1|reason_2|reason_3","normal"
"L3-L3-02-283-755970eb","L3","L3-02","兴趣|误解","在我们家沟通里，我喜欢「发色或发型变化」，最不想被理解成「想摆脱这个家」。更贴近的是？","这能让我从压力里喘口气","我希望被当成成年人看待","这对我的心理健康有帮助","我需要一点点掌控感","reason_0|reason_1|reason_2|reason_3","normal"
"L3-L3-02-282-a9c227d8","L3","L3-02","兴趣|误解","最近这段时间，我喜欢「发色或发型变化」，最不想被理解成「想摆脱这个家」。更贴近的是？","这能让我从压力里喘口气","我希望被当成成年人看待","这对我的心理健康有帮助","我需要一点点掌控感","reason_0|reason_1|reason_2|reason_3","normal"
"L3-L3-02-287-d0999ef3","L3","L3-02","兴趣|误解","在我们家沟通里，我喜欢「宠物或云养宠」，最不想被理解成「故意让你们担心」。更贴近的是？","我需要一点点掌控感","这样我会更舒服自在","我想先自己消化","这对我的心理健康有帮助","reason_0|reason_1|reason_2|reason_3","normal"
"L3-L3-02-286-55a60258","L3","L3-02","兴趣|误解","最近这段时间，我喜欢「宠物或云养宠」，最不想被理解成「故意让你们担心」。更贴近的是？","我需要一点点掌控感","这样我会更舒服自在","我想先自己消化","这对我的心理健康有帮助","reason_0|reason_1|reason_2|reason_3","normal"
"L3-L3-02-285-50fe9d30","L3","L3-02","兴趣|误解","如果只能选一个更贴近的：我喜欢「宠物或云养宠」，最不想被理解成「故意让你们担心」。更贴近的是？","我需要一点点掌控感","这样我会更舒服自在","我想先自己消化","这对我的心理健康有帮助","reason_0|reason_1|reason_2|reason_3","normal"
"L3-L3-02-294-52f850e1","L3","L3-02","兴趣|误解","最近这段时间，我喜欢「一种游戏或追番」，最不想被理解成「叛逆或不听话」。更贴近的是？","想保留一点自己的节奏","我想被看见真实的自己","我想先自己消化","这是我表达自己的方式","reason_0|reason_1|reason_2|reason_3","normal"
"L3-L3-02-303-a86e817e","L3","L3-02","兴趣|误解","在我们家沟通里，我喜欢「拍照或创作」，最不想被理解成「只顾自己玩」。更贴近的是？","这对我的心理健康有帮助","我想用自己的方式爱这个家","我需要一点点掌控感","我希望被当成成年人看待","reason_0|reason_1|reason_2|reason_3","normal"
"L3-L3-02-302-ca43ab99","L3","L3-02","兴趣|误解","最近这段时间，我喜欢「拍照或创作」，最不想被理解成「只顾自己玩」。更贴近的是？","这对我的心理健康有帮助","我想用自己的方式爱这个家","我需要一点点掌控感","我希望被当成成年人看待","reason_0|reason_1|reason_2|reason_3","normal"
"L3-L3-02-301-5f1e60a3","L3","L3-02","兴趣|误解","如果只能选一个更贴近的：我喜欢「拍照或创作」，最不想被理解成「只顾自己玩」。更贴近的是？","这对我的心理健康有帮助","我想用自己的方式爱这个家","我需要一点点掌控感","我希望被当成成年人看待","reason_0|reason_1|reason_2|reason_3","normal"
"L3-L3-02-306-6d420588","L3","L3-02","兴趣|误解","最近这段时间，我喜欢「播客或有声书」，最不想被理解成「浪费时间和钱」。更贴近的是？","我希望被当成成年人看待","想保留一点自己的节奏","这样我会更舒服自在","我在认真尝试喜欢的事","reason_0|reason_1|reason_2|reason_3","normal"
"L3-L3-02-305-41763b3c","L3","L3-02","兴趣|误解","如果只能选一个更贴近的：我喜欢「播客或有声书」，最不想被理解成「浪费时间和钱」。更贴近的是？","我希望被当成成年人看待","想保留一点自己的节奏","这样我会更舒服自在","我在认真尝试喜欢的事","reason_0|reason_1|reason_2|reason_3","normal"
"L3-L3-02-304-3815bdc5","L3","L3-02","兴趣|误解","我喜欢「播客或有声书」，最不想被理解成「浪费时间和钱」。更贴近的是？","我希望被当成成年人看待","想保留一点自己的节奏","这样我会更舒服自在","我在认真尝试喜欢的事","reason_0|reason_1|reason_2|reason_3","normal"
"L3-L3-02-297-55fb8312","L3","L3-02","兴趣|误解","如果只能选一个更贴近的：我喜欢「二次元或圈层文化」，最不想被理解成「不接受你们的好意」。更贴近的是？","我需要一点点掌控感","这能让我从压力里喘口气","我想被看见真实的自己","我希望被当成成年人看待","reason_0|reason_1|reason_2|reason_3","normal"
"L3-L3-02-296-2f7eb042","L3","L3-02","兴趣|误解","我喜欢「二次元或圈层文化」，最不想被理解成「不接受你们的好意」。更贴近的是？","我需要一点点掌控感","这能让我从压力里喘口气","我想被看见真实的自己","我希望被当成成年人看待","reason_0|reason_1|reason_2|reason_3","normal"
"L3-L3-02-295-1da50bba","L3","L3-02","兴趣|误解","在我们家沟通里，我喜欢「一种游戏或追番」，最不想被理解成「叛逆或不听话」。更贴近的是？","想保留一点自己的节奏","我想被看见真实的自己","我想先自己消化","这是我表达自己的方式","reason_0|reason_1|reason_2|reason_3","normal"
"L3-L3-02-300-4024dada","L3","L3-02","兴趣|误解","我喜欢「拍照或创作」，最不想被理解成「只顾自己玩」。更贴近的是？","这对我的心理健康有帮助","我想用自己的方式爱这个家","我需要一点点掌控感","我希望被当成成年人看待","reason_0|reason_1|reason_2|reason_3","normal"
"L3-L3-02-299-fda6f0fc","L3","L3-02","兴趣|误解","在我们家沟通里，我喜欢「二次元或圈层文化」，最不想被理解成「不接受你们的好意」。更贴近的是？","我需要一点点掌控感","这能让我从压力里喘口气","我想被看见真实的自己","我希望被当成成年人看待","reason_0|reason_1|reason_2|reason_3","normal"
"L3-L3-02-298-9e72d3da","L3","L3-02","兴趣|误解","最近这段时间，我喜欢「二次元或圈层文化」，最不想被理解成「不接受你们的好意」。更贴近的是？","我需要一点点掌控感","这能让我从压力里喘口气","我想被看见真实的自己","我希望被当成成年人看待","reason_0|reason_1|reason_2|reason_3","normal"
"L3-L3-02-163-d6c9829f","L3","L3-02","兴趣|误解","在我们家沟通里，我喜欢「二次元或圈层文化」，最不想被理解成「只顾自己玩」。更贴近的是？","这是我表达自己的方式","我希望被当成成年人看待","我想先自己消化","我想被看见真实的自己","reason_0|reason_1|reason_2|reason_3","normal"
"L3-L3-02-162-179bef65","L3","L3-02","兴趣|误解","最近这段时间，我喜欢「二次元或圈层文化」，最不想被理解成「只顾自己玩」。更贴近的是？","这是我表达自己的方式","我希望被当成成年人看待","我想先自己消化","我想被看见真实的自己","reason_0|reason_1|reason_2|reason_3","normal"
"L3-L3-02-161-06cfacc3","L3","L3-02","兴趣|误解","如果只能选一个更贴近的：我喜欢「二次元或圈层文化」，最不想被理解成「只顾自己玩」。更贴近的是？","这是我表达自己的方式","我希望被当成成年人看待","我想先自己消化","我想被看见真实的自己","reason_0|reason_1|reason_2|reason_3","normal"
"L3-L3-02-166-8959c6b9","L3","L3-02","兴趣|误解","最近这段时间，我喜欢「骑行或徒步」，最不想被理解成「不接受你们的好意」。更贴近的是？","我想先自己消化","我想被看见真实的自己","想保留一点自己的节奏","这样我会更舒服自在","reason_0|reason_1|reason_2|reason_3","normal"
"L3-L3-02-165-8777bf76","L3","L3-02","兴趣|误解","如果只能选一个更贴近的：我喜欢「骑行或徒步」，最不想被理解成「不接受你们的好意」。更贴近的是？","我想先自己消化","我想被看见真实的自己","想保留一点自己的节奏","这样我会更舒服自在","reason_0|reason_1|reason_2|reason_3","normal"
"L3-L3-02-164-45605a8e","L3","L3-02","兴趣|误解","我喜欢「骑行或徒步」，最不想被理解成「不接受你们的好意」。更贴近的是？","我想先自己消化","我想被看见真实的自己","想保留一点自己的节奏","这样我会更舒服自在","reason_0|reason_1|reason_2|reason_3","normal"
"L3-L3-02-157-aa55a8ad","L3","L3-02","兴趣|误解","如果只能选一个更贴近的：我喜欢「播客或有声书」，最不想被理解成「故意让你们担心」。更贴近的是？","我想用自己的方式爱这个家","这样我会更舒服自在","我在学着对自己负责","这是我表达自己的方式","reason_0|reason_1|reason_2|reason_3","normal"
"L3-L3-02-156-bccc9495","L3","L3-02","兴趣|误解","我喜欢「播客或有声书」，最不想被理解成「故意让你们担心」。更贴近的是？","我想用自己的方式爱这个家","这样我会更舒服自在","我在学着对自己负责","这是我表达自己的方式","reason_0|reason_1|reason_2|reason_3","normal"
"L3-L3-02-155-10554550","L3","L3-02","兴趣|误解","在我们家沟通里，我喜欢「骑行或徒步」，最不想被理解成「叛逆或不听话」。更贴近的是？","我想先自己消化","这是我表达自己的方式","想保留一点自己的节奏","这能让我从压力里喘口气","reason_0|reason_1|reason_2|reason_3","normal"
"L3-L3-02-160-6fabd3b9","L3","L3-02","兴趣|误解","我喜欢「二次元或圈层文化」，最不想被理解成「只顾自己玩」。更贴近的是？","这是我表达自己的方式","我希望被当成成年人看待","我想先自己消化","我想被看见真实的自己","reason_0|reason_1|reason_2|reason_3","normal"
"L3-L3-02-159-bc330c5d","L3","L3-02","兴趣|误解","在我们家沟通里，我喜欢「播客或有声书」，最不想被理解成「故意让你们担心」。更贴近的是？","我想用自己的方式爱这个家","这样我会更舒服自在","我在学着对自己负责","这是我表达自己的方式","reason_0|reason_1|reason_2|reason_3","normal"
"L3-L3-02-158-08e9934c","L3","L3-02","兴趣|误解","最近这段时间，我喜欢「播客或有声书」，最不想被理解成「故意让你们担心」。更贴近的是？","我想用自己的方式爱这个家","这样我会更舒服自在","我在学着对自己负责","这是我表达自己的方式","reason_0|reason_1|reason_2|reason_3","normal"
"L3-L3-02-167-821bc44f","L3","L3-02","兴趣|误解","在我们家沟通里，我喜欢「骑行或徒步」，最不想被理解成「不接受你们的好意」。更贴近的是？","我想先自己消化","我想被看见真实的自己","想保留一点自己的节奏","这样我会更舒服自在","reason_0|reason_1|reason_2|reason_3","normal"
"L3-L3-02-176-8373ef5f","L3","L3-02","兴趣|误解","我喜欢「二次元或圈层文化」，最不想被理解成「想摆脱这个家」。更贴近的是？","这对我的心理健康有帮助","这是我表达自己的方式","这能让我从压力里喘口气","我想被看见真实的自己","reason_0|reason_1|reason_2|reason_3","normal"
"L3-L3-02-175-0cb126e9","L3","L3-02","兴趣|误解","在我们家沟通里，我喜欢「手作或收藏」，最不想被理解成「做事没长远考虑」。更贴近的是？","这能让我从压力里喘口气","这对我的心理健康有帮助","我想被看见真实的自己","我在认真尝试喜欢的事","reason_0|reason_1|reason_2|reason_3","normal"
"L3-L3-02-174-fd198cbf","L3","L3-02","兴趣|误解","最近这段时间，我喜欢「手作或收藏」，最不想被理解成「做事没长远考虑」。更贴近的是？","这能让我从压力里喘口气","这对我的心理健康有帮助","我想被看见真实的自己","我在认真尝试喜欢的事","reason_0|reason_1|reason_2|reason_3","normal"
"L3-L3-02-179-17a946a9","L3","L3-02","兴趣|误解","在我们家沟通里，我喜欢「二次元或圈层文化」，最不想被理解成「想摆脱这个家」。更贴近的是？","这对我的心理健康有帮助","这是我表达自己的方式","这能让我从压力里喘口气","我想被看见真实的自己","reason_0|reason_1|reason_2|reason_3","normal"
"L3-L3-02-178-e854b155","L3","L3-02","兴趣|误解","最近这段时间，我喜欢「二次元或圈层文化」，最不想被理解成「想摆脱这个家」。更贴近的是？","这对我的心理健康有帮助","这是我表达自己的方式","这能让我从压力里喘口气","我想被看见真实的自己","reason_0|reason_1|reason_2|reason_3","normal"
"L3-L3-02-177-e303c505","L3","L3-02","兴趣|误解","如果只能选一个更贴近的：我喜欢「二次元或圈层文化」，最不想被理解成「想摆脱这个家」。更贴近的是？","这对我的心理健康有帮助","这是我表达自己的方式","这能让我从压力里喘口气","我想被看见真实的自己","reason_0|reason_1|reason_2|reason_3","normal"
"L3-L3-02-170-3fcb6c84","L3","L3-02","兴趣|误解","最近这段时间，我喜欢「二次元或圈层文化」，最不想被理解成「不把家里放在心上」。更贴近的是？","我想先自己消化","这样我会更舒服自在","我在认真尝试喜欢的事","我需要一点点掌控感","reason_0|reason_1|reason_2|reason_3","normal"
"L3-L3-02-169-99ce0e67","L3","L3-02","兴趣|误解","如果只能选一个更贴近的：我喜欢「二次元或圈层文化」，最不想被理解成「不把家里放在心上」。更贴近的是？","我想先自己消化","这样我会更舒服自在","我在认真尝试喜欢的事","我需要一点点掌控感","reason_0|reason_1|reason_2|reason_3","normal"
"L3-L3-02-168-c8d0cbd6","L3","L3-02","兴趣|误解","我喜欢「二次元或圈层文化」，最不想被理解成「不把家里放在心上」。更贴近的是？","我想先自己消化","这样我会更舒服自在","我在认真尝试喜欢的事","我需要一点点掌控感","reason_0|reason_1|reason_2|reason_3","normal"
"L3-L3-02-173-fbd61a8c","L3","L3-02","兴趣|误解","如果只能选一个更贴近的：我喜欢「手作或收藏」，最不想被理解成「做事没长远考虑」。更贴近的是？","这能让我从压力里喘口气","这对我的心理健康有帮助","我想被看见真实的自己","我在认真尝试喜欢的事","reason_0|reason_1|reason_2|reason_3","normal"
"L3-L3-02-172-c6c8090b","L3","L3-02","兴趣|误解","我喜欢「手作或收藏」，最不想被理解成「做事没长远考虑」。更贴近的是？","这能让我从压力里喘口气","这对我的心理健康有帮助","我想被看见真实的自己","我在认真尝试喜欢的事","reason_0|reason_1|reason_2|reason_3","normal"
"L3-L3-02-171-41f9d13c","L3","L3-02","兴趣|误解","在我们家沟通里，我喜欢「二次元或圈层文化」，最不想被理解成「不把家里放在心上」。更贴近的是？","我想先自己消化","这样我会更舒服自在","我在认真尝试喜欢的事","我需要一点点掌控感","reason_0|reason_1|reason_2|reason_3","normal"
"L3-L3-02-138-c76fa7bd","L3","L3-02","兴趣|误解","最近这段时间，我喜欢「播客或有声书」，最不想被理解成「做事没长远考虑」。更贴近的是？","想保留一点自己的节奏","我想先自己消化","我想被看见真实的自己","我在认真尝试喜欢的事","reason_0|reason_1|reason_2|reason_3","normal"
"L3-L3-02-137-506f3b2b","L3","L3-02","兴趣|误解","如果只能选一个更贴近的：我喜欢「播客或有声书」，最不想被理解成「做事没长远考虑」。更贴近的是？","想保留一点自己的节奏","我想先自己消化","我想被看见真实的自己","我在认真尝试喜欢的事","reason_0|reason_1|reason_2|reason_3","normal"
"L3-L3-02-136-0e013503","L3","L3-02","兴趣|误解","我喜欢「播客或有声书」，最不想被理解成「做事没长远考虑」。更贴近的是？","想保留一点自己的节奏","我想先自己消化","我想被看见真实的自己","我在认真尝试喜欢的事","reason_0|reason_1|reason_2|reason_3","normal"
"L3-L3-02-141-8ca81f41","L3","L3-02","兴趣|误解","如果只能选一个更贴近的：我喜欢「某个影视作品」，最不想被理解成「不接受你们的好意」。更贴近的是？","这样我会更舒服自在","我想被看见真实的自己","想保留一点自己的节奏","我需要一点点掌控感","reason_0|reason_1|reason_2|reason_3","normal"
"L3-L3-02-140-5235a38f","L3","L3-02","兴趣|误解","我喜欢「某个影视作品」，最不想被理解成「不接受你们的好意」。更贴近的是？","这样我会更舒服自在","我想被看见真实的自己","想保留一点自己的节奏","我需要一点点掌控感","reason_0|reason_1|reason_2|reason_3","normal"
"L3-L3-02-139-aa48c5fc","L3","L3-02","兴趣|误解","在我们家沟通里，我喜欢「播客或有声书」，最不想被理解成「做事没长远考虑」。更贴近的是？","想保留一点自己的节奏","我想先自己消化","我想被看见真实的自己","我在认真尝试喜欢的事","reason_0|reason_1|reason_2|reason_3","normal"
"L3-L3-02-132-e07b83bd","L3","L3-02","兴趣|误解","我喜欢「一类音乐」，最不想被理解成「不懂事或太自我」。更贴近的是？","我想被看见真实的自己","这样我会更舒服自在","我在学着对自己负责","我希望被当成成年人看待","reason_0|reason_1|reason_2|reason_3","normal"
"L3-L3-02-131-fc4f0b02","L3","L3-02","兴趣|误解","在我们家沟通里，我喜欢「手作或收藏」，最不想被理解成「不把家里放在心上」。更贴近的是？","我在学着对自己负责","这是我表达自己的方式","我需要一点点掌控感","这对我的心理健康有帮助","reason_0|reason_1|reason_2|reason_3","normal"
"L3-L3-02-130-58f9364b","L3","L3-02","兴趣|误解","最近这段时间，我喜欢「手作或收藏」，最不想被理解成「不把家里放在心上」。更贴近的是？","我在学着对自己负责","这是我表达自己的方式","我需要一点点掌控感","这对我的心理健康有帮助","reason_0|reason_1|reason_2|reason_3","normal"
"L3-L3-02-135-185a6161","L3","L3-02","兴趣|误解","在我们家沟通里，我喜欢「一类音乐」，最不想被理解成「不懂事或太自我」。更贴近的是？","我想被看见真实的自己","这样我会更舒服自在","我在学着对自己负责","我希望被当成成年人看待","reason_0|reason_1|reason_2|reason_3","normal"
"L3-L3-02-134-60f294d5","L3","L3-02","兴趣|误解","最近这段时间，我喜欢「一类音乐」，最不想被理解成「不懂事或太自我」。更贴近的是？","我想被看见真实的自己","这样我会更舒服自在","我在学着对自己负责","我希望被当成成年人看待","reason_0|reason_1|reason_2|reason_3","normal"
"L3-L3-02-133-b28e6927","L3","L3-02","兴趣|误解","如果只能选一个更贴近的：我喜欢「一类音乐」，最不想被理解成「不懂事或太自我」。更贴近的是？","我想被看见真实的自己","这样我会更舒服自在","我在学着对自己负责","我希望被当成成年人看待","reason_0|reason_1|reason_2|reason_3","normal"
"L3-L3-02-142-1ff8b0e9","L3","L3-02","兴趣|误解","最近这段时间，我喜欢「某个影视作品」，最不想被理解成「不接受你们的好意」。更贴近的是？","这样我会更舒服自在","我想被看见真实的自己","想保留一点自己的节奏","我需要一点点掌控感","reason_0|reason_1|reason_2|reason_3","normal"
"L3-L3-02-151-58121f26","L3","L3-02","兴趣|误解","在我们家沟通里，我喜欢「手作或收藏」，最不想被理解成「被外界带坏了」。更贴近的是？","我想先自己消化","我想被看见真实的自己","这样我会更舒服自在","我希望被当成成年人看待","reason_0|reason_1|reason_2|reason_3","normal"
"L3-L3-02-150-8bd94c37","L3","L3-02","兴趣|误解","最近这段时间，我喜欢「手作或收藏」，最不想被理解成「被外界带坏了」。更贴近的是？","我想先自己消化","我想被看见真实的自己","这样我会更舒服自在","我希望被当成成年人看待","reason_0|reason_1|reason_2|reason_3","normal"
"L3-L3-02-149-36303d5b","L3","L3-02","兴趣|误解","如果只能选一个更贴近的：我喜欢「手作或收藏」，最不想被理解成「被外界带坏了」。更贴近的是？","我想先自己消化","我想被看见真实的自己","这样我会更舒服自在","我希望被当成成年人看待","reason_0|reason_1|reason_2|reason_3","normal"
"L3-L3-02-154-fccb97a3","L3","L3-02","兴趣|误解","最近这段时间，我喜欢「骑行或徒步」，最不想被理解成「叛逆或不听话」。更贴近的是？","我想先自己消化","这是我表达自己的方式","想保留一点自己的节奏","这能让我从压力里喘口气","reason_0|reason_1|reason_2|reason_3","normal"
"L3-L3-02-153-b7cbd8a4","L3","L3-02","兴趣|误解","如果只能选一个更贴近的：我喜欢「骑行或徒步」，最不想被理解成「叛逆或不听话」。更贴近的是？","我想先自己消化","这是我表达自己的方式","想保留一点自己的节奏","这能让我从压力里喘口气","reason_0|reason_1|reason_2|reason_3","normal"
"L3-L3-02-152-94397c92","L3","L3-02","兴趣|误解","我喜欢「骑行或徒步」，最不想被理解成「叛逆或不听话」。更贴近的是？","我想先自己消化","这是我表达自己的方式","想保留一点自己的节奏","这能让我从压力里喘口气","reason_0|reason_1|reason_2|reason_3","normal"
"L3-L3-02-145-80815b0d","L3","L3-02","兴趣|误解","如果只能选一个更贴近的：我喜欢「手作或收藏」，最不想被理解成「故意唱反调」。更贴近的是？","这样我会更舒服自在","我想先自己消化","我在认真尝试喜欢的事","这是我表达自己的方式","reason_0|reason_1|reason_2|reason_3","normal"
"L3-L3-02-144-f938366b","L3","L3-02","兴趣|误解","我喜欢「手作或收藏」，最不想被理解成「故意唱反调」。更贴近的是？","这样我会更舒服自在","我想先自己消化","我在认真尝试喜欢的事","这是我表达自己的方式","reason_0|reason_1|reason_2|reason_3","normal"
"L3-L3-02-143-85065111","L3","L3-02","兴趣|误解","在我们家沟通里，我喜欢「某个影视作品」，最不想被理解成「不接受你们的好意」。更贴近的是？","这样我会更舒服自在","我想被看见真实的自己","想保留一点自己的节奏","我需要一点点掌控感","reason_0|reason_1|reason_2|reason_3","normal"
"L3-L3-02-148-13f5abd4","L3","L3-02","兴趣|误解","我喜欢「手作或收藏」，最不想被理解成「被外界带坏了」。更贴近的是？","我想先自己消化","我想被看见真实的自己","这样我会更舒服自在","我希望被当成成年人看待","reason_0|reason_1|reason_2|reason_3","normal"
"L3-L3-02-147-bee61d55","L3","L3-02","兴趣|误解","在我们家沟通里，我喜欢「手作或收藏」，最不想被理解成「故意唱反调」。更贴近的是？","这样我会更舒服自在","我想先自己消化","我在认真尝试喜欢的事","这是我表达自己的方式","reason_0|reason_1|reason_2|reason_3","normal"
"L3-L3-02-146-977a9b53","L3","L3-02","兴趣|误解","最近这段时间，我喜欢「手作或收藏」，最不想被理解成「故意唱反调」。更贴近的是？","这样我会更舒服自在","我想先自己消化","我在认真尝试喜欢的事","这是我表达自己的方式","reason_0|reason_1|reason_2|reason_3","normal"
"L3-L3-02-180-0f77f6d0","L3","L3-02","兴趣|误解","我喜欢「数码设备折腾」，最不想被理解成「不懂事或太自我」。更贴近的是？","我想先自己消化","我希望被当成成年人看待","想保留一点自己的节奏","这是我表达自己的方式","reason_0|reason_1|reason_2|reason_3","normal"
"L3-L3-02-214-99a625b5","L3","L3-02","兴趣|误解","最近这段时间，我喜欢「展览或演出」，最不想被理解成「只顾自己玩」。更贴近的是？","想保留一点自己的节奏","我希望被当成成年人看待","我想先自己消化","这是我表达自己的方式","reason_0|reason_1|reason_2|reason_3","normal"
"L3-L3-02-213-7c5a9701","L3","L3-02","兴趣|误解","如果只能选一个更贴近的：我喜欢「展览或演出」，最不想被理解成「只顾自己玩」。更贴近的是？","想保留一点自己的节奏","我希望被当成成年人看待","我想先自己消化","这是我表达自己的方式","reason_0|reason_1|reason_2|reason_3","normal"
"L3-L3-02-212-33ca40e3","L3","L3-02","兴趣|误解","我喜欢「展览或演出」，最不想被理解成「只顾自己玩」。更贴近的是？","想保留一点自己的节奏","我希望被当成成年人看待","我想先自己消化","这是我表达自己的方式","reason_0|reason_1|reason_2|reason_3","normal"
"L3-L3-02-217-7f5814dc","L3","L3-02","兴趣|误解","如果只能选一个更贴近的：我喜欢「宠物或云养宠」，最不想被理解成「做事没长远考虑」。更贴近的是？","我希望被当成成年人看待","想保留一点自己的节奏","我想用自己的方式爱这个家","这能让我从压力里喘口气","reason_0|reason_1|reason_2|reason_3","normal"
"L3-L3-02-216-7015c631","L3","L3-02","兴趣|误解","我喜欢「宠物或云养宠」，最不想被理解成「做事没长远考虑」。更贴近的是？","我希望被当成成年人看待","想保留一点自己的节奏","我想用自己的方式爱这个家","这能让我从压力里喘口气","reason_0|reason_1|reason_2|reason_3","normal"
"L3-L3-02-215-b10a15f9","L3","L3-02","兴趣|误解","在我们家沟通里，我喜欢「展览或演出」，最不想被理解成「只顾自己玩」。更贴近的是？","想保留一点自己的节奏","我希望被当成成年人看待","我想先自己消化","这是我表达自己的方式","reason_0|reason_1|reason_2|reason_3","normal"
"L3-L3-02-208-645bf5ae","L3","L3-02","兴趣|误解","我喜欢「二次元或圈层文化」，最不想被理解成「在赌气」。更贴近的是？","我想先自己消化","我需要一点点掌控感","这是我表达自己的方式","这样我会更舒服自在","reason_0|reason_1|reason_2|reason_3","normal"
"L3-L3-02-207-87494d66","L3","L3-02","兴趣|误解","在我们家沟通里，我喜欢「某个影视作品」，最不想被理解成「故意唱反调」。更贴近的是？","这是我表达自己的方式","我想被看见真实的自己","这对我的心理健康有帮助","我需要一点点掌控感","reason_0|reason_1|reason_2|reason_3","normal"
"L3-L3-02-206-6df92a3a","L3","L3-02","兴趣|误解","最近这段时间，我喜欢「某个影视作品」，最不想被理解成「故意唱反调」。更贴近的是？","这是我表达自己的方式","我想被看见真实的自己","这对我的心理健康有帮助","我需要一点点掌控感","reason_0|reason_1|reason_2|reason_3","normal"
"L3-L3-02-211-ade1e811","L3","L3-02","兴趣|误解","在我们家沟通里，我喜欢「二次元或圈层文化」，最不想被理解成「在赌气」。更贴近的是？","我想先自己消化","我需要一点点掌控感","这是我表达自己的方式","这样我会更舒服自在","reason_0|reason_1|reason_2|reason_3","normal"
"L3-L3-02-210-3f935ca3","L3","L3-02","兴趣|误解","最近这段时间，我喜欢「二次元或圈层文化」，最不想被理解成「在赌气」。更贴近的是？","我想先自己消化","我需要一点点掌控感","这是我表达自己的方式","这样我会更舒服自在","reason_0|reason_1|reason_2|reason_3","normal"
"L3-L3-02-209-102ac34b","L3","L3-02","兴趣|误解","如果只能选一个更贴近的：我喜欢「二次元或圈层文化」，最不想被理解成「在赌气」。更贴近的是？","我想先自己消化","我需要一点点掌控感","这是我表达自己的方式","这样我会更舒服自在","reason_0|reason_1|reason_2|reason_3","normal"
"L3-L3-02-218-54b4fb5d","L3","L3-02","兴趣|误解","最近这段时间，我喜欢「宠物或云养宠」，最不想被理解成「做事没长远考虑」。更贴近的是？","我希望被当成成年人看待","想保留一点自己的节奏","我想用自己的方式爱这个家","这能让我从压力里喘口气","reason_0|reason_1|reason_2|reason_3","normal"
"L3-L3-02-227-0630d271","L3","L3-02","兴趣|误解","在我们家沟通里，我喜欢「一类音乐」，最不想被理解成「浪费时间和钱」。更贴近的是？","这能让我从压力里喘口气","我需要一点点掌控感","这是我表达自己的方式","想保留一点自己的节奏","reason_0|reason_1|reason_2|reason_3","normal"
"L3-L3-02-226-8da7d361","L3","L3-02","兴趣|误解","最近这段时间，我喜欢「一类音乐」，最不想被理解成「浪费时间和钱」。更贴近的是？","这能让我从压力里喘口气","我需要一点点掌控感","这是我表达自己的方式","想保留一点自己的节奏","reason_0|reason_1|reason_2|reason_3","normal"
"L3-L3-02-225-ae4c7c3e","L3","L3-02","兴趣|误解","如果只能选一个更贴近的：我喜欢「一类音乐」，最不想被理解成「浪费时间和钱」。更贴近的是？","这能让我从压力里喘口气","我需要一点点掌控感","这是我表达自己的方式","想保留一点自己的节奏","reason_0|reason_1|reason_2|reason_3","normal"
"L3-L3-02-230-fd2795f7","L3","L3-02","兴趣|误解","最近这段时间，我喜欢「展览或演出」，最不想被理解成「被外界带坏了」。更贴近的是？","这是我表达自己的方式","我想用自己的方式爱这个家","我希望被当成成年人看待","我需要一点点掌控感","reason_0|reason_1|reason_2|reason_3","normal"
"L3-L3-02-229-ac996b82","L3","L3-02","兴趣|误解","如果只能选一个更贴近的：我喜欢「展览或演出」，最不想被理解成「被外界带坏了」。更贴近的是？","这是我表达自己的方式","我想用自己的方式爱这个家","我希望被当成成年人看待","我需要一点点掌控感","reason_0|reason_1|reason_2|reason_3","normal"
"L3-L3-02-228-ac3b3428","L3","L3-02","兴趣|误解","我喜欢「展览或演出」，最不想被理解成「被外界带坏了」。更贴近的是？","这是我表达自己的方式","我想用自己的方式爱这个家","我希望被当成成年人看待","我需要一点点掌控感","reason_0|reason_1|reason_2|reason_3","normal"
"L3-L3-02-221-e85d2072","L3","L3-02","兴趣|误解","如果只能选一个更贴近的：我喜欢「一项运动」，最不想被理解成「在赌气」。更贴近的是？","这能让我从压力里喘口气","这样我会更舒服自在","我想被看见真实的自己","我在学着对自己负责","reason_0|reason_1|reason_2|reason_3","normal"
"L3-L3-02-220-dda9463b","L3","L3-02","兴趣|误解","我喜欢「一项运动」，最不想被理解成「在赌气」。更贴近的是？","这能让我从压力里喘口气","这样我会更舒服自在","我想被看见真实的自己","我在学着对自己负责","reason_0|reason_1|reason_2|reason_3","normal"
"L3-L3-02-219-a596e5f5","L3","L3-02","兴趣|误解","在我们家沟通里，我喜欢「宠物或云养宠」，最不想被理解成「做事没长远考虑」。更贴近的是？","我希望被当成成年人看待","想保留一点自己的节奏","我想用自己的方式爱这个家","这能让我从压力里喘口气","reason_0|reason_1|reason_2|reason_3","normal"
"L3-L3-02-224-ac5a9d15","L3","L3-02","兴趣|误解","我喜欢「一类音乐」，最不想被理解成「浪费时间和钱」。更贴近的是？","这能让我从压力里喘口气","我需要一点点掌控感","这是我表达自己的方式","想保留一点自己的节奏","reason_0|reason_1|reason_2|reason_3","normal"
"L3-L3-02-223-e8af6e6e","L3","L3-02","兴趣|误解","在我们家沟通里，我喜欢「一项运动」，最不想被理解成「在赌气」。更贴近的是？","这能让我从压力里喘口气","这样我会更舒服自在","我想被看见真实的自己","我在学着对自己负责","reason_0|reason_1|reason_2|reason_3","normal"
"L3-L3-02-222-d7e60392","L3","L3-02","兴趣|误解","最近这段时间，我喜欢「一项运动」，最不想被理解成「在赌气」。更贴近的是？","这能让我从压力里喘口气","这样我会更舒服自在","我想被看见真实的自己","我在学着对自己负责","reason_0|reason_1|reason_2|reason_3","normal"
"L3-L3-02-189-8363a117","L3","L3-02","兴趣|误解","如果只能选一个更贴近的：我喜欢「一类音乐」，最不想被理解成「做事没长远考虑」。更贴近的是？","这样我会更舒服自在","我希望被当成成年人看待","我想被看见真实的自己","我在认真尝试喜欢的事","reason_0|reason_1|reason_2|reason_3","normal"
"L3-L3-02-188-090f1291","L3","L3-02","兴趣|误解","我喜欢「一类音乐」，最不想被理解成「做事没长远考虑」。更贴近的是？","这样我会更舒服自在","我希望被当成成年人看待","我想被看见真实的自己","我在认真尝试喜欢的事","reason_0|reason_1|reason_2|reason_3","normal"
"L3-L3-02-187-5eeee523","L3","L3-02","兴趣|误解","在我们家沟通里，我喜欢「拍照或创作」，最不想被理解成「在赌气」。更贴近的是？","我希望被当成成年人看待","我需要一点点掌控感","这是我表达自己的方式","我在认真尝试喜欢的事","reason_0|reason_1|reason_2|reason_3","normal"
"L3-L3-02-192-3ea56d2d","L3","L3-02","兴趣|误解","我喜欢「某个影视作品」，最不想被理解成「不把家里放在心上」。更贴近的是？","我需要一点点掌控感","我在学着对自己负责","这对我的心理健康有帮助","我想先自己消化","reason_0|reason_1|reason_2|reason_3","normal"
"L3-L3-02-191-7f97ab83","L3","L3-02","兴趣|误解","在我们家沟通里，我喜欢「一类音乐」，最不想被理解成「做事没长远考虑」。更贴近的是？","这样我会更舒服自在","我希望被当成成年人看待","我想被看见真实的自己","我在认真尝试喜欢的事","reason_0|reason_1|reason_2|reason_3","normal"
"L3-L3-02-190-5213c1ce","L3","L3-02","兴趣|误解","最近这段时间，我喜欢「一类音乐」，最不想被理解成「做事没长远考虑」。更贴近的是？","这样我会更舒服自在","我希望被当成成年人看待","我想被看见真实的自己","我在认真尝试喜欢的事","reason_0|reason_1|reason_2|reason_3","normal"
"L3-L3-02-183-bff9ce58","L3","L3-02","兴趣|误解","在我们家沟通里，我喜欢「数码设备折腾」，最不想被理解成「不懂事或太自我」。更贴近的是？","我想先自己消化","我希望被当成成年人看待","想保留一点自己的节奏","这是我表达自己的方式","reason_0|reason_1|reason_2|reason_3","normal"
"L3-L3-02-182-3d4c910c","L3","L3-02","兴趣|误解","最近这段时间，我喜欢「数码设备折腾」，最不想被理解成「不懂事或太自我」。更贴近的是？","我想先自己消化","我希望被当成成年人看待","想保留一点自己的节奏","这是我表达自己的方式","reason_0|reason_1|reason_2|reason_3","normal"
"L3-L3-02-181-a68c741d","L3","L3-02","兴趣|误解","如果只能选一个更贴近的：我喜欢「数码设备折腾」，最不想被理解成「不懂事或太自我」。更贴近的是？","我想先自己消化","我希望被当成成年人看待","想保留一点自己的节奏","这是我表达自己的方式","reason_0|reason_1|reason_2|reason_3","normal"
"L3-L3-02-186-fda1880e","L3","L3-02","兴趣|误解","最近这段时间，我喜欢「拍照或创作」，最不想被理解成「在赌气」。更贴近的是？","我希望被当成成年人看待","我需要一点点掌控感","这是我表达自己的方式","我在认真尝试喜欢的事","reason_0|reason_1|reason_2|reason_3","normal"
"L3-L3-02-185-082d3752","L3","L3-02","兴趣|误解","如果只能选一个更贴近的：我喜欢「拍照或创作」，最不想被理解成「在赌气」。更贴近的是？","我希望被当成成年人看待","我需要一点点掌控感","这是我表达自己的方式","我在认真尝试喜欢的事","reason_0|reason_1|reason_2|reason_3","normal"
"L3-L3-02-184-e3f81f8e","L3","L3-02","兴趣|误解","我喜欢「拍照或创作」，最不想被理解成「在赌气」。更贴近的是？","我希望被当成成年人看待","我需要一点点掌控感","这是我表达自己的方式","我在认真尝试喜欢的事","reason_0|reason_1|reason_2|reason_3","normal"
"L3-L3-02-193-8b90a81d","L3","L3-02","兴趣|误解","如果只能选一个更贴近的：我喜欢「某个影视作品」，最不想被理解成「不把家里放在心上」。更贴近的是？","我需要一点点掌控感","我在学着对自己负责","这对我的心理健康有帮助","我想先自己消化","reason_0|reason_1|reason_2|reason_3","normal"
"L3-L3-02-202-eb0a1e0a","L3","L3-02","兴趣|误解","最近这段时间，我喜欢「二次元或圈层文化」，最不想被理解成「浪费时间和钱」。更贴近的是？","我希望被当成成年人看待","这是我表达自己的方式","我在认真尝试喜欢的事","这能让我从压力里喘口气","reason_0|reason_1|reason_2|reason_3","normal"
"L3-L3-02-201-d3779857","L3","L3-02","兴趣|误解","如果只能选一个更贴近的：我喜欢「二次元或圈层文化」，最不想被理解成「浪费时间和钱」。更贴近的是？","我希望被当成成年人看待","这是我表达自己的方式","我在认真尝试喜欢的事","这能让我从压力里喘口气","reason_0|reason_1|reason_2|reason_3","normal"
"L3-L3-02-200-dfa1a8c8","L3","L3-02","兴趣|误解","我喜欢「二次元或圈层文化」，最不想被理解成「浪费时间和钱」。更贴近的是？","我希望被当成成年人看待","这是我表达自己的方式","我在认真尝试喜欢的事","这能让我从压力里喘口气","reason_0|reason_1|reason_2|reason_3","normal"
"L3-L3-02-205-da9e5a90","L3","L3-02","兴趣|误解","如果只能选一个更贴近的：我喜欢「某个影视作品」，最不想被理解成「故意唱反调」。更贴近的是？","这是我表达自己的方式","我想被看见真实的自己","这对我的心理健康有帮助","我需要一点点掌控感","reason_0|reason_1|reason_2|reason_3","normal"
"L3-L3-02-204-6a61971e","L3","L3-02","兴趣|误解","我喜欢「某个影视作品」，最不想被理解成「故意唱反调」。更贴近的是？","这是我表达自己的方式","我想被看见真实的自己","这对我的心理健康有帮助","我需要一点点掌控感","reason_0|reason_1|reason_2|reason_3","normal"
"L3-L3-02-203-7414cc01","L3","L3-02","兴趣|误解","在我们家沟通里，我喜欢「二次元或圈层文化」，最不想被理解成「浪费时间和钱」。更贴近的是？","我希望被当成成年人看待","这是我表达自己的方式","我在认真尝试喜欢的事","这能让我从压力里喘口气","reason_0|reason_1|reason_2|reason_3","normal"
"L3-L3-02-196-52682c9d","L3","L3-02","兴趣|误解","我喜欢「展览或演出」，最不想被理解成「在赌气」。更贴近的是？","我希望被当成成年人看待","我想被看见真实的自己","这能让我从压力里喘口气","这对我的心理健康有帮助","reason_0|reason_1|reason_2|reason_3","normal"
"L3-L3-02-195-269cbdae","L3","L3-02","兴趣|误解","在我们家沟通里，我喜欢「某个影视作品」，最不想被理解成「不把家里放在心上」。更贴近的是？","我需要一点点掌控感","我在学着对自己负责","这对我的心理健康有帮助","我想先自己消化","reason_0|reason_1|reason_2|reason_3","normal"
"L3-L3-02-194-24bdebcd","L3","L3-02","兴趣|误解","最近这段时间，我喜欢「某个影视作品」，最不想被理解成「不把家里放在心上」。更贴近的是？","我需要一点点掌控感","我在学着对自己负责","这对我的心理健康有帮助","我想先自己消化","reason_0|reason_1|reason_2|reason_3","normal"
"L3-L3-02-199-f57395e1","L3","L3-02","兴趣|误解","在我们家沟通里，我喜欢「展览或演出」，最不想被理解成「在赌气」。更贴近的是？","我希望被当成成年人看待","我想被看见真实的自己","这能让我从压力里喘口气","这对我的心理健康有帮助","reason_0|reason_1|reason_2|reason_3","normal"
"L3-L3-02-198-de6f09d4","L3","L3-02","兴趣|误解","最近这段时间，我喜欢「展览或演出」，最不想被理解成「在赌气」。更贴近的是？","我希望被当成成年人看待","我想被看见真实的自己","这能让我从压力里喘口气","这对我的心理健康有帮助","reason_0|reason_1|reason_2|reason_3","normal"
"L3-L3-02-197-5d2916aa","L3","L3-02","兴趣|误解","如果只能选一个更贴近的：我喜欢「展览或演出」，最不想被理解成「在赌气」。更贴近的是？","我希望被当成成年人看待","我想被看见真实的自己","这能让我从压力里喘口气","这对我的心理健康有帮助","reason_0|reason_1|reason_2|reason_3","normal"
"L4-L4-17-161-e77da704","L4","L4-17","精神误解","如果只能选一个更贴近的：提到「想成为什么样的人」，我最不想被误会成「故意唱反调」。更真实的是？","这能让我从压力里喘口气","我需要一点点掌控感","我想先自己消化","我想被看见真实的自己","reason_0|reason_1|reason_2|reason_3","sensitive"
"L4-L4-17-160-1ec7a3df","L4","L4-17","精神误解","提到「想成为什么样的人」，我最不想被误会成「故意唱反调」。更真实的是？","这能让我从压力里喘口气","我需要一点点掌控感","我想先自己消化","我想被看见真实的自己","reason_0|reason_1|reason_2|reason_3","sensitive"
"L4-L4-17-162-03532fd5","L4","L4-17","精神误解","最近这段时间，提到「想成为什么样的人」，我最不想被误会成「故意唱反调」。更真实的是？","这能让我从压力里喘口气","我需要一点点掌控感","我想先自己消化","我想被看见真实的自己","reason_0|reason_1|reason_2|reason_3","sensitive"
"L4-L4-17-164-71c0f795","L4","L4-17","精神误解","提到「对「乖」和「真」的取舍」，我最不想被误会成「叛逆或不听话」。更真实的是？","这能让我从压力里喘口气","我在学着对自己负责","想保留一点自己的节奏","我希望被当成成年人看待","reason_0|reason_1|reason_2|reason_3","sensitive"
"L4-L4-17-163-7997a73f","L4","L4-17","精神误解","在我们家沟通里，提到「想成为什么样的人」，我最不想被误会成「故意唱反调」。更真实的是？","这能让我从压力里喘口气","我需要一点点掌控感","我想先自己消化","我想被看见真实的自己","reason_0|reason_1|reason_2|reason_3","sensitive"
"L4-L4-17-156-1e5658f1","L4","L4-17","精神误解","提到「对稳定和冒险的看法」，我最不想被误会成「不把家里放在心上」。更真实的是？","我在学着对自己负责","我想用自己的方式爱这个家","这对我的心理健康有帮助","我想先自己消化","reason_0|reason_1|reason_2|reason_3","sensitive"
"L4-L4-17-155-b99a9646","L4","L4-17","精神误解","在我们家沟通里，提到「独处的需要」，我最不想被误会成「不把家里放在心上」。更真实的是？","这对我的心理健康有帮助","这样我会更舒服自在","我在学着对自己负责","我想被看见真实的自己","reason_0|reason_1|reason_2|reason_3","sensitive"
"L4-L4-17-157-e9dfa763","L4","L4-17","精神误解","如果只能选一个更贴近的：提到「对稳定和冒险的看法」，我最不想被误会成「不把家里放在心上」。更真实的是？","我在学着对自己负责","我想用自己的方式爱这个家","这对我的心理健康有帮助","我想先自己消化","reason_0|reason_1|reason_2|reason_3","sensitive"
"L4-L4-17-159-05797c1c","L4","L4-17","精神误解","在我们家沟通里，提到「对稳定和冒险的看法」，我最不想被误会成「不把家里放在心上」。更真实的是？","我在学着对自己负责","我想用自己的方式爱这个家","这对我的心理健康有帮助","我想先自己消化","reason_0|reason_1|reason_2|reason_3","sensitive"
"L4-L4-17-158-5d7526ba","L4","L4-17","精神误解","最近这段时间，提到「对稳定和冒险的看法」，我最不想被误会成「不把家里放在心上」。更真实的是？","我在学着对自己负责","我想用自己的方式爱这个家","这对我的心理健康有帮助","我想先自己消化","reason_0|reason_1|reason_2|reason_3","sensitive"
"L4-L4-17-171-ab50927b","L4","L4-17","精神误解","在我们家沟通里，提到「对家庭责任的看法」，我最不想被误会成「不懂事或太自我」。更真实的是？","这样我会更舒服自在","我在认真尝试喜欢的事","我想用自己的方式爱这个家","想保留一点自己的节奏","reason_0|reason_1|reason_2|reason_3","sensitive"
"L4-L4-17-170-ea5afa60","L4","L4-17","精神误解","最近这段时间，提到「对家庭责任的看法」，我最不想被误会成「不懂事或太自我」。更真实的是？","这样我会更舒服自在","我在认真尝试喜欢的事","我想用自己的方式爱这个家","想保留一点自己的节奏","reason_0|reason_1|reason_2|reason_3","sensitive"
"L4-L4-17-172-0e084943","L4","L4-17","精神误解","提到「关于未来的节奏」，我最不想被误会成「叛逆或不听话」。更真实的是？","我在学着对自己负责","我需要一点点掌控感","这是我表达自己的方式","我希望被当成成年人看待","reason_0|reason_1|reason_2|reason_3","sensitive"
"L4-L4-17-174-3dd0c75d","L4","L4-17","精神误解","最近这段时间，提到「关于未来的节奏」，我最不想被误会成「叛逆或不听话」。更真实的是？","我在学着对自己负责","我需要一点点掌控感","这是我表达自己的方式","我希望被当成成年人看待","reason_0|reason_1|reason_2|reason_3","sensitive"
"L4-L4-17-173-18bbb6b3","L4","L4-17","精神误解","如果只能选一个更贴近的：提到「关于未来的节奏」，我最不想被误会成「叛逆或不听话」。更真实的是？","我在学着对自己负责","我需要一点点掌控感","这是我表达自己的方式","我希望被当成成年人看待","reason_0|reason_1|reason_2|reason_3","sensitive"
"L4-L4-17-166-46798b4a","L4","L4-17","精神误解","最近这段时间，提到「对「乖」和「真」的取舍」，我最不想被误会成「叛逆或不听话」。更真实的是？","这能让我从压力里喘口气","我在学着对自己负责","想保留一点自己的节奏","我希望被当成成年人看待","reason_0|reason_1|reason_2|reason_3","sensitive"
"L4-L4-17-165-7c68da88","L4","L4-17","精神误解","如果只能选一个更贴近的：提到「对「乖」和「真」的取舍」，我最不想被误会成「叛逆或不听话」。更真实的是？","这能让我从压力里喘口气","我在学着对自己负责","想保留一点自己的节奏","我希望被当成成年人看待","reason_0|reason_1|reason_2|reason_3","sensitive"
"L4-L4-17-167-1801d457","L4","L4-17","精神误解","在我们家沟通里，提到「对「乖」和「真」的取舍」，我最不想被误会成「叛逆或不听话」。更真实的是？","这能让我从压力里喘口气","我在学着对自己负责","想保留一点自己的节奏","我希望被当成成年人看待","reason_0|reason_1|reason_2|reason_3","sensitive"
"L4-L4-17-169-b64e22cb","L4","L4-17","精神误解","如果只能选一个更贴近的：提到「对家庭责任的看法」，我最不想被误会成「不懂事或太自我」。更真实的是？","这样我会更舒服自在","我在认真尝试喜欢的事","我想用自己的方式爱这个家","想保留一点自己的节奏","reason_0|reason_1|reason_2|reason_3","sensitive"
"L4-L4-17-168-497cb3c3","L4","L4-17","精神误解","提到「对家庭责任的看法」，我最不想被误会成「不懂事或太自我」。更真实的是？","这样我会更舒服自在","我在认真尝试喜欢的事","我想用自己的方式爱这个家","想保留一点自己的节奏","reason_0|reason_1|reason_2|reason_3","sensitive"
"L4-L4-17-141-80c635d8","L4","L4-17","精神误解","如果只能选一个更贴近的：提到「自我价值感来源」，我最不想被误会成「浪费时间和钱」。更真实的是？","想保留一点自己的节奏","我想先自己消化","我想被看见真实的自己","这能让我从压力里喘口气","reason_0|reason_1|reason_2|reason_3","sensitive"
"L4-L4-17-140-083eb415","L4","L4-17","精神误解","提到「自我价值感来源」，我最不想被误会成「浪费时间和钱」。更真实的是？","想保留一点自己的节奏","我想先自己消化","我想被看见真实的自己","这能让我从压力里喘口气","reason_0|reason_1|reason_2|reason_3","sensitive"
"L4-L4-17-142-ac059a26","L4","L4-17","精神误解","最近这段时间，提到「自我价值感来源」，我最不想被误会成「浪费时间和钱」。更真实的是？","想保留一点自己的节奏","我想先自己消化","我想被看见真实的自己","这能让我从压力里喘口气","reason_0|reason_1|reason_2|reason_3","sensitive"
"L4-L4-17-144-ec852500","L4","L4-17","精神误解","提到「关于未来的节奏」，我最不想被误会成「故意让你们担心」。更真实的是？","想保留一点自己的节奏","这样我会更舒服自在","我在学着对自己负责","我需要一点点掌控感","reason_0|reason_1|reason_2|reason_3","sensitive"
"L4-L4-17-143-b6fa89a3","L4","L4-17","精神误解","在我们家沟通里，提到「自我价值感来源」，我最不想被误会成「浪费时间和钱」。更真实的是？","想保留一点自己的节奏","我想先自己消化","我想被看见真实的自己","这能让我从压力里喘口气","reason_0|reason_1|reason_2|reason_3","sensitive"
"L4-L4-17-136-9970e41f","L4","L4-17","精神误解","提到「花钱方式背后的价值」，我最不想被误会成「不接受你们的好意」。更真实的是？","我在认真尝试喜欢的事","我想先自己消化","这对我的心理健康有帮助","这能让我从压力里喘口气","reason_0|reason_1|reason_2|reason_3","sensitive"
"L4-L4-17-135-8adcf055","L4","L4-17","精神误解","在我们家沟通里，提到「不想被定义的部分」，我最不想被误会成「浪费时间和钱」。更真实的是？","这对我的心理健康有帮助","我在学着对自己负责","我想用自己的方式爱这个家","想保留一点自己的节奏","reason_0|reason_1|reason_2|reason_3","sensitive"
"L4-L4-17-137-e5b8dd4a","L4","L4-17","精神误解","如果只能选一个更贴近的：提到「花钱方式背后的价值」，我最不想被误会成「不接受你们的好意」。更真实的是？","我在认真尝试喜欢的事","我想先自己消化","这对我的心理健康有帮助","这能让我从压力里喘口气","reason_0|reason_1|reason_2|reason_3","sensitive"
"L4-L4-17-139-d918d2f4","L4","L4-17","精神误解","在我们家沟通里，提到「花钱方式背后的价值」，我最不想被误会成「不接受你们的好意」。更真实的是？","我在认真尝试喜欢的事","我想先自己消化","这对我的心理健康有帮助","这能让我从压力里喘口气","reason_0|reason_1|reason_2|reason_3","sensitive"
"L4-L4-17-138-032fccee","L4","L4-17","精神误解","最近这段时间，提到「花钱方式背后的价值」，我最不想被误会成「不接受你们的好意」。更真实的是？","我在认真尝试喜欢的事","我想先自己消化","这对我的心理健康有帮助","这能让我从压力里喘口气","reason_0|reason_1|reason_2|reason_3","sensitive"
"L4-L4-17-151-a67038ea","L4","L4-17","精神误解","在我们家沟通里，提到「被理解这件事」，我最不想被误会成「故意唱反调」。更真实的是？","我在认真尝试喜欢的事","我需要一点点掌控感","我想用自己的方式爱这个家","这是我表达自己的方式","reason_0|reason_1|reason_2|reason_3","sensitive"
"L4-L4-17-150-84edb77c","L4","L4-17","精神误解","最近这段时间，提到「被理解这件事」，我最不想被误会成「故意唱反调」。更真实的是？","我在认真尝试喜欢的事","我需要一点点掌控感","我想用自己的方式爱这个家","这是我表达自己的方式","reason_0|reason_1|reason_2|reason_3","sensitive"
"L4-L4-17-152-a185d9e8","L4","L4-17","精神误解","提到「独处的需要」，我最不想被误会成「不把家里放在心上」。更真实的是？","这对我的心理健康有帮助","这样我会更舒服自在","我在学着对自己负责","我想被看见真实的自己","reason_0|reason_1|reason_2|reason_3","sensitive"
"L4-L4-17-154-0113df9b","L4","L4-17","精神误解","最近这段时间，提到「独处的需要」，我最不想被误会成「不把家里放在心上」。更真实的是？","这对我的心理健康有帮助","这样我会更舒服自在","我在学着对自己负责","我想被看见真实的自己","reason_0|reason_1|reason_2|reason_3","sensitive"
"L4-L4-17-153-46acb808","L4","L4-17","精神误解","如果只能选一个更贴近的：提到「独处的需要」，我最不想被误会成「不把家里放在心上」。更真实的是？","这对我的心理健康有帮助","这样我会更舒服自在","我在学着对自己负责","我想被看见真实的自己","reason_0|reason_1|reason_2|reason_3","sensitive"
"L4-L4-17-146-befea1f1","L4","L4-17","精神误解","最近这段时间，提到「关于未来的节奏」，我最不想被误会成「故意让你们担心」。更真实的是？","想保留一点自己的节奏","这样我会更舒服自在","我在学着对自己负责","我需要一点点掌控感","reason_0|reason_1|reason_2|reason_3","sensitive"
"L4-L4-17-145-22eb2c11","L4","L4-17","精神误解","如果只能选一个更贴近的：提到「关于未来的节奏」，我最不想被误会成「故意让你们担心」。更真实的是？","想保留一点自己的节奏","这样我会更舒服自在","我在学着对自己负责","我需要一点点掌控感","reason_0|reason_1|reason_2|reason_3","sensitive"
"L4-L4-17-147-bec98fe6","L4","L4-17","精神误解","在我们家沟通里，提到「关于未来的节奏」，我最不想被误会成「故意让你们担心」。更真实的是？","想保留一点自己的节奏","这样我会更舒服自在","我在学着对自己负责","我需要一点点掌控感","reason_0|reason_1|reason_2|reason_3","sensitive"
"L4-L4-17-149-3cedcfcb","L4","L4-17","精神误解","如果只能选一个更贴近的：提到「被理解这件事」，我最不想被误会成「故意唱反调」。更真实的是？","我在认真尝试喜欢的事","我需要一点点掌控感","我想用自己的方式爱这个家","这是我表达自己的方式","reason_0|reason_1|reason_2|reason_3","sensitive"
"L4-L4-17-148-1de680c4","L4","L4-17","精神误解","提到「被理解这件事」，我最不想被误会成「故意唱反调」。更真实的是？","我在认真尝试喜欢的事","我需要一点点掌控感","我想用自己的方式爱这个家","这是我表达自己的方式","reason_0|reason_1|reason_2|reason_3","sensitive"
"L4-L4-17-201-85b9b4dd","L4","L4-17","精神误解","如果只能选一个更贴近的：提到「被理解这件事」，我最不想被误会成「不懂事或太自我」。更真实的是？","我在认真尝试喜欢的事","我希望被当成成年人看待","我在学着对自己负责","我想被看见真实的自己","reason_0|reason_1|reason_2|reason_3","sensitive"
"L4-L4-17-200-76c7edd1","L4","L4-17","精神误解","提到「被理解这件事」，我最不想被误会成「不懂事或太自我」。更真实的是？","我在认真尝试喜欢的事","我希望被当成成年人看待","我在学着对自己负责","我想被看见真实的自己","reason_0|reason_1|reason_2|reason_3","sensitive"
"L4-L4-17-202-144b62bd","L4","L4-17","精神误解","最近这段时间，提到「被理解这件事」，我最不想被误会成「不懂事或太自我」。更真实的是？","我在认真尝试喜欢的事","我希望被当成成年人看待","我在学着对自己负责","我想被看见真实的自己","reason_0|reason_1|reason_2|reason_3","sensitive"
"L4-L4-17-204-b565d279","L4","L4-17","精神误解","提到「关于未来的节奏」，我最不想被误会成「故意唱反调」。更真实的是？","想保留一点自己的节奏","这对我的心理健康有帮助","我想被看见真实的自己","我想用自己的方式爱这个家","reason_0|reason_1|reason_2|reason_3","sensitive"
"L4-L4-17-203-836333aa","L4","L4-17","精神误解","在我们家沟通里，提到「被理解这件事」，我最不想被误会成「不懂事或太自我」。更真实的是？","我在认真尝试喜欢的事","我希望被当成成年人看待","我在学着对自己负责","我想被看见真实的自己","reason_0|reason_1|reason_2|reason_3","sensitive"
"L4-L4-17-196-18aa45d6","L4","L4-17","精神误解","提到「想成为什么样的人」，我最不想被误会成「浪费时间和钱」。更真实的是？","这能让我从压力里喘口气","我希望被当成成年人看待","我想被看见真实的自己","我想先自己消化","reason_0|reason_1|reason_2|reason_3","sensitive"
"L4-L4-17-195-7b242220","L4","L4-17","精神误解","在我们家沟通里，提到「被理解这件事」，我最不想被误会成「被外界带坏了」。更真实的是？","我想先自己消化","这是我表达自己的方式","我在认真尝试喜欢的事","想保留一点自己的节奏","reason_0|reason_1|reason_2|reason_3","sensitive"
"L4-L4-17-197-f3f2e9a8","L4","L4-17","精神误解","如果只能选一个更贴近的：提到「想成为什么样的人」，我最不想被误会成「浪费时间和钱」。更真实的是？","这能让我从压力里喘口气","我希望被当成成年人看待","我想被看见真实的自己","我想先自己消化","reason_0|reason_1|reason_2|reason_3","sensitive"
"L4-L4-17-199-c1f9f9af","L4","L4-17","精神误解","在我们家沟通里，提到「想成为什么样的人」，我最不想被误会成「浪费时间和钱」。更真实的是？","这能让我从压力里喘口气","我希望被当成成年人看待","我想被看见真实的自己","我想先自己消化","reason_0|reason_1|reason_2|reason_3","sensitive"
"L4-L4-17-198-41c637b1","L4","L4-17","精神误解","最近这段时间，提到「想成为什么样的人」，我最不想被误会成「浪费时间和钱」。更真实的是？","这能让我从压力里喘口气","我希望被当成成年人看待","我想被看见真实的自己","我想先自己消化","reason_0|reason_1|reason_2|reason_3","sensitive"
"L4-L4-17-211-cfa400ae","L4","L4-17","精神误解","在我们家沟通里，提到「关于未来的节奏」，我最不想被误会成「做事没长远考虑」。更真实的是？","我想用自己的方式爱这个家","这样我会更舒服自在","我希望被当成成年人看待","这是我表达自己的方式","reason_0|reason_1|reason_2|reason_3","sensitive"
"L4-L4-17-210-5c83ed88","L4","L4-17","精神误解","最近这段时间，提到「关于未来的节奏」，我最不想被误会成「做事没长远考虑」。更真实的是？","我想用自己的方式爱这个家","这样我会更舒服自在","我希望被当成成年人看待","这是我表达自己的方式","reason_0|reason_1|reason_2|reason_3","sensitive"
"L4-L4-17-212-fa95d252","L4","L4-17","精神误解","提到「不想被定义的部分」，我最不想被误会成「故意让你们担心」。更真实的是？","我希望被当成成年人看待","我需要一点点掌控感","这是我表达自己的方式","这对我的心理健康有帮助","reason_0|reason_1|reason_2|reason_3","sensitive"
"L4-L4-17-214-65fa2286","L4","L4-17","精神误解","最近这段时间，提到「不想被定义的部分」，我最不想被误会成「故意让你们担心」。更真实的是？","我希望被当成成年人看待","我需要一点点掌控感","这是我表达自己的方式","这对我的心理健康有帮助","reason_0|reason_1|reason_2|reason_3","sensitive"
"L4-L4-17-213-233171e5","L4","L4-17","精神误解","如果只能选一个更贴近的：提到「不想被定义的部分」，我最不想被误会成「故意让你们担心」。更真实的是？","我希望被当成成年人看待","我需要一点点掌控感","这是我表达自己的方式","这对我的心理健康有帮助","reason_0|reason_1|reason_2|reason_3","sensitive"
"L4-L4-17-206-9f76a0d7","L4","L4-17","精神误解","最近这段时间，提到「关于未来的节奏」，我最不想被误会成「故意唱反调」。更真实的是？","想保留一点自己的节奏","这对我的心理健康有帮助","我想被看见真实的自己","我想用自己的方式爱这个家","reason_0|reason_1|reason_2|reason_3","sensitive"
"L4-L4-17-205-28e14daa","L4","L4-17","精神误解","如果只能选一个更贴近的：提到「关于未来的节奏」，我最不想被误会成「故意唱反调」。更真实的是？","想保留一点自己的节奏","这对我的心理健康有帮助","我想被看见真实的自己","我想用自己的方式爱这个家","reason_0|reason_1|reason_2|reason_3","sensitive"
"L4-L4-17-207-235b8fa8","L4","L4-17","精神误解","在我们家沟通里，提到「关于未来的节奏」，我最不想被误会成「故意唱反调」。更真实的是？","想保留一点自己的节奏","这对我的心理健康有帮助","我想被看见真实的自己","我想用自己的方式爱这个家","reason_0|reason_1|reason_2|reason_3","sensitive"
"L4-L4-17-209-511df6db","L4","L4-17","精神误解","如果只能选一个更贴近的：提到「关于未来的节奏」，我最不想被误会成「做事没长远考虑」。更真实的是？","我想用自己的方式爱这个家","这样我会更舒服自在","我希望被当成成年人看待","这是我表达自己的方式","reason_0|reason_1|reason_2|reason_3","sensitive"
"L4-L4-17-208-0def29f7","L4","L4-17","精神误解","提到「关于未来的节奏」，我最不想被误会成「做事没长远考虑」。更真实的是？","我想用自己的方式爱这个家","这样我会更舒服自在","我希望被当成成年人看待","这是我表达自己的方式","reason_0|reason_1|reason_2|reason_3","sensitive"
"L4-L4-17-181-02bcb7a8","L4","L4-17","精神误解","如果只能选一个更贴近的：提到「对稳定和冒险的看法」，我最不想被误会成「被外界带坏了」。更真实的是？","我在学着对自己负责","我希望被当成成年人看待","这是我表达自己的方式","这样我会更舒服自在","reason_0|reason_1|reason_2|reason_3","sensitive"
"L4-L4-17-180-4732c968","L4","L4-17","精神误解","提到「对稳定和冒险的看法」，我最不想被误会成「被外界带坏了」。更真实的是？","我在学着对自己负责","我希望被当成成年人看待","这是我表达自己的方式","这样我会更舒服自在","reason_0|reason_1|reason_2|reason_3","sensitive"
"L4-L4-17-182-80a38cde","L4","L4-17","精神误解","最近这段时间，提到「对稳定和冒险的看法」，我最不想被误会成「被外界带坏了」。更真实的是？","我在学着对自己负责","我希望被当成成年人看待","这是我表达自己的方式","这样我会更舒服自在","reason_0|reason_1|reason_2|reason_3","sensitive"
"L4-L4-17-184-28e7719d","L4","L4-17","精神误解","提到「自我价值感来源」，我最不想被误会成「不把家里放在心上」。更真实的是？","我在认真尝试喜欢的事","这能让我从压力里喘口气","这是我表达自己的方式","我想被看见真实的自己","reason_0|reason_1|reason_2|reason_3","sensitive"
"L4-L4-17-183-6ea05e6a","L4","L4-17","精神误解","在我们家沟通里，提到「对稳定和冒险的看法」，我最不想被误会成「被外界带坏了」。更真实的是？","我在学着对自己负责","我希望被当成成年人看待","这是我表达自己的方式","这样我会更舒服自在","reason_0|reason_1|reason_2|reason_3","sensitive"
"L4-L4-17-176-b1df916e","L4","L4-17","精神误解","提到「面对否定时的自我保护」，我最不想被误会成「浪费时间和钱」。更真实的是？","我在认真尝试喜欢的事","这样我会更舒服自在","我希望被当成成年人看待","这是我表达自己的方式","reason_0|reason_1|reason_2|reason_3","sensitive"
"L4-L4-17-175-cf3a48b6","L4","L4-17","精神误解","在我们家沟通里，提到「关于未来的节奏」，我最不想被误会成「叛逆或不听话」。更真实的是？","我在学着对自己负责","我需要一点点掌控感","这是我表达自己的方式","我希望被当成成年人看待","reason_0|reason_1|reason_2|reason_3","sensitive"
"L4-L4-17-177-0e4435b4","L4","L4-17","精神误解","如果只能选一个更贴近的：提到「面对否定时的自我保护」，我最不想被误会成「浪费时间和钱」。更真实的是？","我在认真尝试喜欢的事","这样我会更舒服自在","我希望被当成成年人看待","这是我表达自己的方式","reason_0|reason_1|reason_2|reason_3","sensitive"
"L4-L4-17-179-4d55fb1b","L4","L4-17","精神误解","在我们家沟通里，提到「面对否定时的自我保护」，我最不想被误会成「浪费时间和钱」。更真实的是？","我在认真尝试喜欢的事","这样我会更舒服自在","我希望被当成成年人看待","这是我表达自己的方式","reason_0|reason_1|reason_2|reason_3","sensitive"
"L4-L4-17-178-277ecf99","L4","L4-17","精神误解","最近这段时间，提到「面对否定时的自我保护」，我最不想被误会成「浪费时间和钱」。更真实的是？","我在认真尝试喜欢的事","这样我会更舒服自在","我希望被当成成年人看待","这是我表达自己的方式","reason_0|reason_1|reason_2|reason_3","sensitive"
"L4-L4-17-191-52f945c5","L4","L4-17","精神误解","在我们家沟通里，提到「精神内耗时的需要」，我最不想被误会成「故意让你们担心」。更真实的是？","我想用自己的方式爱这个家","这样我会更舒服自在","我在学着对自己负责","这对我的心理健康有帮助","reason_0|reason_1|reason_2|reason_3","sensitive"
"L4-L4-17-190-908898fa","L4","L4-17","精神误解","最近这段时间，提到「精神内耗时的需要」，我最不想被误会成「故意让你们担心」。更真实的是？","我想用自己的方式爱这个家","这样我会更舒服自在","我在学着对自己负责","这对我的心理健康有帮助","reason_0|reason_1|reason_2|reason_3","sensitive"
"L4-L4-17-192-fd9255e4","L4","L4-17","精神误解","提到「被理解这件事」，我最不想被误会成「被外界带坏了」。更真实的是？","我想先自己消化","这是我表达自己的方式","我在认真尝试喜欢的事","想保留一点自己的节奏","reason_0|reason_1|reason_2|reason_3","sensitive"
"L4-L4-17-194-9b7102d3","L4","L4-17","精神误解","最近这段时间，提到「被理解这件事」，我最不想被误会成「被外界带坏了」。更真实的是？","我想先自己消化","这是我表达自己的方式","我在认真尝试喜欢的事","想保留一点自己的节奏","reason_0|reason_1|reason_2|reason_3","sensitive"
"L4-L4-17-193-f5206813","L4","L4-17","精神误解","如果只能选一个更贴近的：提到「被理解这件事」，我最不想被误会成「被外界带坏了」。更真实的是？","我想先自己消化","这是我表达自己的方式","我在认真尝试喜欢的事","想保留一点自己的节奏","reason_0|reason_1|reason_2|reason_3","sensitive"
"L4-L4-17-186-d196af47","L4","L4-17","精神误解","最近这段时间，提到「自我价值感来源」，我最不想被误会成「不把家里放在心上」。更真实的是？","我在认真尝试喜欢的事","这能让我从压力里喘口气","这是我表达自己的方式","我想被看见真实的自己","reason_0|reason_1|reason_2|reason_3","sensitive"
"L4-L4-17-185-17014753","L4","L4-17","精神误解","如果只能选一个更贴近的：提到「自我价值感来源」，我最不想被误会成「不把家里放在心上」。更真实的是？","我在认真尝试喜欢的事","这能让我从压力里喘口气","这是我表达自己的方式","我想被看见真实的自己","reason_0|reason_1|reason_2|reason_3","sensitive"
"L4-L4-17-187-29c0dbbc","L4","L4-17","精神误解","在我们家沟通里，提到「自我价值感来源」，我最不想被误会成「不把家里放在心上」。更真实的是？","我在认真尝试喜欢的事","这能让我从压力里喘口气","这是我表达自己的方式","我想被看见真实的自己","reason_0|reason_1|reason_2|reason_3","sensitive"
"L4-L4-17-189-cc692cb2","L4","L4-17","精神误解","如果只能选一个更贴近的：提到「精神内耗时的需要」，我最不想被误会成「故意让你们担心」。更真实的是？","我想用自己的方式爱这个家","这样我会更舒服自在","我在学着对自己负责","这对我的心理健康有帮助","reason_0|reason_1|reason_2|reason_3","sensitive"
"L4-L4-17-188-a4d58768","L4","L4-17","精神误解","提到「精神内耗时的需要」，我最不想被误会成「故意让你们担心」。更真实的是？","我想用自己的方式爱这个家","这样我会更舒服自在","我在学着对自己负责","这对我的心理健康有帮助","reason_0|reason_1|reason_2|reason_3","sensitive"
"L4-L4-17-134-88f73742","L4","L4-17","精神误解","最近这段时间，提到「不想被定义的部分」，我最不想被误会成「浪费时间和钱」。更真实的是？","这对我的心理健康有帮助","我在学着对自己负责","我想用自己的方式爱这个家","想保留一点自己的节奏","reason_0|reason_1|reason_2|reason_3","sensitive"
"L4-L4-17-080-1252acb6","L4","L4-17","精神误解","提到「独处的需要」，我最不想被误会成「在赌气」。更真实的是？","我在学着对自己负责","这对我的心理健康有帮助","这样我会更舒服自在","我想被看见真实的自己","reason_0|reason_1|reason_2|reason_3","sensitive"
"L4-L4-17-079-a2ca7ec4","L4","L4-17","精神误解","在我们家沟通里，提到「对成功的定义」，我最不想被误会成「在赌气」。更真实的是？","我在认真尝试喜欢的事","这对我的心理健康有帮助","我想被看见真实的自己","我想先自己消化","reason_0|reason_1|reason_2|reason_3","sensitive"
"L4-L4-17-081-5cba0f04","L4","L4-17","精神误解","如果只能选一个更贴近的：提到「独处的需要」，我最不想被误会成「在赌气」。更真实的是？","我在学着对自己负责","这对我的心理健康有帮助","这样我会更舒服自在","我想被看见真实的自己","reason_0|reason_1|reason_2|reason_3","sensitive"
"L4-L4-17-083-a83b4035","L4","L4-17","精神误解","在我们家沟通里，提到「独处的需要」，我最不想被误会成「在赌气」。更真实的是？","我在学着对自己负责","这对我的心理健康有帮助","这样我会更舒服自在","我想被看见真实的自己","reason_0|reason_1|reason_2|reason_3","sensitive"
"L4-L4-17-082-d73f126d","L4","L4-17","精神误解","最近这段时间，提到「独处的需要」，我最不想被误会成「在赌气」。更真实的是？","我在学着对自己负责","这对我的心理健康有帮助","这样我会更舒服自在","我想被看见真实的自己","reason_0|reason_1|reason_2|reason_3","sensitive"
"L4-L4-17-075-cde686fa","L4","L4-17","精神误解","在我们家沟通里，提到「独处的需要」，我最不想被误会成「浪费时间和钱」。更真实的是？","这能让我从压力里喘口气","这对我的心理健康有帮助","这是我表达自己的方式","我在认真尝试喜欢的事","reason_0|reason_1|reason_2|reason_3","sensitive"
"L4-L4-17-074-b83df51f","L4","L4-17","精神误解","最近这段时间，提到「独处的需要」，我最不想被误会成「浪费时间和钱」。更真实的是？","这能让我从压力里喘口气","这对我的心理健康有帮助","这是我表达自己的方式","我在认真尝试喜欢的事","reason_0|reason_1|reason_2|reason_3","sensitive"
"L4-L4-17-076-749fb24a","L4","L4-17","精神误解","提到「对成功的定义」，我最不想被误会成「在赌气」。更真实的是？","我在认真尝试喜欢的事","这对我的心理健康有帮助","我想被看见真实的自己","我想先自己消化","reason_0|reason_1|reason_2|reason_3","sensitive"
"L4-L4-17-078-4c1feed5","L4","L4-17","精神误解","最近这段时间，提到「对成功的定义」，我最不想被误会成「在赌气」。更真实的是？","我在认真尝试喜欢的事","这对我的心理健康有帮助","我想被看见真实的自己","我想先自己消化","reason_0|reason_1|reason_2|reason_3","sensitive"
"L4-L4-17-077-53b90f63","L4","L4-17","精神误解","如果只能选一个更贴近的：提到「对成功的定义」，我最不想被误会成「在赌气」。更真实的是？","我在认真尝试喜欢的事","这对我的心理健康有帮助","我想被看见真实的自己","我想先自己消化","reason_0|reason_1|reason_2|reason_3","sensitive"
"L4-L4-17-090-99bb14d5","L4","L4-17","精神误解","最近这段时间，提到「对家庭责任的看法」，我最不想被误会成「被外界带坏了」。更真实的是？","我需要一点点掌控感","这是我表达自己的方式","我想先自己消化","我在认真尝试喜欢的事","reason_0|reason_1|reason_2|reason_3","sensitive"
"L4-L4-17-089-694fce4a","L4","L4-17","精神误解","如果只能选一个更贴近的：提到「对家庭责任的看法」，我最不想被误会成「被外界带坏了」。更真实的是？","我需要一点点掌控感","这是我表达自己的方式","我想先自己消化","我在认真尝试喜欢的事","reason_0|reason_1|reason_2|reason_3","sensitive"
"L4-L4-17-091-57907bfe","L4","L4-17","精神误解","在我们家沟通里，提到「对家庭责任的看法」，我最不想被误会成「被外界带坏了」。更真实的是？","我需要一点点掌控感","这是我表达自己的方式","我想先自己消化","我在认真尝试喜欢的事","reason_0|reason_1|reason_2|reason_3","sensitive"
"L4-L4-17-093-e8344c1b","L4","L4-17","精神误解","如果只能选一个更贴近的：提到「精神内耗时的需要」，我最不想被误会成「不接受你们的好意」。更真实的是？","我在认真尝试喜欢的事","这能让我从压力里喘口气","我想用自己的方式爱这个家","这对我的心理健康有帮助","reason_0|reason_1|reason_2|reason_3","sensitive"
"L4-L4-17-092-7deffc38","L4","L4-17","精神误解","提到「精神内耗时的需要」，我最不想被误会成「不接受你们的好意」。更真实的是？","我在认真尝试喜欢的事","这能让我从压力里喘口气","我想用自己的方式爱这个家","这对我的心理健康有帮助","reason_0|reason_1|reason_2|reason_3","sensitive"
"L4-L4-17-085-136935cf","L4","L4-17","精神误解","如果只能选一个更贴近的：提到「对「乖」和「真」的取舍」，我最不想被误会成「故意让你们担心」。更真实的是？","这对我的心理健康有帮助","这样我会更舒服自在","我想用自己的方式爱这个家","我希望被当成成年人看待","reason_0|reason_1|reason_2|reason_3","sensitive"
"L4-L4-17-084-28c38c75","L4","L4-17","精神误解","提到「对「乖」和「真」的取舍」，我最不想被误会成「故意让你们担心」。更真实的是？","这对我的心理健康有帮助","这样我会更舒服自在","我想用自己的方式爱这个家","我希望被当成成年人看待","reason_0|reason_1|reason_2|reason_3","sensitive"
"L4-L4-17-086-e25841b3","L4","L4-17","精神误解","最近这段时间，提到「对「乖」和「真」的取舍」，我最不想被误会成「故意让你们担心」。更真实的是？","这对我的心理健康有帮助","这样我会更舒服自在","我想用自己的方式爱这个家","我希望被当成成年人看待","reason_0|reason_1|reason_2|reason_3","sensitive"
"L4-L4-17-088-08e73834","L4","L4-17","精神误解","提到「对家庭责任的看法」，我最不想被误会成「被外界带坏了」。更真实的是？","我需要一点点掌控感","这是我表达自己的方式","我想先自己消化","我在认真尝试喜欢的事","reason_0|reason_1|reason_2|reason_3","sensitive"
"L4-L4-17-087-9f238d45","L4","L4-17","精神误解","在我们家沟通里，提到「对「乖」和「真」的取舍」，我最不想被误会成「故意让你们担心」。更真实的是？","这对我的心理健康有帮助","这样我会更舒服自在","我想用自己的方式爱这个家","我希望被当成成年人看待","reason_0|reason_1|reason_2|reason_3","sensitive"
"L4-L4-17-060-ff355719","L4","L4-17","精神误解","提到「对成功的定义」，我最不想被误会成「叛逆或不听话」。更真实的是？","我希望被当成成年人看待","这能让我从压力里喘口气","这样我会更舒服自在","我想先自己消化","reason_0|reason_1|reason_2|reason_3","sensitive"
"L4-L4-17-059-fad566be","L4","L4-17","精神误解","在我们家沟通里，提到「对家庭责任的看法」，我最不想被误会成「浪费时间和钱」。更真实的是？","这对我的心理健康有帮助","想保留一点自己的节奏","我想先自己消化","我需要一点点掌控感","reason_0|reason_1|reason_2|reason_3","sensitive"
"L4-L4-17-061-74d65008","L4","L4-17","精神误解","如果只能选一个更贴近的：提到「对成功的定义」，我最不想被误会成「叛逆或不听话」。更真实的是？","我希望被当成成年人看待","这能让我从压力里喘口气","这样我会更舒服自在","我想先自己消化","reason_0|reason_1|reason_2|reason_3","sensitive"
"L4-L4-17-063-3b342bf9","L4","L4-17","精神误解","在我们家沟通里，提到「对成功的定义」，我最不想被误会成「叛逆或不听话」。更真实的是？","我希望被当成成年人看待","这能让我从压力里喘口气","这样我会更舒服自在","我想先自己消化","reason_0|reason_1|reason_2|reason_3","sensitive"
"L4-L4-17-062-fcd8d612","L4","L4-17","精神误解","最近这段时间，提到「对成功的定义」，我最不想被误会成「叛逆或不听话」。更真实的是？","我希望被当成成年人看待","这能让我从压力里喘口气","这样我会更舒服自在","我想先自己消化","reason_0|reason_1|reason_2|reason_3","sensitive"
"L4-L4-17-055-32e9dfcf","L4","L4-17","精神误解","在我们家沟通里，提到「对家庭责任的看法」，我最不想被误会成「故意让你们担心」。更真实的是？","这对我的心理健康有帮助","想保留一点自己的节奏","我想用自己的方式爱这个家","我在学着对自己负责","reason_0|reason_1|reason_2|reason_3","sensitive"
"L4-L4-17-054-c8b7c76f","L4","L4-17","精神误解","最近这段时间，提到「对家庭责任的看法」，我最不想被误会成「故意让你们担心」。更真实的是？","这对我的心理健康有帮助","想保留一点自己的节奏","我想用自己的方式爱这个家","我在学着对自己负责","reason_0|reason_1|reason_2|reason_3","sensitive"
"L4-L4-17-056-4bf4e3eb","L4","L4-17","精神误解","提到「对家庭责任的看法」，我最不想被误会成「浪费时间和钱」。更真实的是？","这对我的心理健康有帮助","想保留一点自己的节奏","我想先自己消化","我需要一点点掌控感","reason_0|reason_1|reason_2|reason_3","sensitive"
"L4-L4-17-058-1311c342","L4","L4-17","精神误解","最近这段时间，提到「对家庭责任的看法」，我最不想被误会成「浪费时间和钱」。更真实的是？","这对我的心理健康有帮助","想保留一点自己的节奏","我想先自己消化","我需要一点点掌控感","reason_0|reason_1|reason_2|reason_3","sensitive"
"L4-L4-17-057-b2a92377","L4","L4-17","精神误解","如果只能选一个更贴近的：提到「对家庭责任的看法」，我最不想被误会成「浪费时间和钱」。更真实的是？","这对我的心理健康有帮助","想保留一点自己的节奏","我想先自己消化","我需要一点点掌控感","reason_0|reason_1|reason_2|reason_3","sensitive"
"L4-L4-17-070-4733cced","L4","L4-17","精神误解","最近这段时间，提到「对家庭责任的看法」，我最不想被误会成「在赌气」。更真实的是？","想保留一点自己的节奏","我希望被当成成年人看待","我想被看见真实的自己","我需要一点点掌控感","reason_0|reason_1|reason_2|reason_3","sensitive"
"L4-L4-17-069-d94bc1cd","L4","L4-17","精神误解","如果只能选一个更贴近的：提到「对家庭责任的看法」，我最不想被误会成「在赌气」。更真实的是？","想保留一点自己的节奏","我希望被当成成年人看待","我想被看见真实的自己","我需要一点点掌控感","reason_0|reason_1|reason_2|reason_3","sensitive"
"L4-L4-17-071-b76cee6b","L4","L4-17","精神误解","在我们家沟通里，提到「对家庭责任的看法」，我最不想被误会成「在赌气」。更真实的是？","想保留一点自己的节奏","我希望被当成成年人看待","我想被看见真实的自己","我需要一点点掌控感","reason_0|reason_1|reason_2|reason_3","sensitive"
"L4-L4-17-073-7c22077d","L4","L4-17","精神误解","如果只能选一个更贴近的：提到「独处的需要」，我最不想被误会成「浪费时间和钱」。更真实的是？","这能让我从压力里喘口气","这对我的心理健康有帮助","这是我表达自己的方式","我在认真尝试喜欢的事","reason_0|reason_1|reason_2|reason_3","sensitive"
"L4-L4-17-072-b851e600","L4","L4-17","精神误解","提到「独处的需要」，我最不想被误会成「浪费时间和钱」。更真实的是？","这能让我从压力里喘口气","这对我的心理健康有帮助","这是我表达自己的方式","我在认真尝试喜欢的事","reason_0|reason_1|reason_2|reason_3","sensitive"
"L4-L4-17-065-6335aec8","L4","L4-17","精神误解","如果只能选一个更贴近的：提到「不想被定义的部分」，我最不想被误会成「不接受你们的好意」。更真实的是？","我想先自己消化","我需要一点点掌控感","这对我的心理健康有帮助","我想用自己的方式爱这个家","reason_0|reason_1|reason_2|reason_3","sensitive"
"L4-L4-17-064-e71be6f5","L4","L4-17","精神误解","提到「不想被定义的部分」，我最不想被误会成「不接受你们的好意」。更真实的是？","我想先自己消化","我需要一点点掌控感","这对我的心理健康有帮助","我想用自己的方式爱这个家","reason_0|reason_1|reason_2|reason_3","sensitive"
"L4-L4-17-066-8c8dd574","L4","L4-17","精神误解","最近这段时间，提到「不想被定义的部分」，我最不想被误会成「不接受你们的好意」。更真实的是？","我想先自己消化","我需要一点点掌控感","这对我的心理健康有帮助","我想用自己的方式爱这个家","reason_0|reason_1|reason_2|reason_3","sensitive"
"L4-L4-17-068-0a5a3d89","L4","L4-17","精神误解","提到「对家庭责任的看法」，我最不想被误会成「在赌气」。更真实的是？","想保留一点自己的节奏","我希望被当成成年人看待","我想被看见真实的自己","我需要一点点掌控感","reason_0|reason_1|reason_2|reason_3","sensitive"
"L4-L4-17-067-88cd4940","L4","L4-17","精神误解","在我们家沟通里，提到「不想被定义的部分」，我最不想被误会成「不接受你们的好意」。更真实的是？","我想先自己消化","我需要一点点掌控感","这对我的心理健康有帮助","我想用自己的方式爱这个家","reason_0|reason_1|reason_2|reason_3","sensitive"
"L4-L4-17-120-e52c1765","L4","L4-17","精神误解","提到「花钱方式背后的价值」，我最不想被误会成「被外界带坏了」。更真实的是？","我想先自己消化","我在认真尝试喜欢的事","这对我的心理健康有帮助","这能让我从压力里喘口气","reason_0|reason_1|reason_2|reason_3","sensitive"
"L4-L4-17-119-379015a0","L4","L4-17","精神误解","在我们家沟通里，提到「想成为什么样的人」，我最不想被误会成「不懂事或太自我」。更真实的是？","我在学着对自己负责","这能让我从压力里喘口气","我需要一点点掌控感","这是我表达自己的方式","reason_0|reason_1|reason_2|reason_3","sensitive"
"L4-L4-17-121-9ababf6d","L4","L4-17","精神误解","如果只能选一个更贴近的：提到「花钱方式背后的价值」，我最不想被误会成「被外界带坏了」。更真实的是？","我想先自己消化","我在认真尝试喜欢的事","这对我的心理健康有帮助","这能让我从压力里喘口气","reason_0|reason_1|reason_2|reason_3","sensitive"
"L4-L4-17-123-ce813f56","L4","L4-17","精神误解","在我们家沟通里，提到「花钱方式背后的价值」，我最不想被误会成「被外界带坏了」。更真实的是？","我想先自己消化","我在认真尝试喜欢的事","这对我的心理健康有帮助","这能让我从压力里喘口气","reason_0|reason_1|reason_2|reason_3","sensitive"
"L4-L4-17-122-f11dd41d","L4","L4-17","精神误解","最近这段时间，提到「花钱方式背后的价值」，我最不想被误会成「被外界带坏了」。更真实的是？","我想先自己消化","我在认真尝试喜欢的事","这对我的心理健康有帮助","这能让我从压力里喘口气","reason_0|reason_1|reason_2|reason_3","sensitive"
"L4-L4-17-115-1d128bf0","L4","L4-17","精神误解","在我们家沟通里，提到「想成为什么样的人」，我最不想被误会成「不接受你们的好意」。更真实的是？","我希望被当成成年人看待","这样我会更舒服自在","这能让我从压力里喘口气","我在学着对自己负责","reason_0|reason_1|reason_2|reason_3","sensitive"
"L4-L4-17-114-52ace1f8","L4","L4-17","精神误解","最近这段时间，提到「想成为什么样的人」，我最不想被误会成「不接受你们的好意」。更真实的是？","我希望被当成成年人看待","这样我会更舒服自在","这能让我从压力里喘口气","我在学着对自己负责","reason_0|reason_1|reason_2|reason_3","sensitive"
"L4-L4-17-116-c48bfefd","L4","L4-17","精神误解","提到「想成为什么样的人」，我最不想被误会成「不懂事或太自我」。更真实的是？","我在学着对自己负责","这能让我从压力里喘口气","我需要一点点掌控感","这是我表达自己的方式","reason_0|reason_1|reason_2|reason_3","sensitive"
"L4-L4-17-118-65d7b7e5","L4","L4-17","精神误解","最近这段时间，提到「想成为什么样的人」，我最不想被误会成「不懂事或太自我」。更真实的是？","我在学着对自己负责","这能让我从压力里喘口气","我需要一点点掌控感","这是我表达自己的方式","reason_0|reason_1|reason_2|reason_3","sensitive"
"L4-L4-17-117-e4270045","L4","L4-17","精神误解","如果只能选一个更贴近的：提到「想成为什么样的人」，我最不想被误会成「不懂事或太自我」。更真实的是？","我在学着对自己负责","这能让我从压力里喘口气","我需要一点点掌控感","这是我表达自己的方式","reason_0|reason_1|reason_2|reason_3","sensitive"
"L4-L4-17-130-16123367","L4","L4-17","精神误解","最近这段时间，提到「自我价值感来源」，我最不想被误会成「不懂事或太自我」。更真实的是？","我想先自己消化","这是我表达自己的方式","这能让我从压力里喘口气","我需要一点点掌控感","reason_0|reason_1|reason_2|reason_3","sensitive"
"L4-L4-17-129-e625626d","L4","L4-17","精神误解","如果只能选一个更贴近的：提到「自我价值感来源」，我最不想被误会成「不懂事或太自我」。更真实的是？","我想先自己消化","这是我表达自己的方式","这能让我从压力里喘口气","我需要一点点掌控感","reason_0|reason_1|reason_2|reason_3","sensitive"
"L4-L4-17-131-1fa0bb90","L4","L4-17","精神误解","在我们家沟通里，提到「自我价值感来源」，我最不想被误会成「不懂事或太自我」。更真实的是？","我想先自己消化","这是我表达自己的方式","这能让我从压力里喘口气","我需要一点点掌控感","reason_0|reason_1|reason_2|reason_3","sensitive"
"L4-L4-17-133-1f529e76","L4","L4-17","精神误解","如果只能选一个更贴近的：提到「不想被定义的部分」，我最不想被误会成「浪费时间和钱」。更真实的是？","这对我的心理健康有帮助","我在学着对自己负责","我想用自己的方式爱这个家","想保留一点自己的节奏","reason_0|reason_1|reason_2|reason_3","sensitive"
"L4-L4-17-132-6ad36dea","L4","L4-17","精神误解","提到「不想被定义的部分」，我最不想被误会成「浪费时间和钱」。更真实的是？","这对我的心理健康有帮助","我在学着对自己负责","我想用自己的方式爱这个家","想保留一点自己的节奏","reason_0|reason_1|reason_2|reason_3","sensitive"
"L4-L4-17-125-46fccec5","L4","L4-17","精神误解","如果只能选一个更贴近的：提到「自我价值感来源」，我最不想被误会成「想摆脱这个家」。更真实的是？","我想先自己消化","我在认真尝试喜欢的事","我想被看见真实的自己","想保留一点自己的节奏","reason_0|reason_1|reason_2|reason_3","sensitive"
"L4-L4-17-124-7a95660f","L4","L4-17","精神误解","提到「自我价值感来源」，我最不想被误会成「想摆脱这个家」。更真实的是？","我想先自己消化","我在认真尝试喜欢的事","我想被看见真实的自己","想保留一点自己的节奏","reason_0|reason_1|reason_2|reason_3","sensitive"
"L4-L4-17-126-a3b85537","L4","L4-17","精神误解","最近这段时间，提到「自我价值感来源」，我最不想被误会成「想摆脱这个家」。更真实的是？","我想先自己消化","我在认真尝试喜欢的事","我想被看见真实的自己","想保留一点自己的节奏","reason_0|reason_1|reason_2|reason_3","sensitive"
"L4-L4-17-128-1d60c3f2","L4","L4-17","精神误解","提到「自我价值感来源」，我最不想被误会成「不懂事或太自我」。更真实的是？","我想先自己消化","这是我表达自己的方式","这能让我从压力里喘口气","我需要一点点掌控感","reason_0|reason_1|reason_2|reason_3","sensitive"
"L4-L4-17-127-ba386085","L4","L4-17","精神误解","在我们家沟通里，提到「自我价值感来源」，我最不想被误会成「想摆脱这个家」。更真实的是？","我想先自己消化","我在认真尝试喜欢的事","我想被看见真实的自己","想保留一点自己的节奏","reason_0|reason_1|reason_2|reason_3","sensitive"
"L4-L4-17-100-6a284730","L4","L4-17","精神误解","提到「对家庭责任的看法」，我最不想被误会成「想摆脱这个家」。更真实的是？","这对我的心理健康有帮助","这是我表达自己的方式","这能让我从压力里喘口气","我想用自己的方式爱这个家","reason_0|reason_1|reason_2|reason_3","sensitive"
"L4-L4-17-099-aa9063ec","L4","L4-17","精神误解","在我们家沟通里，提到「对稳定和冒险的看法」，我最不想被误会成「不懂事或太自我」。更真实的是？","这样我会更舒服自在","我需要一点点掌控感","这对我的心理健康有帮助","我想用自己的方式爱这个家","reason_0|reason_1|reason_2|reason_3","sensitive"
"L4-L4-17-101-445885f1","L4","L4-17","精神误解","如果只能选一个更贴近的：提到「对家庭责任的看法」，我最不想被误会成「想摆脱这个家」。更真实的是？","这对我的心理健康有帮助","这是我表达自己的方式","这能让我从压力里喘口气","我想用自己的方式爱这个家","reason_0|reason_1|reason_2|reason_3","sensitive"
"L4-L4-17-103-69b4e311","L4","L4-17","精神误解","在我们家沟通里，提到「对家庭责任的看法」，我最不想被误会成「想摆脱这个家」。更真实的是？","这对我的心理健康有帮助","这是我表达自己的方式","这能让我从压力里喘口气","我想用自己的方式爱这个家","reason_0|reason_1|reason_2|reason_3","sensitive"
"L4-L4-17-102-11ade9e0","L4","L4-17","精神误解","最近这段时间，提到「对家庭责任的看法」，我最不想被误会成「想摆脱这个家」。更真实的是？","这对我的心理健康有帮助","这是我表达自己的方式","这能让我从压力里喘口气","我想用自己的方式爱这个家","reason_0|reason_1|reason_2|reason_3","sensitive"
"L4-L4-17-095-a13ce439","L4","L4-17","精神误解","在我们家沟通里，提到「精神内耗时的需要」，我最不想被误会成「不接受你们的好意」。更真实的是？","我在认真尝试喜欢的事","这能让我从压力里喘口气","我想用自己的方式爱这个家","这对我的心理健康有帮助","reason_0|reason_1|reason_2|reason_3","sensitive"
"L4-L4-17-094-df2d2a1f","L4","L4-17","精神误解","最近这段时间，提到「精神内耗时的需要」，我最不想被误会成「不接受你们的好意」。更真实的是？","我在认真尝试喜欢的事","这能让我从压力里喘口气","我想用自己的方式爱这个家","这对我的心理健康有帮助","reason_0|reason_1|reason_2|reason_3","sensitive"
"L4-L4-17-096-163fbe45","L4","L4-17","精神误解","提到「对稳定和冒险的看法」，我最不想被误会成「不懂事或太自我」。更真实的是？","这样我会更舒服自在","我需要一点点掌控感","这对我的心理健康有帮助","我想用自己的方式爱这个家","reason_0|reason_1|reason_2|reason_3","sensitive"
"L4-L4-17-098-d751fed9","L4","L4-17","精神误解","最近这段时间，提到「对稳定和冒险的看法」，我最不想被误会成「不懂事或太自我」。更真实的是？","这样我会更舒服自在","我需要一点点掌控感","这对我的心理健康有帮助","我想用自己的方式爱这个家","reason_0|reason_1|reason_2|reason_3","sensitive"
"L4-L4-17-097-2ea69e67","L4","L4-17","精神误解","如果只能选一个更贴近的：提到「对稳定和冒险的看法」，我最不想被误会成「不懂事或太自我」。更真实的是？","这样我会更舒服自在","我需要一点点掌控感","这对我的心理健康有帮助","我想用自己的方式爱这个家","reason_0|reason_1|reason_2|reason_3","sensitive"
"L4-L4-17-110-9117bf94","L4","L4-17","精神误解","最近这段时间，提到「独处的需要」，我最不想被误会成「叛逆或不听话」。更真实的是？","这是我表达自己的方式","这对我的心理健康有帮助","这能让我从压力里喘口气","我需要一点点掌控感","reason_0|reason_1|reason_2|reason_3","sensitive"
"L4-L4-17-109-61b16920","L4","L4-17","精神误解","如果只能选一个更贴近的：提到「独处的需要」，我最不想被误会成「叛逆或不听话」。更真实的是？","这是我表达自己的方式","这对我的心理健康有帮助","这能让我从压力里喘口气","我需要一点点掌控感","reason_0|reason_1|reason_2|reason_3","sensitive"
"L4-L4-17-111-1a77ea9d","L4","L4-17","精神误解","在我们家沟通里，提到「独处的需要」，我最不想被误会成「叛逆或不听话」。更真实的是？","这是我表达自己的方式","这对我的心理健康有帮助","这能让我从压力里喘口气","我需要一点点掌控感","reason_0|reason_1|reason_2|reason_3","sensitive"
"L4-L4-17-113-c3cd2167","L4","L4-17","精神误解","如果只能选一个更贴近的：提到「想成为什么样的人」，我最不想被误会成「不接受你们的好意」。更真实的是？","我希望被当成成年人看待","这样我会更舒服自在","这能让我从压力里喘口气","我在学着对自己负责","reason_0|reason_1|reason_2|reason_3","sensitive"
"L4-L4-17-112-ea530413","L4","L4-17","精神误解","提到「想成为什么样的人」，我最不想被误会成「不接受你们的好意」。更真实的是？","我希望被当成成年人看待","这样我会更舒服自在","这能让我从压力里喘口气","我在学着对自己负责","reason_0|reason_1|reason_2|reason_3","sensitive"
"L4-L4-17-105-3be8f1e3","L4","L4-17","精神误解","如果只能选一个更贴近的：提到「对「乖」和「真」的取舍」，我最不想被误会成「浪费时间和钱」。更真实的是？","我想先自己消化","这对我的心理健康有帮助","我想被看见真实的自己","我在学着对自己负责","reason_0|reason_1|reason_2|reason_3","sensitive"
"L4-L4-17-104-8e7982ba","L4","L4-17","精神误解","提到「对「乖」和「真」的取舍」，我最不想被误会成「浪费时间和钱」。更真实的是？","我想先自己消化","这对我的心理健康有帮助","我想被看见真实的自己","我在学着对自己负责","reason_0|reason_1|reason_2|reason_3","sensitive"
"L4-L4-17-106-ef57f9e8","L4","L4-17","精神误解","最近这段时间，提到「对「乖」和「真」的取舍」，我最不想被误会成「浪费时间和钱」。更真实的是？","我想先自己消化","这对我的心理健康有帮助","我想被看见真实的自己","我在学着对自己负责","reason_0|reason_1|reason_2|reason_3","sensitive"
"L4-L4-17-108-447a835e","L4","L4-17","精神误解","提到「独处的需要」，我最不想被误会成「叛逆或不听话」。更真实的是？","这是我表达自己的方式","这对我的心理健康有帮助","这能让我从压力里喘口气","我需要一点点掌控感","reason_0|reason_1|reason_2|reason_3","sensitive"
"L4-L4-17-107-9c096574","L4","L4-17","精神误解","在我们家沟通里，提到「对「乖」和「真」的取舍」，我最不想被误会成「浪费时间和钱」。更真实的是？","我想先自己消化","这对我的心理健康有帮助","我想被看见真实的自己","我在学着对自己负责","reason_0|reason_1|reason_2|reason_3","sensitive"
"L4-L4-18-002-2155ca33","L4","L4-18","节日精神","最近这段时间，「生日当天」这类节点，对我精神层面更重要的是？","被记得，而不是被安排","轻松的连结，而非任务","真实情绪可以被容纳","关系比仪式形式更重要","remember|light|emotion|relation","normal"
"L4-L4-18-001-9aae373a","L4","L4-18","节日精神","如果只能选一个更贴近的：「生日当天」这类节点，对我精神层面更重要的是？","被记得，而不是被安排","轻松的连结，而非任务","真实情绪可以被容纳","关系比仪式形式更重要","remember|light|emotion|relation","normal"
"L4-L4-18-003-c157012a","L4","L4-18","节日精神","在我们家沟通里，「生日当天」这类节点，对我精神层面更重要的是？","被记得，而不是被安排","轻松的连结，而非任务","真实情绪可以被容纳","关系比仪式形式更重要","remember|light|emotion|relation","normal"
"L4-L4-18-005-61ffecc6","L4","L4-18","节日精神","如果只能选一个更贴近的：「除夕当晚」这类节点，对我精神层面更重要的是？","被记得，而不是被安排","轻松的连结，而非任务","真实情绪可以被容纳","关系比仪式形式更重要","remember|light|emotion|relation","normal"
"L4-L4-18-004-16576240","L4","L4-18","节日精神","「除夕当晚」这类节点，对我精神层面更重要的是？","被记得，而不是被安排","轻松的连结，而非任务","真实情绪可以被容纳","关系比仪式形式更重要","remember|light|emotion|relation","normal"
"L4-L4-17-317-093a6beb","L4","L4-17","精神误解","如果只能选一个更贴近的：提到「对稳定和冒险的看法」，我最不想被误会成「不接受你们的好意」。更真实的是？","我在认真尝试喜欢的事","我想用自己的方式爱这个家","我想被看见真实的自己","这是我表达自己的方式","reason_0|reason_1|reason_2|reason_3","sensitive"
"L4-L4-17-316-94d454d3","L4","L4-17","精神误解","提到「对稳定和冒险的看法」，我最不想被误会成「不接受你们的好意」。更真实的是？","我在认真尝试喜欢的事","我想用自己的方式爱这个家","我想被看见真实的自己","这是我表达自己的方式","reason_0|reason_1|reason_2|reason_3","sensitive"
"L4-L4-17-318-9387020c","L4","L4-17","精神误解","最近这段时间，提到「对稳定和冒险的看法」，我最不想被误会成「不接受你们的好意」。更真实的是？","我在认真尝试喜欢的事","我想用自己的方式爱这个家","我想被看见真实的自己","这是我表达自己的方式","reason_0|reason_1|reason_2|reason_3","sensitive"
"L4-L4-18-000-5c8ee20f","L4","L4-18","节日精神","「生日当天」这类节点，对我精神层面更重要的是？","被记得，而不是被安排","轻松的连结，而非任务","真实情绪可以被容纳","关系比仪式形式更重要","remember|light|emotion|relation","normal"
"L4-L4-17-319-870fb511","L4","L4-17","精神误解","在我们家沟通里，提到「对稳定和冒险的看法」，我最不想被误会成「不接受你们的好意」。更真实的是？","我在认真尝试喜欢的事","我想用自己的方式爱这个家","我想被看见真实的自己","这是我表达自己的方式","reason_0|reason_1|reason_2|reason_3","sensitive"
"L4-L4-18-012-f1a712e2","L4","L4-18","节日精神","「元旦跨年夜」这类节点，对我精神层面更重要的是？","被记得，而不是被安排","轻松的连结，而非任务","真实情绪可以被容纳","关系比仪式形式更重要","remember|light|emotion|relation","normal"
"L4-L4-18-011-1503cdbb","L4","L4-18","节日精神","在我们家沟通里，「端午小长假」这类节点，对我精神层面更重要的是？","被记得，而不是被安排","轻松的连结，而非任务","真实情绪可以被容纳","关系比仪式形式更重要","remember|light|emotion|relation","normal"
"L4-L4-18-013-ad5d932e","L4","L4-18","节日精神","如果只能选一个更贴近的：「元旦跨年夜」这类节点，对我精神层面更重要的是？","被记得，而不是被安排","轻松的连结，而非任务","真实情绪可以被容纳","关系比仪式形式更重要","remember|light|emotion|relation","normal"
"L4-L4-18-015-950ec947","L4","L4-18","节日精神","在我们家沟通里，「元旦跨年夜」这类节点，对我精神层面更重要的是？","被记得，而不是被安排","轻松的连结，而非任务","真实情绪可以被容纳","关系比仪式形式更重要","remember|light|emotion|relation","normal"
"L4-L4-18-014-26759458","L4","L4-18","节日精神","最近这段时间，「元旦跨年夜」这类节点，对我精神层面更重要的是？","被记得，而不是被安排","轻松的连结，而非任务","真实情绪可以被容纳","关系比仪式形式更重要","remember|light|emotion|relation","normal"
"L4-L4-18-007-fb78c6a2","L4","L4-18","节日精神","在我们家沟通里，「除夕当晚」这类节点，对我精神层面更重要的是？","被记得，而不是被安排","轻松的连结，而非任务","真实情绪可以被容纳","关系比仪式形式更重要","remember|light|emotion|relation","normal"
"L4-L4-18-006-6b0525e5","L4","L4-18","节日精神","最近这段时间，「除夕当晚」这类节点，对我精神层面更重要的是？","被记得，而不是被安排","轻松的连结，而非任务","真实情绪可以被容纳","关系比仪式形式更重要","remember|light|emotion|relation","normal"
"L4-L4-18-008-6ac2fe36","L4","L4-18","节日精神","「端午小长假」这类节点，对我精神层面更重要的是？","被记得，而不是被安排","轻松的连结，而非任务","真实情绪可以被容纳","关系比仪式形式更重要","remember|light|emotion|relation","normal"
"L4-L4-18-010-8f601052","L4","L4-18","节日精神","最近这段时间，「端午小长假」这类节点，对我精神层面更重要的是？","被记得，而不是被安排","轻松的连结，而非任务","真实情绪可以被容纳","关系比仪式形式更重要","remember|light|emotion|relation","normal"
"L4-L4-18-009-66c961bc","L4","L4-18","节日精神","如果只能选一个更贴近的：「端午小长假」这类节点，对我精神层面更重要的是？","被记得，而不是被安排","轻松的连结，而非任务","真实情绪可以被容纳","关系比仪式形式更重要","remember|light|emotion|relation","normal"
"L4-L4-17-302-9bdf094d","L4","L4-17","精神误解","最近这段时间，提到「花钱方式背后的价值」，我最不想被误会成「叛逆或不听话」。更真实的是？","这是我表达自己的方式","我想被看见真实的自己","我在认真尝试喜欢的事","这能让我从压力里喘口气","reason_0|reason_1|reason_2|reason_3","sensitive"
"L4-L4-17-301-2cb99f1b","L4","L4-17","精神误解","如果只能选一个更贴近的：提到「花钱方式背后的价值」，我最不想被误会成「叛逆或不听话」。更真实的是？","这是我表达自己的方式","我想被看见真实的自己","我在认真尝试喜欢的事","这能让我从压力里喘口气","reason_0|reason_1|reason_2|reason_3","sensitive"
"L4-L4-17-303-34a206c8","L4","L4-17","精神误解","在我们家沟通里，提到「花钱方式背后的价值」，我最不想被误会成「叛逆或不听话」。更真实的是？","这是我表达自己的方式","我想被看见真实的自己","我在认真尝试喜欢的事","这能让我从压力里喘口气","reason_0|reason_1|reason_2|reason_3","sensitive"
"L4-L4-17-305-9d05b93c","L4","L4-17","精神误解","如果只能选一个更贴近的：提到「亲密关系里的边界」，我最不想被误会成「故意让你们担心」。更真实的是？","我在学着对自己负责","想保留一点自己的节奏","我在认真尝试喜欢的事","这对我的心理健康有帮助","reason_0|reason_1|reason_2|reason_3","sensitive"
"L4-L4-17-304-b7187fb1","L4","L4-17","精神误解","提到「亲密关系里的边界」，我最不想被误会成「故意让你们担心」。更真实的是？","我在学着对自己负责","想保留一点自己的节奏","我在认真尝试喜欢的事","这对我的心理健康有帮助","reason_0|reason_1|reason_2|reason_3","sensitive"
"L4-L4-17-297-b05f51a4","L4","L4-17","精神误解","如果只能选一个更贴近的：提到「关于未来的节奏」，我最不想被误会成「不把家里放在心上」。更真实的是？","我想用自己的方式爱这个家","我想先自己消化","这对我的心理健康有帮助","这是我表达自己的方式","reason_0|reason_1|reason_2|reason_3","sensitive"
"L4-L4-17-296-d90290e0","L4","L4-17","精神误解","提到「关于未来的节奏」，我最不想被误会成「不把家里放在心上」。更真实的是？","我想用自己的方式爱这个家","我想先自己消化","这对我的心理健康有帮助","这是我表达自己的方式","reason_0|reason_1|reason_2|reason_3","sensitive"
"L4-L4-17-298-0ee74945","L4","L4-17","精神误解","最近这段时间，提到「关于未来的节奏」，我最不想被误会成「不把家里放在心上」。更真实的是？","我想用自己的方式爱这个家","我想先自己消化","这对我的心理健康有帮助","这是我表达自己的方式","reason_0|reason_1|reason_2|reason_3","sensitive"
"L4-L4-17-300-82d9f49a","L4","L4-17","精神误解","提到「花钱方式背后的价值」，我最不想被误会成「叛逆或不听话」。更真实的是？","这是我表达自己的方式","我想被看见真实的自己","我在认真尝试喜欢的事","这能让我从压力里喘口气","reason_0|reason_1|reason_2|reason_3","sensitive"
"L4-L4-17-299-7260d2de","L4","L4-17","精神误解","在我们家沟通里，提到「关于未来的节奏」，我最不想被误会成「不把家里放在心上」。更真实的是？","我想用自己的方式爱这个家","我想先自己消化","这对我的心理健康有帮助","这是我表达自己的方式","reason_0|reason_1|reason_2|reason_3","sensitive"
"L4-L4-17-312-0725c652","L4","L4-17","精神误解","提到「对「乖」和「真」的取舍」，我最不想被误会成「做事没长远考虑」。更真实的是？","我希望被当成成年人看待","我在学着对自己负责","想保留一点自己的节奏","我需要一点点掌控感","reason_0|reason_1|reason_2|reason_3","sensitive"
"L4-L4-17-311-ce0e2a29","L4","L4-17","精神误解","在我们家沟通里，提到「对成功的定义」，我最不想被误会成「故意让你们担心」。更真实的是？","我在认真尝试喜欢的事","我需要一点点掌控感","这是我表达自己的方式","我希望被当成成年人看待","reason_0|reason_1|reason_2|reason_3","sensitive"
"L4-L4-17-313-3ba0168b","L4","L4-17","精神误解","如果只能选一个更贴近的：提到「对「乖」和「真」的取舍」，我最不想被误会成「做事没长远考虑」。更真实的是？","我希望被当成成年人看待","我在学着对自己负责","想保留一点自己的节奏","我需要一点点掌控感","reason_0|reason_1|reason_2|reason_3","sensitive"
"L4-L4-17-315-9a968fe9","L4","L4-17","精神误解","在我们家沟通里，提到「对「乖」和「真」的取舍」，我最不想被误会成「做事没长远考虑」。更真实的是？","我希望被当成成年人看待","我在学着对自己负责","想保留一点自己的节奏","我需要一点点掌控感","reason_0|reason_1|reason_2|reason_3","sensitive"
"L4-L4-17-314-6713908e","L4","L4-17","精神误解","最近这段时间，提到「对「乖」和「真」的取舍」，我最不想被误会成「做事没长远考虑」。更真实的是？","我希望被当成成年人看待","我在学着对自己负责","想保留一点自己的节奏","我需要一点点掌控感","reason_0|reason_1|reason_2|reason_3","sensitive"
"L4-L4-17-307-20ba6b1d","L4","L4-17","精神误解","在我们家沟通里，提到「亲密关系里的边界」，我最不想被误会成「故意让你们担心」。更真实的是？","我在学着对自己负责","想保留一点自己的节奏","我在认真尝试喜欢的事","这对我的心理健康有帮助","reason_0|reason_1|reason_2|reason_3","sensitive"
"L4-L4-17-306-32f21061","L4","L4-17","精神误解","最近这段时间，提到「亲密关系里的边界」，我最不想被误会成「故意让你们担心」。更真实的是？","我在学着对自己负责","想保留一点自己的节奏","我在认真尝试喜欢的事","这对我的心理健康有帮助","reason_0|reason_1|reason_2|reason_3","sensitive"
"L4-L4-17-308-58cc1fa9","L4","L4-17","精神误解","提到「对成功的定义」，我最不想被误会成「故意让你们担心」。更真实的是？","我在认真尝试喜欢的事","我需要一点点掌控感","这是我表达自己的方式","我希望被当成成年人看待","reason_0|reason_1|reason_2|reason_3","sensitive"
"L4-L4-17-310-1f69969c","L4","L4-17","精神误解","最近这段时间，提到「对成功的定义」，我最不想被误会成「故意让你们担心」。更真实的是？","我在认真尝试喜欢的事","我需要一点点掌控感","这是我表达自己的方式","我希望被当成成年人看待","reason_0|reason_1|reason_2|reason_3","sensitive"
"L4-L4-17-309-ed4ed53b","L4","L4-17","精神误解","如果只能选一个更贴近的：提到「对成功的定义」，我最不想被误会成「故意让你们担心」。更真实的是？","我在认真尝试喜欢的事","我需要一点点掌控感","这是我表达自己的方式","我希望被当成成年人看待","reason_0|reason_1|reason_2|reason_3","sensitive"
"L4-L4-18-042-610f8882","L4","L4-18","节日精神","最近这段时间，「春节回家前」这类节点，对我精神层面更重要的是？","被记得，而不是被安排","轻松的连结，而非任务","真实情绪可以被容纳","关系比仪式形式更重要","remember|light|emotion|relation","normal"
"L4-L4-18-041-a604a46f","L4","L4-18","节日精神","如果只能选一个更贴近的：「春节回家前」这类节点，对我精神层面更重要的是？","被记得，而不是被安排","轻松的连结，而非任务","真实情绪可以被容纳","关系比仪式形式更重要","remember|light|emotion|relation","normal"
"L4-L4-18-043-a64a6c9c","L4","L4-18","节日精神","在我们家沟通里，「春节回家前」这类节点，对我精神层面更重要的是？","被记得，而不是被安排","轻松的连结，而非任务","真实情绪可以被容纳","关系比仪式形式更重要","remember|light|emotion|relation","normal"
"L4-L4-18-045-e8d473f0","L4","L4-18","节日精神","如果只能选一个更贴近的：「七夕或情人节气氛时」这类节点，对我精神层面更重要的是？","被记得，而不是被安排","轻松的连结，而非任务","真实情绪可以被容纳","关系比仪式形式更重要","remember|light|emotion|relation","normal"
"L4-L4-18-044-8a2cc965","L4","L4-18","节日精神","「七夕或情人节气氛时」这类节点，对我精神层面更重要的是？","被记得，而不是被安排","轻松的连结，而非任务","真实情绪可以被容纳","关系比仪式形式更重要","remember|light|emotion|relation","normal"
"L4-L4-18-037-d421ffd2","L4","L4-18","节日精神","如果只能选一个更贴近的：「开学或入职节点」这类节点，对我精神层面更重要的是？","被记得，而不是被安排","轻松的连结，而非任务","真实情绪可以被容纳","关系比仪式形式更重要","remember|light|emotion|relation","normal"
"L4-L4-18-036-10ebea92","L4","L4-18","节日精神","「开学或入职节点」这类节点，对我精神层面更重要的是？","被记得，而不是被安排","轻松的连结，而非任务","真实情绪可以被容纳","关系比仪式形式更重要","remember|light|emotion|relation","normal"
"L4-L4-18-038-75be8f40","L4","L4-18","节日精神","最近这段时间，「开学或入职节点」这类节点，对我精神层面更重要的是？","被记得，而不是被安排","轻松的连结，而非任务","真实情绪可以被容纳","关系比仪式形式更重要","remember|light|emotion|relation","normal"
"L4-L4-18-040-9b0c26c3","L4","L4-18","节日精神","「春节回家前」这类节点，对我精神层面更重要的是？","被记得，而不是被安排","轻松的连结，而非任务","真实情绪可以被容纳","关系比仪式形式更重要","remember|light|emotion|relation","normal"
"L4-L4-18-039-40c2713f","L4","L4-18","节日精神","在我们家沟通里，「开学或入职节点」这类节点，对我精神层面更重要的是？","被记得，而不是被安排","轻松的连结，而非任务","真实情绪可以被容纳","关系比仪式形式更重要","remember|light|emotion|relation","normal"
"L4-L4-20-000-06caeceb","L4","L4-20","精神总览","如果我们只能做好一件事来改善关系，我选？","少一点评判，多一点提问","把担心说成关心","尊重边界，保留连结","用轻互动代替高压长谈","ask|tone|boundary|light","sensitive"
"L4-L4-19-003-549272ea","L4","L4-19","深层需要","在我们家沟通里，长期来看，我最想从父母这里得到的是？","无条件的基本信任","被当作完整的人尊重","可求助的后盾","一起更新关系的模式","trust|respect|backup|update","sensitive"
"L4-L4-20-001-0ea50552","L4","L4-20","精神总览","如果只能选一个更贴近的：如果我们只能做好一件事来改善关系，我选？","少一点评判，多一点提问","把担心说成关心","尊重边界，保留连结","用轻互动代替高压长谈","ask|tone|boundary|light","sensitive"
"L4-L4-20-003-6249e6e2","L4","L4-20","精神总览","在我们家沟通里，如果我们只能做好一件事来改善关系，我选？","少一点评判，多一点提问","把担心说成关心","尊重边界，保留连结","用轻互动代替高压长谈","ask|tone|boundary|light","sensitive"
"L4-L4-20-002-2ebd69d2","L4","L4-20","精神总览","最近这段时间，如果我们只能做好一件事来改善关系，我选？","少一点评判，多一点提问","把担心说成关心","尊重边界，保留连结","用轻互动代替高压长谈","ask|tone|boundary|light","sensitive"
"L4-L4-18-047-6c12e11f","L4","L4-18","节日精神","在我们家沟通里，「七夕或情人节气氛时」这类节点，对我精神层面更重要的是？","被记得，而不是被安排","轻松的连结，而非任务","真实情绪可以被容纳","关系比仪式形式更重要","remember|light|emotion|relation","normal"
"L4-L4-18-046-a79d2cd1","L4","L4-18","节日精神","最近这段时间，「七夕或情人节气氛时」这类节点，对我精神层面更重要的是？","被记得，而不是被安排","轻松的连结，而非任务","真实情绪可以被容纳","关系比仪式形式更重要","remember|light|emotion|relation","normal"
"L4-L4-19-000-49551bd1","L4","L4-19","深层需要","长期来看，我最想从父母这里得到的是？","无条件的基本信任","被当作完整的人尊重","可求助的后盾","一起更新关系的模式","trust|respect|backup|update","sensitive"
"L4-L4-19-002-92eec142","L4","L4-19","深层需要","最近这段时间，长期来看，我最想从父母这里得到的是？","无条件的基本信任","被当作完整的人尊重","可求助的后盾","一起更新关系的模式","trust|respect|backup|update","sensitive"
"L4-L4-19-001-5c8c12d1","L4","L4-19","深层需要","如果只能选一个更贴近的：长期来看，我最想从父母这里得到的是？","无条件的基本信任","被当作完整的人尊重","可求助的后盾","一起更新关系的模式","trust|respect|backup|update","sensitive"
"L4-L4-18-022-beeed098","L4","L4-18","节日精神","最近这段时间，「中秋不能团聚时」这类节点，对我精神层面更重要的是？","被记得，而不是被安排","轻松的连结，而非任务","真实情绪可以被容纳","关系比仪式形式更重要","remember|light|emotion|relation","normal"
"L4-L4-18-021-49d29ed5","L4","L4-18","节日精神","如果只能选一个更贴近的：「中秋不能团聚时」这类节点，对我精神层面更重要的是？","被记得，而不是被安排","轻松的连结，而非任务","真实情绪可以被容纳","关系比仪式形式更重要","remember|light|emotion|relation","normal"
"L4-L4-18-023-e1d6cae3","L4","L4-18","节日精神","在我们家沟通里，「中秋不能团聚时」这类节点，对我精神层面更重要的是？","被记得，而不是被安排","轻松的连结，而非任务","真实情绪可以被容纳","关系比仪式形式更重要","remember|light|emotion|relation","normal"
"L4-L4-18-025-e3b7b8dc","L4","L4-18","节日精神","如果只能选一个更贴近的：「母亲节或父亲节」这类节点，对我精神层面更重要的是？","被记得，而不是被安排","轻松的连结，而非任务","真实情绪可以被容纳","关系比仪式形式更重要","remember|light|emotion|relation","normal"
"L4-L4-18-024-127f04de","L4","L4-18","节日精神","「母亲节或父亲节」这类节点，对我精神层面更重要的是？","被记得，而不是被安排","轻松的连结，而非任务","真实情绪可以被容纳","关系比仪式形式更重要","remember|light|emotion|relation","normal"
"L4-L4-18-017-d41e29a0","L4","L4-18","节日精神","如果只能选一个更贴近的：「父母生日」这类节点，对我精神层面更重要的是？","被记得，而不是被安排","轻松的连结，而非任务","真实情绪可以被容纳","关系比仪式形式更重要","remember|light|emotion|relation","normal"
"L4-L4-18-016-ab92085a","L4","L4-18","节日精神","「父母生日」这类节点，对我精神层面更重要的是？","被记得，而不是被安排","轻松的连结，而非任务","真实情绪可以被容纳","关系比仪式形式更重要","remember|light|emotion|relation","normal"
"L4-L4-18-018-009089e3","L4","L4-18","节日精神","最近这段时间，「父母生日」这类节点，对我精神层面更重要的是？","被记得，而不是被安排","轻松的连结，而非任务","真实情绪可以被容纳","关系比仪式形式更重要","remember|light|emotion|relation","normal"
"L4-L4-18-020-58f270b0","L4","L4-18","节日精神","「中秋不能团聚时」这类节点，对我精神层面更重要的是？","被记得，而不是被安排","轻松的连结，而非任务","真实情绪可以被容纳","关系比仪式形式更重要","remember|light|emotion|relation","normal"
"L4-L4-18-019-17530223","L4","L4-18","节日精神","在我们家沟通里，「父母生日」这类节点，对我精神层面更重要的是？","被记得，而不是被安排","轻松的连结，而非任务","真实情绪可以被容纳","关系比仪式形式更重要","remember|light|emotion|relation","normal"
"L4-L4-18-032-3339083e","L4","L4-18","节日精神","「国庆长假安排时」这类节点，对我精神层面更重要的是？","被记得，而不是被安排","轻松的连结，而非任务","真实情绪可以被容纳","关系比仪式形式更重要","remember|light|emotion|relation","normal"
"L4-L4-18-031-e2691118","L4","L4-18","节日精神","在我们家沟通里，「清明或纪念日」这类节点，对我精神层面更重要的是？","被记得，而不是被安排","轻松的连结，而非任务","真实情绪可以被容纳","关系比仪式形式更重要","remember|light|emotion|relation","normal"
"L4-L4-18-033-e91e64e6","L4","L4-18","节日精神","如果只能选一个更贴近的：「国庆长假安排时」这类节点，对我精神层面更重要的是？","被记得，而不是被安排","轻松的连结，而非任务","真实情绪可以被容纳","关系比仪式形式更重要","remember|light|emotion|relation","normal"
"L4-L4-18-035-58927261","L4","L4-18","节日精神","在我们家沟通里，「国庆长假安排时」这类节点，对我精神层面更重要的是？","被记得，而不是被安排","轻松的连结，而非任务","真实情绪可以被容纳","关系比仪式形式更重要","remember|light|emotion|relation","normal"
"L4-L4-18-034-c992cda1","L4","L4-18","节日精神","最近这段时间，「国庆长假安排时」这类节点，对我精神层面更重要的是？","被记得，而不是被安排","轻松的连结，而非任务","真实情绪可以被容纳","关系比仪式形式更重要","remember|light|emotion|relation","normal"
"L4-L4-18-027-9879393c","L4","L4-18","节日精神","在我们家沟通里，「母亲节或父亲节」这类节点，对我精神层面更重要的是？","被记得，而不是被安排","轻松的连结，而非任务","真实情绪可以被容纳","关系比仪式形式更重要","remember|light|emotion|relation","normal"
"L4-L4-18-026-e24b4161","L4","L4-18","节日精神","最近这段时间，「母亲节或父亲节」这类节点，对我精神层面更重要的是？","被记得，而不是被安排","轻松的连结，而非任务","真实情绪可以被容纳","关系比仪式形式更重要","remember|light|emotion|relation","normal"
"L4-L4-18-028-6b1a9ca6","L4","L4-18","节日精神","「清明或纪念日」这类节点，对我精神层面更重要的是？","被记得，而不是被安排","轻松的连结，而非任务","真实情绪可以被容纳","关系比仪式形式更重要","remember|light|emotion|relation","normal"
"L4-L4-18-030-3cdfdfb6","L4","L4-18","节日精神","最近这段时间，「清明或纪念日」这类节点，对我精神层面更重要的是？","被记得，而不是被安排","轻松的连结，而非任务","真实情绪可以被容纳","关系比仪式形式更重要","remember|light|emotion|relation","normal"
"L4-L4-18-029-aaab75a8","L4","L4-18","节日精神","如果只能选一个更贴近的：「清明或纪念日」这类节点，对我精神层面更重要的是？","被记得，而不是被安排","轻松的连结，而非任务","真实情绪可以被容纳","关系比仪式形式更重要","remember|light|emotion|relation","normal"
"L4-L4-17-295-674039ad","L4","L4-17","精神误解","在我们家沟通里，提到「不想被定义的部分」，我最不想被误会成「不懂事或太自我」。更真实的是？","我想先自己消化","我想被看见真实的自己","我在学着对自己负责","想保留一点自己的节奏","reason_0|reason_1|reason_2|reason_3","sensitive"
"L4-L4-17-241-3f149699","L4","L4-17","精神误解","如果只能选一个更贴近的：提到「亲密关系里的边界」，我最不想被误会成「不懂事或太自我」。更真实的是？","我需要一点点掌控感","我想用自己的方式爱这个家","我希望被当成成年人看待","这是我表达自己的方式","reason_0|reason_1|reason_2|reason_3","sensitive"
"L4-L4-17-240-c9d523cd","L4","L4-17","精神误解","提到「亲密关系里的边界」，我最不想被误会成「不懂事或太自我」。更真实的是？","我需要一点点掌控感","我想用自己的方式爱这个家","我希望被当成成年人看待","这是我表达自己的方式","reason_0|reason_1|reason_2|reason_3","sensitive"
"L4-L4-17-242-6ddae99e","L4","L4-17","精神误解","最近这段时间，提到「亲密关系里的边界」，我最不想被误会成「不懂事或太自我」。更真实的是？","我需要一点点掌控感","我想用自己的方式爱这个家","我希望被当成成年人看待","这是我表达自己的方式","reason_0|reason_1|reason_2|reason_3","sensitive"
"L4-L4-17-244-338c4676","L4","L4-17","精神误解","提到「被理解这件事」，我最不想被误会成「不接受你们的好意」。更真实的是？","这对我的心理健康有帮助","我想先自己消化","我希望被当成成年人看待","我在学着对自己负责","reason_0|reason_1|reason_2|reason_3","sensitive"
"L4-L4-17-243-3f9191de","L4","L4-17","精神误解","在我们家沟通里，提到「亲密关系里的边界」，我最不想被误会成「不懂事或太自我」。更真实的是？","我需要一点点掌控感","我想用自己的方式爱这个家","我希望被当成成年人看待","这是我表达自己的方式","reason_0|reason_1|reason_2|reason_3","sensitive"
"L4-L4-17-236-2303e1e2","L4","L4-17","精神误解","提到「精神内耗时的需要」，我最不想被误会成「浪费时间和钱」。更真实的是？","这能让我从压力里喘口气","我想被看见真实的自己","我在学着对自己负责","这样我会更舒服自在","reason_0|reason_1|reason_2|reason_3","sensitive"
"L4-L4-17-235-1a09e479","L4","L4-17","精神误解","在我们家沟通里，提到「精神内耗时的需要」，我最不想被误会成「不把家里放在心上」。更真实的是？","我想用自己的方式爱这个家","我需要一点点掌控感","这对我的心理健康有帮助","我希望被当成成年人看待","reason_0|reason_1|reason_2|reason_3","sensitive"
"L4-L4-17-237-8db55360","L4","L4-17","精神误解","如果只能选一个更贴近的：提到「精神内耗时的需要」，我最不想被误会成「浪费时间和钱」。更真实的是？","这能让我从压力里喘口气","我想被看见真实的自己","我在学着对自己负责","这样我会更舒服自在","reason_0|reason_1|reason_2|reason_3","sensitive"
"L4-L4-17-239-e9cdcece","L4","L4-17","精神误解","在我们家沟通里，提到「精神内耗时的需要」，我最不想被误会成「浪费时间和钱」。更真实的是？","这能让我从压力里喘口气","我想被看见真实的自己","我在学着对自己负责","这样我会更舒服自在","reason_0|reason_1|reason_2|reason_3","sensitive"
"L4-L4-17-238-7766193e","L4","L4-17","精神误解","最近这段时间，提到「精神内耗时的需要」，我最不想被误会成「浪费时间和钱」。更真实的是？","这能让我从压力里喘口气","我想被看见真实的自己","我在学着对自己负责","这样我会更舒服自在","reason_0|reason_1|reason_2|reason_3","sensitive"
"L4-L4-17-251-3f68a24a","L4","L4-17","精神误解","在我们家沟通里，提到「失败后的自我消化」，我最不想被误会成「浪费时间和钱」。更真实的是？","我希望被当成成年人看待","我在学着对自己负责","我需要一点点掌控感","这能让我从压力里喘口气","reason_0|reason_1|reason_2|reason_3","sensitive"
"L4-L4-17-250-5c0bb0ad","L4","L4-17","精神误解","最近这段时间，提到「失败后的自我消化」，我最不想被误会成「浪费时间和钱」。更真实的是？","我希望被当成成年人看待","我在学着对自己负责","我需要一点点掌控感","这能让我从压力里喘口气","reason_0|reason_1|reason_2|reason_3","sensitive"
"L4-L4-17-252-d5c2085a","L4","L4-17","精神误解","提到「不想被定义的部分」，我最不想被误会成「在赌气」。更真实的是？","这对我的心理健康有帮助","我想被看见真实的自己","我在学着对自己负责","这样我会更舒服自在","reason_0|reason_1|reason_2|reason_3","sensitive"
"L4-L4-17-254-93a6ad9f","L4","L4-17","精神误解","最近这段时间，提到「不想被定义的部分」，我最不想被误会成「在赌气」。更真实的是？","这对我的心理健康有帮助","我想被看见真实的自己","我在学着对自己负责","这样我会更舒服自在","reason_0|reason_1|reason_2|reason_3","sensitive"
"L4-L4-17-253-4628bf85","L4","L4-17","精神误解","如果只能选一个更贴近的：提到「不想被定义的部分」，我最不想被误会成「在赌气」。更真实的是？","这对我的心理健康有帮助","我想被看见真实的自己","我在学着对自己负责","这样我会更舒服自在","reason_0|reason_1|reason_2|reason_3","sensitive"
"L4-L4-17-246-a8232418","L4","L4-17","精神误解","最近这段时间，提到「被理解这件事」，我最不想被误会成「不接受你们的好意」。更真实的是？","这对我的心理健康有帮助","我想先自己消化","我希望被当成成年人看待","我在学着对自己负责","reason_0|reason_1|reason_2|reason_3","sensitive"
"L4-L4-17-245-6cec77f9","L4","L4-17","精神误解","如果只能选一个更贴近的：提到「被理解这件事」，我最不想被误会成「不接受你们的好意」。更真实的是？","这对我的心理健康有帮助","我想先自己消化","我希望被当成成年人看待","我在学着对自己负责","reason_0|reason_1|reason_2|reason_3","sensitive"
"L4-L4-17-247-1493a2aa","L4","L4-17","精神误解","在我们家沟通里，提到「被理解这件事」，我最不想被误会成「不接受你们的好意」。更真实的是？","这对我的心理健康有帮助","我想先自己消化","我希望被当成成年人看待","我在学着对自己负责","reason_0|reason_1|reason_2|reason_3","sensitive"
"L4-L4-17-249-20ce8142","L4","L4-17","精神误解","如果只能选一个更贴近的：提到「失败后的自我消化」，我最不想被误会成「浪费时间和钱」。更真实的是？","我希望被当成成年人看待","我在学着对自己负责","我需要一点点掌控感","这能让我从压力里喘口气","reason_0|reason_1|reason_2|reason_3","sensitive"
"L4-L4-17-248-41257143","L4","L4-17","精神误解","提到「失败后的自我消化」，我最不想被误会成「浪费时间和钱」。更真实的是？","我希望被当成成年人看待","我在学着对自己负责","我需要一点点掌控感","这能让我从压力里喘口气","reason_0|reason_1|reason_2|reason_3","sensitive"
"L4-L4-17-221-36062fbf","L4","L4-17","精神误解","如果只能选一个更贴近的：提到「对「乖」和「真」的取舍」，我最不想被误会成「不接受你们的好意」。更真实的是？","我想用自己的方式爱这个家","我需要一点点掌控感","想保留一点自己的节奏","这样我会更舒服自在","reason_0|reason_1|reason_2|reason_3","sensitive"
"L4-L4-17-220-b616f15e","L4","L4-17","精神误解","提到「对「乖」和「真」的取舍」，我最不想被误会成「不接受你们的好意」。更真实的是？","我想用自己的方式爱这个家","我需要一点点掌控感","想保留一点自己的节奏","这样我会更舒服自在","reason_0|reason_1|reason_2|reason_3","sensitive"
"L4-L4-17-222-5a09a857","L4","L4-17","精神误解","最近这段时间，提到「对「乖」和「真」的取舍」，我最不想被误会成「不接受你们的好意」。更真实的是？","我想用自己的方式爱这个家","我需要一点点掌控感","想保留一点自己的节奏","这样我会更舒服自在","reason_0|reason_1|reason_2|reason_3","sensitive"
"L4-L4-17-224-3e6cb8d5","L4","L4-17","精神误解","提到「关于未来的节奏」，我最不想被误会成「不懂事或太自我」。更真实的是？","这是我表达自己的方式","这样我会更舒服自在","这对我的心理健康有帮助","我在学着对自己负责","reason_0|reason_1|reason_2|reason_3","sensitive"
"L4-L4-17-223-12f92056","L4","L4-17","精神误解","在我们家沟通里，提到「对「乖」和「真」的取舍」，我最不想被误会成「不接受你们的好意」。更真实的是？","我想用自己的方式爱这个家","我需要一点点掌控感","想保留一点自己的节奏","这样我会更舒服自在","reason_0|reason_1|reason_2|reason_3","sensitive"
"L4-L4-17-216-9203e798","L4","L4-17","精神误解","提到「精神内耗时的需要」，我最不想被误会成「不懂事或太自我」。更真实的是？","这能让我从压力里喘口气","想保留一点自己的节奏","这是我表达自己的方式","我希望被当成成年人看待","reason_0|reason_1|reason_2|reason_3","sensitive"
"L4-L4-17-215-3786b506","L4","L4-17","精神误解","在我们家沟通里，提到「不想被定义的部分」，我最不想被误会成「故意让你们担心」。更真实的是？","我希望被当成成年人看待","我需要一点点掌控感","这是我表达自己的方式","这对我的心理健康有帮助","reason_0|reason_1|reason_2|reason_3","sensitive"
"L4-L4-17-217-8cb9d766","L4","L4-17","精神误解","如果只能选一个更贴近的：提到「精神内耗时的需要」，我最不想被误会成「不懂事或太自我」。更真实的是？","这能让我从压力里喘口气","想保留一点自己的节奏","这是我表达自己的方式","我希望被当成成年人看待","reason_0|reason_1|reason_2|reason_3","sensitive"
"L4-L4-17-219-6c2c510e","L4","L4-17","精神误解","在我们家沟通里，提到「精神内耗时的需要」，我最不想被误会成「不懂事或太自我」。更真实的是？","这能让我从压力里喘口气","想保留一点自己的节奏","这是我表达自己的方式","我希望被当成成年人看待","reason_0|reason_1|reason_2|reason_3","sensitive"
"L4-L4-17-218-eedf6f2c","L4","L4-17","精神误解","最近这段时间，提到「精神内耗时的需要」，我最不想被误会成「不懂事或太自我」。更真实的是？","这能让我从压力里喘口气","想保留一点自己的节奏","这是我表达自己的方式","我希望被当成成年人看待","reason_0|reason_1|reason_2|reason_3","sensitive"
"L4-L4-17-231-841b37d8","L4","L4-17","精神误解","在我们家沟通里，提到「关于未来的节奏」，我最不想被误会成「被外界带坏了」。更真实的是？","我想用自己的方式爱这个家","我想被看见真实的自己","我在学着对自己负责","我想先自己消化","reason_0|reason_1|reason_2|reason_3","sensitive"
"L4-L4-17-230-f45f8949","L4","L4-17","精神误解","最近这段时间，提到「关于未来的节奏」，我最不想被误会成「被外界带坏了」。更真实的是？","我想用自己的方式爱这个家","我想被看见真实的自己","我在学着对自己负责","我想先自己消化","reason_0|reason_1|reason_2|reason_3","sensitive"
"L4-L4-17-232-bbf9aa34","L4","L4-17","精神误解","提到「精神内耗时的需要」，我最不想被误会成「不把家里放在心上」。更真实的是？","我想用自己的方式爱这个家","我需要一点点掌控感","这对我的心理健康有帮助","我希望被当成成年人看待","reason_0|reason_1|reason_2|reason_3","sensitive"
"L4-L4-17-234-97581c48","L4","L4-17","精神误解","最近这段时间，提到「精神内耗时的需要」，我最不想被误会成「不把家里放在心上」。更真实的是？","我想用自己的方式爱这个家","我需要一点点掌控感","这对我的心理健康有帮助","我希望被当成成年人看待","reason_0|reason_1|reason_2|reason_3","sensitive"
"L4-L4-17-233-04a6a244","L4","L4-17","精神误解","如果只能选一个更贴近的：提到「精神内耗时的需要」，我最不想被误会成「不把家里放在心上」。更真实的是？","我想用自己的方式爱这个家","我需要一点点掌控感","这对我的心理健康有帮助","我希望被当成成年人看待","reason_0|reason_1|reason_2|reason_3","sensitive"
"L4-L4-17-226-757240a9","L4","L4-17","精神误解","最近这段时间，提到「关于未来的节奏」，我最不想被误会成「不懂事或太自我」。更真实的是？","这是我表达自己的方式","这样我会更舒服自在","这对我的心理健康有帮助","我在学着对自己负责","reason_0|reason_1|reason_2|reason_3","sensitive"
"L4-L4-17-225-c9b24c4c","L4","L4-17","精神误解","如果只能选一个更贴近的：提到「关于未来的节奏」，我最不想被误会成「不懂事或太自我」。更真实的是？","这是我表达自己的方式","这样我会更舒服自在","这对我的心理健康有帮助","我在学着对自己负责","reason_0|reason_1|reason_2|reason_3","sensitive"
"L4-L4-17-227-3d7a7755","L4","L4-17","精神误解","在我们家沟通里，提到「关于未来的节奏」，我最不想被误会成「不懂事或太自我」。更真实的是？","这是我表达自己的方式","这样我会更舒服自在","这对我的心理健康有帮助","我在学着对自己负责","reason_0|reason_1|reason_2|reason_3","sensitive"
"L4-L4-17-229-88360bca","L4","L4-17","精神误解","如果只能选一个更贴近的：提到「关于未来的节奏」，我最不想被误会成「被外界带坏了」。更真实的是？","我想用自己的方式爱这个家","我想被看见真实的自己","我在学着对自己负责","我想先自己消化","reason_0|reason_1|reason_2|reason_3","sensitive"
"L4-L4-17-228-4dcf2bc7","L4","L4-17","精神误解","提到「关于未来的节奏」，我最不想被误会成「被外界带坏了」。更真实的是？","我想用自己的方式爱这个家","我想被看见真实的自己","我在学着对自己负责","我想先自己消化","reason_0|reason_1|reason_2|reason_3","sensitive"
"L4-L4-17-281-2431d92b","L4","L4-17","精神误解","如果只能选一个更贴近的：提到「对家庭责任的看法」，我最不想被误会成「做事没长远考虑」。更真实的是？","想保留一点自己的节奏","我在认真尝试喜欢的事","我想被看见真实的自己","这对我的心理健康有帮助","reason_0|reason_1|reason_2|reason_3","sensitive"
"L4-L4-17-280-a9fac57f","L4","L4-17","精神误解","提到「对家庭责任的看法」，我最不想被误会成「做事没长远考虑」。更真实的是？","想保留一点自己的节奏","我在认真尝试喜欢的事","我想被看见真实的自己","这对我的心理健康有帮助","reason_0|reason_1|reason_2|reason_3","sensitive"
"L4-L4-17-282-5366b005","L4","L4-17","精神误解","最近这段时间，提到「对家庭责任的看法」，我最不想被误会成「做事没长远考虑」。更真实的是？","想保留一点自己的节奏","我在认真尝试喜欢的事","我想被看见真实的自己","这对我的心理健康有帮助","reason_0|reason_1|reason_2|reason_3","sensitive"
"L4-L4-17-284-3c83d865","L4","L4-17","精神误解","提到「对家庭责任的看法」，我最不想被误会成「不把家里放在心上」。更真实的是？","我想用自己的方式爱这个家","这样我会更舒服自在","我想被看见真实的自己","这是我表达自己的方式","reason_0|reason_1|reason_2|reason_3","sensitive"
"L4-L4-17-283-6588b539","L4","L4-17","精神误解","在我们家沟通里，提到「对家庭责任的看法」，我最不想被误会成「做事没长远考虑」。更真实的是？","想保留一点自己的节奏","我在认真尝试喜欢的事","我想被看见真实的自己","这对我的心理健康有帮助","reason_0|reason_1|reason_2|reason_3","sensitive"
"L4-L4-17-276-feba51ab","L4","L4-17","精神误解","提到「面对否定时的自我保护」，我最不想被误会成「做事没长远考虑」。更真实的是？","我希望被当成成年人看待","我想用自己的方式爱这个家","这是我表达自己的方式","我在认真尝试喜欢的事","reason_0|reason_1|reason_2|reason_3","sensitive"
"L4-L4-17-275-3b03ddb9","L4","L4-17","精神误解","在我们家沟通里，提到「对稳定和冒险的看法」，我最不想被误会成「只顾自己玩」。更真实的是？","我在学着对自己负责","我想被看见真实的自己","我想用自己的方式爱这个家","我想先自己消化","reason_0|reason_1|reason_2|reason_3","sensitive"
"L4-L4-17-277-a4331b7a","L4","L4-17","精神误解","如果只能选一个更贴近的：提到「面对否定时的自我保护」，我最不想被误会成「做事没长远考虑」。更真实的是？","我希望被当成成年人看待","我想用自己的方式爱这个家","这是我表达自己的方式","我在认真尝试喜欢的事","reason_0|reason_1|reason_2|reason_3","sensitive"
"L4-L4-17-279-ebff168a","L4","L4-17","精神误解","在我们家沟通里，提到「面对否定时的自我保护」，我最不想被误会成「做事没长远考虑」。更真实的是？","我希望被当成成年人看待","我想用自己的方式爱这个家","这是我表达自己的方式","我在认真尝试喜欢的事","reason_0|reason_1|reason_2|reason_3","sensitive"
"L4-L4-17-278-0330d871","L4","L4-17","精神误解","最近这段时间，提到「面对否定时的自我保护」，我最不想被误会成「做事没长远考虑」。更真实的是？","我希望被当成成年人看待","我想用自己的方式爱这个家","这是我表达自己的方式","我在认真尝试喜欢的事","reason_0|reason_1|reason_2|reason_3","sensitive"
"L4-L4-17-291-18e70f44","L4","L4-17","精神误解","在我们家沟通里，提到「对稳定和冒险的看法」，我最不想被误会成「叛逆或不听话」。更真实的是？","我希望被当成成年人看待","我想用自己的方式爱这个家","这能让我从压力里喘口气","这样我会更舒服自在","reason_0|reason_1|reason_2|reason_3","sensitive"
"L4-L4-17-290-7e8b78f7","L4","L4-17","精神误解","最近这段时间，提到「对稳定和冒险的看法」，我最不想被误会成「叛逆或不听话」。更真实的是？","我希望被当成成年人看待","我想用自己的方式爱这个家","这能让我从压力里喘口气","这样我会更舒服自在","reason_0|reason_1|reason_2|reason_3","sensitive"
"L4-L4-17-292-b5926cfd","L4","L4-17","精神误解","提到「不想被定义的部分」，我最不想被误会成「不懂事或太自我」。更真实的是？","我想先自己消化","我想被看见真实的自己","我在学着对自己负责","想保留一点自己的节奏","reason_0|reason_1|reason_2|reason_3","sensitive"
"L4-L4-17-294-9375dce3","L4","L4-17","精神误解","最近这段时间，提到「不想被定义的部分」，我最不想被误会成「不懂事或太自我」。更真实的是？","我想先自己消化","我想被看见真实的自己","我在学着对自己负责","想保留一点自己的节奏","reason_0|reason_1|reason_2|reason_3","sensitive"
"L4-L4-17-293-df01e68b","L4","L4-17","精神误解","如果只能选一个更贴近的：提到「不想被定义的部分」，我最不想被误会成「不懂事或太自我」。更真实的是？","我想先自己消化","我想被看见真实的自己","我在学着对自己负责","想保留一点自己的节奏","reason_0|reason_1|reason_2|reason_3","sensitive"
"L4-L4-17-286-616caa4c","L4","L4-17","精神误解","最近这段时间，提到「对家庭责任的看法」，我最不想被误会成「不把家里放在心上」。更真实的是？","我想用自己的方式爱这个家","这样我会更舒服自在","我想被看见真实的自己","这是我表达自己的方式","reason_0|reason_1|reason_2|reason_3","sensitive"
"L4-L4-17-285-ab607236","L4","L4-17","精神误解","如果只能选一个更贴近的：提到「对家庭责任的看法」，我最不想被误会成「不把家里放在心上」。更真实的是？","我想用自己的方式爱这个家","这样我会更舒服自在","我想被看见真实的自己","这是我表达自己的方式","reason_0|reason_1|reason_2|reason_3","sensitive"
"L4-L4-17-287-56369658","L4","L4-17","精神误解","在我们家沟通里，提到「对家庭责任的看法」，我最不想被误会成「不把家里放在心上」。更真实的是？","我想用自己的方式爱这个家","这样我会更舒服自在","我想被看见真实的自己","这是我表达自己的方式","reason_0|reason_1|reason_2|reason_3","sensitive"
"L4-L4-17-289-2b23f906","L4","L4-17","精神误解","如果只能选一个更贴近的：提到「对稳定和冒险的看法」，我最不想被误会成「叛逆或不听话」。更真实的是？","我希望被当成成年人看待","我想用自己的方式爱这个家","这能让我从压力里喘口气","这样我会更舒服自在","reason_0|reason_1|reason_2|reason_3","sensitive"
"L4-L4-17-288-248644c5","L4","L4-17","精神误解","提到「对稳定和冒险的看法」，我最不想被误会成「叛逆或不听话」。更真实的是？","我希望被当成成年人看待","我想用自己的方式爱这个家","这能让我从压力里喘口气","这样我会更舒服自在","reason_0|reason_1|reason_2|reason_3","sensitive"
"L4-L4-17-261-74313ca4","L4","L4-17","精神误解","如果只能选一个更贴近的：提到「亲密关系里的边界」，我最不想被误会成「浪费时间和钱」。更真实的是？","我在学着对自己负责","我在认真尝试喜欢的事","我想用自己的方式爱这个家","我想先自己消化","reason_0|reason_1|reason_2|reason_3","sensitive"
"L4-L4-17-260-020fce4f","L4","L4-17","精神误解","提到「亲密关系里的边界」，我最不想被误会成「浪费时间和钱」。更真实的是？","我在学着对自己负责","我在认真尝试喜欢的事","我想用自己的方式爱这个家","我想先自己消化","reason_0|reason_1|reason_2|reason_3","sensitive"
"L4-L4-17-262-39d2855d","L4","L4-17","精神误解","最近这段时间，提到「亲密关系里的边界」，我最不想被误会成「浪费时间和钱」。更真实的是？","我在学着对自己负责","我在认真尝试喜欢的事","我想用自己的方式爱这个家","我想先自己消化","reason_0|reason_1|reason_2|reason_3","sensitive"
"L4-L4-17-264-bd5a6771","L4","L4-17","精神误解","提到「花钱方式背后的价值」，我最不想被误会成「在赌气」。更真实的是？","这对我的心理健康有帮助","这是我表达自己的方式","这能让我从压力里喘口气","我想先自己消化","reason_0|reason_1|reason_2|reason_3","sensitive"
"L4-L4-17-263-9cdee053","L4","L4-17","精神误解","在我们家沟通里，提到「亲密关系里的边界」，我最不想被误会成「浪费时间和钱」。更真实的是？","我在学着对自己负责","我在认真尝试喜欢的事","我想用自己的方式爱这个家","我想先自己消化","reason_0|reason_1|reason_2|reason_3","sensitive"
"L4-L4-17-256-b72bbd27","L4","L4-17","精神误解","提到「失败后的自我消化」，我最不想被误会成「做事没长远考虑」。更真实的是？","我想被看见真实的自己","我需要一点点掌控感","我希望被当成成年人看待","我在学着对自己负责","reason_0|reason_1|reason_2|reason_3","sensitive"
"L4-L4-17-255-68c74a36","L4","L4-17","精神误解","在我们家沟通里，提到「不想被定义的部分」，我最不想被误会成「在赌气」。更真实的是？","这对我的心理健康有帮助","我想被看见真实的自己","我在学着对自己负责","这样我会更舒服自在","reason_0|reason_1|reason_2|reason_3","sensitive"
"L4-L4-17-257-ee0a8671","L4","L4-17","精神误解","如果只能选一个更贴近的：提到「失败后的自我消化」，我最不想被误会成「做事没长远考虑」。更真实的是？","我想被看见真实的自己","我需要一点点掌控感","我希望被当成成年人看待","我在学着对自己负责","reason_0|reason_1|reason_2|reason_3","sensitive"
"L4-L4-17-259-216b63b3","L4","L4-17","精神误解","在我们家沟通里，提到「失败后的自我消化」，我最不想被误会成「做事没长远考虑」。更真实的是？","我想被看见真实的自己","我需要一点点掌控感","我希望被当成成年人看待","我在学着对自己负责","reason_0|reason_1|reason_2|reason_3","sensitive"
"L4-L4-17-258-1033b645","L4","L4-17","精神误解","最近这段时间，提到「失败后的自我消化」，我最不想被误会成「做事没长远考虑」。更真实的是？","我想被看见真实的自己","我需要一点点掌控感","我希望被当成成年人看待","我在学着对自己负责","reason_0|reason_1|reason_2|reason_3","sensitive"
"L4-L4-17-271-be892dd4","L4","L4-17","精神误解","在我们家沟通里，提到「对成功的定义」，我最不想被误会成「不懂事或太自我」。更真实的是？","这能让我从压力里喘口气","我想先自己消化","想保留一点自己的节奏","这是我表达自己的方式","reason_0|reason_1|reason_2|reason_3","sensitive"
"L4-L4-17-270-c3024596","L4","L4-17","精神误解","最近这段时间，提到「对成功的定义」，我最不想被误会成「不懂事或太自我」。更真实的是？","这能让我从压力里喘口气","我想先自己消化","想保留一点自己的节奏","这是我表达自己的方式","reason_0|reason_1|reason_2|reason_3","sensitive"
"L4-L4-17-272-52b440e0","L4","L4-17","精神误解","提到「对稳定和冒险的看法」，我最不想被误会成「只顾自己玩」。更真实的是？","我在学着对自己负责","我想被看见真实的自己","我想用自己的方式爱这个家","我想先自己消化","reason_0|reason_1|reason_2|reason_3","sensitive"
"L4-L4-17-274-67c0ae34","L4","L4-17","精神误解","最近这段时间，提到「对稳定和冒险的看法」，我最不想被误会成「只顾自己玩」。更真实的是？","我在学着对自己负责","我想被看见真实的自己","我想用自己的方式爱这个家","我想先自己消化","reason_0|reason_1|reason_2|reason_3","sensitive"
"L4-L4-17-273-68c87105","L4","L4-17","精神误解","如果只能选一个更贴近的：提到「对稳定和冒险的看法」，我最不想被误会成「只顾自己玩」。更真实的是？","我在学着对自己负责","我想被看见真实的自己","我想用自己的方式爱这个家","我想先自己消化","reason_0|reason_1|reason_2|reason_3","sensitive"
"L4-L4-17-266-90aa7a00","L4","L4-17","精神误解","最近这段时间，提到「花钱方式背后的价值」，我最不想被误会成「在赌气」。更真实的是？","这对我的心理健康有帮助","这是我表达自己的方式","这能让我从压力里喘口气","我想先自己消化","reason_0|reason_1|reason_2|reason_3","sensitive"
"L4-L4-17-265-aad7b92e","L4","L4-17","精神误解","如果只能选一个更贴近的：提到「花钱方式背后的价值」，我最不想被误会成「在赌气」。更真实的是？","这对我的心理健康有帮助","这是我表达自己的方式","这能让我从压力里喘口气","我想先自己消化","reason_0|reason_1|reason_2|reason_3","sensitive"
"L4-L4-17-267-3950d390","L4","L4-17","精神误解","在我们家沟通里，提到「花钱方式背后的价值」，我最不想被误会成「在赌气」。更真实的是？","这对我的心理健康有帮助","这是我表达自己的方式","这能让我从压力里喘口气","我想先自己消化","reason_0|reason_1|reason_2|reason_3","sensitive"
"L4-L4-17-269-0f820f18","L4","L4-17","精神误解","如果只能选一个更贴近的：提到「对成功的定义」，我最不想被误会成「不懂事或太自我」。更真实的是？","这能让我从压力里喘口气","我想先自己消化","想保留一点自己的节奏","这是我表达自己的方式","reason_0|reason_1|reason_2|reason_3","sensitive"
"L4-L4-17-268-e58ccbe5","L4","L4-17","精神误解","提到「对成功的定义」，我最不想被误会成「不懂事或太自我」。更真实的是？","这能让我从压力里喘口气","我想先自己消化","想保留一点自己的节奏","这是我表达自己的方式","reason_0|reason_1|reason_2|reason_3","sensitive"
"L4-L4-03-043-e34d8c59","L4","L4-03","边界","在我们家沟通里，关于「想成为什么样的人」，我的边界底线更接近？","可以关心，不能替我决定","可以担心，不能否定人格","可以建议，不能反复施压","可以提问，不能翻旧账","agency|dignity|pressure|history","sensitive"
"L4-L4-03-042-aee33308","L4","L4-03","边界","最近这段时间，关于「想成为什么样的人」，我的边界底线更接近？","可以关心，不能替我决定","可以担心，不能否定人格","可以建议，不能反复施压","可以提问，不能翻旧账","agency|dignity|pressure|history","sensitive"
"L4-L4-03-044-3933d6bd","L4","L4-03","边界","关于「亲密关系里的边界」，我的边界底线更接近？","可以关心，不能替我决定","可以担心，不能否定人格","可以建议，不能反复施压","可以提问，不能翻旧账","agency|dignity|pressure|history","sensitive"
"L4-L4-03-046-7f6dfcd1","L4","L4-03","边界","最近这段时间，关于「亲密关系里的边界」，我的边界底线更接近？","可以关心，不能替我决定","可以担心，不能否定人格","可以建议，不能反复施压","可以提问，不能翻旧账","agency|dignity|pressure|history","sensitive"
"L4-L4-03-045-08e9e38b","L4","L4-03","边界","如果只能选一个更贴近的：关于「亲密关系里的边界」，我的边界底线更接近？","可以关心，不能替我决定","可以担心，不能否定人格","可以建议，不能反复施压","可以提问，不能翻旧账","agency|dignity|pressure|history","sensitive"
"L4-L4-03-038-79f57d61","L4","L4-03","边界","最近这段时间，关于「关于未来的节奏」，我的边界底线更接近？","可以关心，不能替我决定","可以担心，不能否定人格","可以建议，不能反复施压","可以提问，不能翻旧账","agency|dignity|pressure|history","sensitive"
"L4-L4-03-037-154d2e7c","L4","L4-03","边界","如果只能选一个更贴近的：关于「关于未来的节奏」，我的边界底线更接近？","可以关心，不能替我决定","可以担心，不能否定人格","可以建议，不能反复施压","可以提问，不能翻旧账","agency|dignity|pressure|history","sensitive"
"L4-L4-03-039-8d6ba35c","L4","L4-03","边界","在我们家沟通里，关于「关于未来的节奏」，我的边界底线更接近？","可以关心，不能替我决定","可以担心，不能否定人格","可以建议，不能反复施压","可以提问，不能翻旧账","agency|dignity|pressure|history","sensitive"
"L4-L4-03-041-73082197","L4","L4-03","边界","如果只能选一个更贴近的：关于「想成为什么样的人」，我的边界底线更接近？","可以关心，不能替我决定","可以担心，不能否定人格","可以建议，不能反复施压","可以提问，不能翻旧账","agency|dignity|pressure|history","sensitive"
"L4-L4-03-040-cd7c7c7d","L4","L4-03","边界","关于「想成为什么样的人」，我的边界底线更接近？","可以关心，不能替我决定","可以担心，不能否定人格","可以建议，不能反复施压","可以提问，不能翻旧账","agency|dignity|pressure|history","sensitive"
"L4-L4-03-053-1c9fc027","L4","L4-03","边界","如果只能选一个更贴近的：关于「精神内耗时的需要」，我的边界底线更接近？","可以关心，不能替我决定","可以担心，不能否定人格","可以建议，不能反复施压","可以提问，不能翻旧账","agency|dignity|pressure|history","sensitive"
"L4-L4-03-052-affbe672","L4","L4-03","边界","关于「精神内耗时的需要」，我的边界底线更接近？","可以关心，不能替我决定","可以担心，不能否定人格","可以建议，不能反复施压","可以提问，不能翻旧账","agency|dignity|pressure|history","sensitive"
"L4-L4-03-054-81dffa76","L4","L4-03","边界","最近这段时间，关于「精神内耗时的需要」，我的边界底线更接近？","可以关心，不能替我决定","可以担心，不能否定人格","可以建议，不能反复施压","可以提问，不能翻旧账","agency|dignity|pressure|history","sensitive"
"L4-L4-03-056-8efe5364","L4","L4-03","边界","关于「自我价值感来源」，我的边界底线更接近？","可以关心，不能替我决定","可以担心，不能否定人格","可以建议，不能反复施压","可以提问，不能翻旧账","agency|dignity|pressure|history","sensitive"
"L4-L4-03-055-855672f7","L4","L4-03","边界","在我们家沟通里，关于「精神内耗时的需要」，我的边界底线更接近？","可以关心，不能替我决定","可以担心，不能否定人格","可以建议，不能反复施压","可以提问，不能翻旧账","agency|dignity|pressure|history","sensitive"
"L4-L4-03-048-666e7683","L4","L4-03","边界","关于「不想被定义的部分」，我的边界底线更接近？","可以关心，不能替我决定","可以担心，不能否定人格","可以建议，不能反复施压","可以提问，不能翻旧账","agency|dignity|pressure|history","sensitive"
"L4-L4-03-047-3a4da47c","L4","L4-03","边界","在我们家沟通里，关于「亲密关系里的边界」，我的边界底线更接近？","可以关心，不能替我决定","可以担心，不能否定人格","可以建议，不能反复施压","可以提问，不能翻旧账","agency|dignity|pressure|history","sensitive"
"L4-L4-03-049-936e2a42","L4","L4-03","边界","如果只能选一个更贴近的：关于「不想被定义的部分」，我的边界底线更接近？","可以关心，不能替我决定","可以担心，不能否定人格","可以建议，不能反复施压","可以提问，不能翻旧账","agency|dignity|pressure|history","sensitive"
"L4-L4-03-051-e953e123","L4","L4-03","边界","在我们家沟通里，关于「不想被定义的部分」，我的边界底线更接近？","可以关心，不能替我决定","可以担心，不能否定人格","可以建议，不能反复施压","可以提问，不能翻旧账","agency|dignity|pressure|history","sensitive"
"L4-L4-03-050-c25a37a1","L4","L4-03","边界","最近这段时间，关于「不想被定义的部分」，我的边界底线更接近？","可以关心，不能替我决定","可以担心，不能否定人格","可以建议，不能反复施压","可以提问，不能翻旧账","agency|dignity|pressure|history","sensitive"
"L4-L4-03-023-3024a017","L4","L4-03","边界","在我们家沟通里，关于「被理解这件事」，我的边界底线更接近？","可以关心，不能替我决定","可以担心，不能否定人格","可以建议，不能反复施压","可以提问，不能翻旧账","agency|dignity|pressure|history","sensitive"
"L4-L4-03-022-f18a7b2e","L4","L4-03","边界","最近这段时间，关于「被理解这件事」，我的边界底线更接近？","可以关心，不能替我决定","可以担心，不能否定人格","可以建议，不能反复施压","可以提问，不能翻旧账","agency|dignity|pressure|history","sensitive"
"L4-L4-03-024-fae62fe7","L4","L4-03","边界","关于「对家庭责任的看法」，我的边界底线更接近？","可以关心，不能替我决定","可以担心，不能否定人格","可以建议，不能反复施压","可以提问，不能翻旧账","agency|dignity|pressure|history","sensitive"
"L4-L4-03-026-a5829c6a","L4","L4-03","边界","最近这段时间，关于「对家庭责任的看法」，我的边界底线更接近？","可以关心，不能替我决定","可以担心，不能否定人格","可以建议，不能反复施压","可以提问，不能翻旧账","agency|dignity|pressure|history","sensitive"
"L4-L4-03-025-b6ef7513","L4","L4-03","边界","如果只能选一个更贴近的：关于「对家庭责任的看法」，我的边界底线更接近？","可以关心，不能替我决定","可以担心，不能否定人格","可以建议，不能反复施压","可以提问，不能翻旧账","agency|dignity|pressure|history","sensitive"
"L4-L4-03-018-3c413410","L4","L4-03","边界","最近这段时间，关于「面对否定时的自我保护」，我的边界底线更接近？","可以关心，不能替我决定","可以担心，不能否定人格","可以建议，不能反复施压","可以提问，不能翻旧账","agency|dignity|pressure|history","sensitive"
"L4-L4-03-017-08727583","L4","L4-03","边界","如果只能选一个更贴近的：关于「面对否定时的自我保护」，我的边界底线更接近？","可以关心，不能替我决定","可以担心，不能否定人格","可以建议，不能反复施压","可以提问，不能翻旧账","agency|dignity|pressure|history","sensitive"
"L4-L4-03-019-3dd95835","L4","L4-03","边界","在我们家沟通里，关于「面对否定时的自我保护」，我的边界底线更接近？","可以关心，不能替我决定","可以担心，不能否定人格","可以建议，不能反复施压","可以提问，不能翻旧账","agency|dignity|pressure|history","sensitive"
"L4-L4-03-021-85735103","L4","L4-03","边界","如果只能选一个更贴近的：关于「被理解这件事」，我的边界底线更接近？","可以关心，不能替我决定","可以担心，不能否定人格","可以建议，不能反复施压","可以提问，不能翻旧账","agency|dignity|pressure|history","sensitive"
"L4-L4-03-020-7ad4680e","L4","L4-03","边界","关于「被理解这件事」，我的边界底线更接近？","可以关心，不能替我决定","可以担心，不能否定人格","可以建议，不能反复施压","可以提问，不能翻旧账","agency|dignity|pressure|history","sensitive"
"L4-L4-03-033-f174ed2a","L4","L4-03","边界","如果只能选一个更贴近的：关于「对稳定和冒险的看法」，我的边界底线更接近？","可以关心，不能替我决定","可以担心，不能否定人格","可以建议，不能反复施压","可以提问，不能翻旧账","agency|dignity|pressure|history","sensitive"
"L4-L4-03-032-2916ca9f","L4","L4-03","边界","关于「对稳定和冒险的看法」，我的边界底线更接近？","可以关心，不能替我决定","可以担心，不能否定人格","可以建议，不能反复施压","可以提问，不能翻旧账","agency|dignity|pressure|history","sensitive"
"L4-L4-03-034-70f87d72","L4","L4-03","边界","最近这段时间，关于「对稳定和冒险的看法」，我的边界底线更接近？","可以关心，不能替我决定","可以担心，不能否定人格","可以建议，不能反复施压","可以提问，不能翻旧账","agency|dignity|pressure|history","sensitive"
"L4-L4-03-036-38afbdf0","L4","L4-03","边界","关于「关于未来的节奏」，我的边界底线更接近？","可以关心，不能替我决定","可以担心，不能否定人格","可以建议，不能反复施压","可以提问，不能翻旧账","agency|dignity|pressure|history","sensitive"
"L4-L4-03-035-db88ff00","L4","L4-03","边界","在我们家沟通里，关于「对稳定和冒险的看法」，我的边界底线更接近？","可以关心，不能替我决定","可以担心，不能否定人格","可以建议，不能反复施压","可以提问，不能翻旧账","agency|dignity|pressure|history","sensitive"
"L4-L4-03-028-89a9f3d7","L4","L4-03","边界","关于「独处的需要」，我的边界底线更接近？","可以关心，不能替我决定","可以担心，不能否定人格","可以建议，不能反复施压","可以提问，不能翻旧账","agency|dignity|pressure|history","sensitive"
"L4-L4-03-027-e4085a30","L4","L4-03","边界","在我们家沟通里，关于「对家庭责任的看法」，我的边界底线更接近？","可以关心，不能替我决定","可以担心，不能否定人格","可以建议，不能反复施压","可以提问，不能翻旧账","agency|dignity|pressure|history","sensitive"
"L4-L4-03-029-f6bd52a6","L4","L4-03","边界","如果只能选一个更贴近的：关于「独处的需要」，我的边界底线更接近？","可以关心，不能替我决定","可以担心，不能否定人格","可以建议，不能反复施压","可以提问，不能翻旧账","agency|dignity|pressure|history","sensitive"
"L4-L4-03-031-5f2003a1","L4","L4-03","边界","在我们家沟通里，关于「独处的需要」，我的边界底线更接近？","可以关心，不能替我决定","可以担心，不能否定人格","可以建议，不能反复施压","可以提问，不能翻旧账","agency|dignity|pressure|history","sensitive"
"L4-L4-03-030-82e57250","L4","L4-03","边界","最近这段时间，关于「独处的需要」，我的边界底线更接近？","可以关心，不能替我决定","可以担心，不能否定人格","可以建议，不能反复施压","可以提问，不能翻旧账","agency|dignity|pressure|history","sensitive"
"L4-L4-04-023-da69167d","L4","L4-04","未来","在我们家沟通里，聊到「要不要回家发展」时，我更需要？","先听我怎么想","一起列风险，但不恐吓","给我探索的时间窗口","把「担心」说成「关心」","listen|risk|time|tone","sensitive"
"L4-L4-04-022-9f863de1","L4","L4-04","未来","最近这段时间，聊到「要不要回家发展」时，我更需要？","先听我怎么想","一起列风险，但不恐吓","给我探索的时间窗口","把「担心」说成「关心」","listen|risk|time|tone","sensitive"
"L4-L4-04-024-6ffa2490","L4","L4-04","未来","聊到「长期租房还是买房」时，我更需要？","先听我怎么想","一起列风险，但不恐吓","给我探索的时间窗口","把「担心」说成「关心」","listen|risk|time|tone","sensitive"
"L4-L4-04-026-28218330","L4","L4-04","未来","最近这段时间，聊到「长期租房还是买房」时，我更需要？","先听我怎么想","一起列风险，但不恐吓","给我探索的时间窗口","把「担心」说成「关心」","listen|risk|time|tone","sensitive"
"L4-L4-04-025-07db93cd","L4","L4-04","未来","如果只能选一个更贴近的：聊到「长期租房还是买房」时，我更需要？","先听我怎么想","一起列风险，但不恐吓","给我探索的时间窗口","把「担心」说成「关心」","listen|risk|time|tone","sensitive"
"L4-L4-04-018-d1d227ec","L4","L4-04","未来","最近这段时间，聊到「三十岁前的人生规划」时，我更需要？","先听我怎么想","一起列风险，但不恐吓","给我探索的时间窗口","把「担心」说成「关心」","listen|risk|time|tone","sensitive"
"L4-L4-04-017-f9c210c2","L4","L4-04","未来","如果只能选一个更贴近的：聊到「三十岁前的人生规划」时，我更需要？","先听我怎么想","一起列风险，但不恐吓","给我探索的时间窗口","把「担心」说成「关心」","listen|risk|time|tone","sensitive"
"L4-L4-04-019-65552505","L4","L4-04","未来","在我们家沟通里，聊到「三十岁前的人生规划」时，我更需要？","先听我怎么想","一起列风险，但不恐吓","给我探索的时间窗口","把「担心」说成「关心」","listen|risk|time|tone","sensitive"
"L4-L4-04-021-35453d70","L4","L4-04","未来","如果只能选一个更贴近的：聊到「要不要回家发展」时，我更需要？","先听我怎么想","一起列风险，但不恐吓","给我探索的时间窗口","把「担心」说成「关心」","listen|risk|time|tone","sensitive"
"L4-L4-04-020-3ee75a31","L4","L4-04","未来","聊到「要不要回家发展」时，我更需要？","先听我怎么想","一起列风险，但不恐吓","给我探索的时间窗口","把「担心」说成「关心」","listen|risk|time|tone","sensitive"
"L4-L4-04-033-8b8afeba","L4","L4-04","未来","如果只能选一个更贴近的：聊到「结婚成家节奏」时，我更需要？","先听我怎么想","一起列风险，但不恐吓","给我探索的时间窗口","把「担心」说成「关心」","listen|risk|time|tone","sensitive"
"L4-L4-04-032-6fba7c33","L4","L4-04","未来","聊到「结婚成家节奏」时，我更需要？","先听我怎么想","一起列风险，但不恐吓","给我探索的时间窗口","把「担心」说成「关心」","listen|risk|time|tone","sensitive"
"L4-L4-04-034-30b8ed05","L4","L4-04","未来","最近这段时间，聊到「结婚成家节奏」时，我更需要？","先听我怎么想","一起列风险，但不恐吓","给我探索的时间窗口","把「担心」说成「关心」","listen|risk|time|tone","sensitive"
"L4-L4-04-036-003797ab","L4","L4-04","未来","聊到「换城市发展」时，我更需要？","先听我怎么想","一起列风险，但不恐吓","给我探索的时间窗口","把「担心」说成「关心」","listen|risk|time|tone","sensitive"
"L4-L4-04-035-ec646a92","L4","L4-04","未来","在我们家沟通里，聊到「结婚成家节奏」时，我更需要？","先听我怎么想","一起列风险，但不恐吓","给我探索的时间窗口","把「担心」说成「关心」","listen|risk|time|tone","sensitive"
"L4-L4-04-028-ed20ee7d","L4","L4-04","未来","聊到「要不要公开恋情」时，我更需要？","先听我怎么想","一起列风险，但不恐吓","给我探索的时间窗口","把「担心」说成「关心」","listen|risk|time|tone","sensitive"
"L4-L4-04-027-a57acc27","L4","L4-04","未来","在我们家沟通里，聊到「长期租房还是买房」时，我更需要？","先听我怎么想","一起列风险，但不恐吓","给我探索的时间窗口","把「担心」说成「关心」","listen|risk|time|tone","sensitive"
"L4-L4-04-029-dd6ef05d","L4","L4-04","未来","如果只能选一个更贴近的：聊到「要不要公开恋情」时，我更需要？","先听我怎么想","一起列风险，但不恐吓","给我探索的时间窗口","把「担心」说成「关心」","listen|risk|time|tone","sensitive"
"L4-L4-04-031-2330dc08","L4","L4-04","未来","在我们家沟通里，聊到「要不要公开恋情」时，我更需要？","先听我怎么想","一起列风险，但不恐吓","给我探索的时间窗口","把「担心」说成「关心」","listen|risk|time|tone","sensitive"
"L4-L4-04-030-46ce36a2","L4","L4-04","未来","最近这段时间，聊到「要不要公开恋情」时，我更需要？","先听我怎么想","一起列风险，但不恐吓","给我探索的时间窗口","把「担心」说成「关心」","listen|risk|time|tone","sensitive"
"L4-L4-04-003-81b9048c","L4","L4-04","未来","在我们家沟通里，聊到「创业或斜杠尝试」时，我更需要？","先听我怎么想","一起列风险，但不恐吓","给我探索的时间窗口","把「担心」说成「关心」","listen|risk|time|tone","sensitive"
"L4-L4-04-002-76d0c801","L4","L4-04","未来","最近这段时间，聊到「创业或斜杠尝试」时，我更需要？","先听我怎么想","一起列风险，但不恐吓","给我探索的时间窗口","把「担心」说成「关心」","listen|risk|time|tone","sensitive"
"L4-L4-04-004-c51da82e","L4","L4-04","未来","聊到「工作稳定性与兴趣」时，我更需要？","先听我怎么想","一起列风险，但不恐吓","给我探索的时间窗口","把「担心」说成「关心」","listen|risk|time|tone","sensitive"
"L4-L4-04-006-bdd9919d","L4","L4-04","未来","最近这段时间，聊到「工作稳定性与兴趣」时，我更需要？","先听我怎么想","一起列风险，但不恐吓","给我探索的时间窗口","把「担心」说成「关心」","listen|risk|time|tone","sensitive"
"L4-L4-04-005-39c2e355","L4","L4-04","未来","如果只能选一个更贴近的：聊到「工作稳定性与兴趣」时，我更需要？","先听我怎么想","一起列风险，但不恐吓","给我探索的时间窗口","把「担心」说成「关心」","listen|risk|time|tone","sensitive"
"L4-L4-03-058-e87e0cbd","L4","L4-03","边界","最近这段时间，关于「自我价值感来源」，我的边界底线更接近？","可以关心，不能替我决定","可以担心，不能否定人格","可以建议，不能反复施压","可以提问，不能翻旧账","agency|dignity|pressure|history","sensitive"
"L4-L4-03-057-11390ee3","L4","L4-03","边界","如果只能选一个更贴近的：关于「自我价值感来源」，我的边界底线更接近？","可以关心，不能替我决定","可以担心，不能否定人格","可以建议，不能反复施压","可以提问，不能翻旧账","agency|dignity|pressure|history","sensitive"
"L4-L4-03-059-21764e96","L4","L4-03","边界","在我们家沟通里，关于「自我价值感来源」，我的边界底线更接近？","可以关心，不能替我决定","可以担心，不能否定人格","可以建议，不能反复施压","可以提问，不能翻旧账","agency|dignity|pressure|history","sensitive"
"L4-L4-04-001-7db0fc6b","L4","L4-04","未来","如果只能选一个更贴近的：聊到「创业或斜杠尝试」时，我更需要？","先听我怎么想","一起列风险，但不恐吓","给我探索的时间窗口","把「担心」说成「关心」","listen|risk|time|tone","sensitive"
"L4-L4-04-000-40f78bcd","L4","L4-04","未来","聊到「创业或斜杠尝试」时，我更需要？","先听我怎么想","一起列风险，但不恐吓","给我探索的时间窗口","把「担心」说成「关心」","listen|risk|time|tone","sensitive"
"L4-L4-04-013-f41b4d8a","L4","L4-04","未来","如果只能选一个更贴近的：聊到「继续学习深造」时，我更需要？","先听我怎么想","一起列风险，但不恐吓","给我探索的时间窗口","把「担心」说成「关心」","listen|risk|time|tone","sensitive"
"L4-L4-04-012-ed658eb5","L4","L4-04","未来","聊到「继续学习深造」时，我更需要？","先听我怎么想","一起列风险，但不恐吓","给我探索的时间窗口","把「担心」说成「关心」","listen|risk|time|tone","sensitive"
"L4-L4-04-014-e448782a","L4","L4-04","未来","最近这段时间，聊到「继续学习深造」时，我更需要？","先听我怎么想","一起列风险，但不恐吓","给我探索的时间窗口","把「担心」说成「关心」","listen|risk|time|tone","sensitive"
"L4-L4-04-016-34ad8d97","L4","L4-04","未来","聊到「三十岁前的人生规划」时，我更需要？","先听我怎么想","一起列风险，但不恐吓","给我探索的时间窗口","把「担心」说成「关心」","listen|risk|time|tone","sensitive"
"L4-L4-04-015-772b7c0b","L4","L4-04","未来","在我们家沟通里，聊到「继续学习深造」时，我更需要？","先听我怎么想","一起列风险，但不恐吓","给我探索的时间窗口","把「担心」说成「关心」","listen|risk|time|tone","sensitive"
"L4-L4-04-008-54dd5fd5","L4","L4-04","未来","聊到「要不要换行业」时，我更需要？","先听我怎么想","一起列风险，但不恐吓","给我探索的时间窗口","把「担心」说成「关心」","listen|risk|time|tone","sensitive"
"L4-L4-04-007-bcccaf82","L4","L4-04","未来","在我们家沟通里，聊到「工作稳定性与兴趣」时，我更需要？","先听我怎么想","一起列风险，但不恐吓","给我探索的时间窗口","把「担心」说成「关心」","listen|risk|time|tone","sensitive"
"L4-L4-04-009-e31767da","L4","L4-04","未来","如果只能选一个更贴近的：聊到「要不要换行业」时，我更需要？","先听我怎么想","一起列风险，但不恐吓","给我探索的时间窗口","把「担心」说成「关心」","listen|risk|time|tone","sensitive"
"L4-L4-04-011-e376f2c7","L4","L4-04","未来","在我们家沟通里，聊到「要不要换行业」时，我更需要？","先听我怎么想","一起列风险，但不恐吓","给我探索的时间窗口","把「担心」说成「关心」","listen|risk|time|tone","sensitive"
"L4-L4-04-010-802fb1ed","L4","L4-04","未来","最近这段时间，聊到「要不要换行业」时，我更需要？","先听我怎么想","一起列风险，但不恐吓","给我探索的时间窗口","把「担心」说成「关心」","listen|risk|time|tone","sensitive"
"L4-L4-03-016-9c1e38de","L4","L4-03","边界","关于「面对否定时的自我保护」，我的边界底线更接近？","可以关心，不能替我决定","可以担心，不能否定人格","可以建议，不能反复施压","可以提问，不能翻旧账","agency|dignity|pressure|history","sensitive"
"L4-L4-01-026-30031020","L4","L4-01","精神|理解","最近这段时间，谈到「对家庭责任的看法」，我最希望你们明白的是？","这是我表达自己的方式","这样我会更舒服自在","我在认真尝试喜欢的事","这对我的心理健康有帮助","reason_0|reason_1|reason_2|reason_3","sensitive"
"L4-L4-01-025-efd27420","L4","L4-01","精神|理解","如果只能选一个更贴近的：谈到「对家庭责任的看法」，我最希望你们明白的是？","这是我表达自己的方式","这样我会更舒服自在","我在认真尝试喜欢的事","这对我的心理健康有帮助","reason_0|reason_1|reason_2|reason_3","sensitive"
"L4-L4-01-027-8e6e9781","L4","L4-01","精神|理解","在我们家沟通里，谈到「对家庭责任的看法」，我最希望你们明白的是？","这是我表达自己的方式","这样我会更舒服自在","我在认真尝试喜欢的事","这对我的心理健康有帮助","reason_0|reason_1|reason_2|reason_3","sensitive"
"L4-L4-01-029-c4050560","L4","L4-01","精神|理解","如果只能选一个更贴近的：谈到「独处的需要」，我最希望你们明白的是？","我在认真尝试喜欢的事","我需要一点点掌控感","我希望被当成成年人看待","我想被看见真实的自己","reason_0|reason_1|reason_2|reason_3","sensitive"
"L4-L4-01-028-51108c68","L4","L4-01","精神|理解","谈到「独处的需要」，我最希望你们明白的是？","我在认真尝试喜欢的事","我需要一点点掌控感","我希望被当成成年人看待","我想被看见真实的自己","reason_0|reason_1|reason_2|reason_3","sensitive"
"L4-L4-01-021-dae56733","L4","L4-01","精神|理解","如果只能选一个更贴近的：谈到「精神内耗时的需要」，我最希望你们明白的是？","我希望被当成成年人看待","这样我会更舒服自在","我需要一点点掌控感","想保留一点自己的节奏","reason_0|reason_1|reason_2|reason_3","sensitive"
"L4-L4-01-020-eb9ab5c5","L4","L4-01","精神|理解","谈到「精神内耗时的需要」，我最希望你们明白的是？","我希望被当成成年人看待","这样我会更舒服自在","我需要一点点掌控感","想保留一点自己的节奏","reason_0|reason_1|reason_2|reason_3","sensitive"
"L4-L4-01-022-b361dddc","L4","L4-01","精神|理解","最近这段时间，谈到「精神内耗时的需要」，我最希望你们明白的是？","我希望被当成成年人看待","这样我会更舒服自在","我需要一点点掌控感","想保留一点自己的节奏","reason_0|reason_1|reason_2|reason_3","sensitive"
"L4-L4-01-024-57b9cada","L4","L4-01","精神|理解","谈到「对家庭责任的看法」，我最希望你们明白的是？","这是我表达自己的方式","这样我会更舒服自在","我在认真尝试喜欢的事","这对我的心理健康有帮助","reason_0|reason_1|reason_2|reason_3","sensitive"
"L4-L4-01-023-cea31086","L4","L4-01","精神|理解","在我们家沟通里，谈到「精神内耗时的需要」，我最希望你们明白的是？","我希望被当成成年人看待","这样我会更舒服自在","我需要一点点掌控感","想保留一点自己的节奏","reason_0|reason_1|reason_2|reason_3","sensitive"
"L4-L4-01-036-630a92f3","L4","L4-01","精神|理解","谈到「自我价值感来源」，我最希望你们明白的是？","我需要一点点掌控感","想保留一点自己的节奏","这是我表达自己的方式","这能让我从压力里喘口气","reason_0|reason_1|reason_2|reason_3","sensitive"
"L4-L4-01-035-38500d19","L4","L4-01","精神|理解","在我们家沟通里，谈到「亲密关系里的边界」，我最希望你们明白的是？","这对我的心理健康有帮助","想保留一点自己的节奏","我希望被当成成年人看待","我想用自己的方式爱这个家","reason_0|reason_1|reason_2|reason_3","sensitive"
"L4-L4-01-037-8cd31969","L4","L4-01","精神|理解","如果只能选一个更贴近的：谈到「自我价值感来源」，我最希望你们明白的是？","我需要一点点掌控感","想保留一点自己的节奏","这是我表达自己的方式","这能让我从压力里喘口气","reason_0|reason_1|reason_2|reason_3","sensitive"
"L4-L4-01-039-c4be44b8","L4","L4-01","精神|理解","在我们家沟通里，谈到「自我价值感来源」，我最希望你们明白的是？","我需要一点点掌控感","想保留一点自己的节奏","这是我表达自己的方式","这能让我从压力里喘口气","reason_0|reason_1|reason_2|reason_3","sensitive"
"L4-L4-01-038-9702d487","L4","L4-01","精神|理解","最近这段时间，谈到「自我价值感来源」，我最希望你们明白的是？","我需要一点点掌控感","想保留一点自己的节奏","这是我表达自己的方式","这能让我从压力里喘口气","reason_0|reason_1|reason_2|reason_3","sensitive"
"L4-L4-01-031-c01e2cd1","L4","L4-01","精神|理解","在我们家沟通里，谈到「独处的需要」，我最希望你们明白的是？","我在认真尝试喜欢的事","我需要一点点掌控感","我希望被当成成年人看待","我想被看见真实的自己","reason_0|reason_1|reason_2|reason_3","sensitive"
"L4-L4-01-030-ab7abec6","L4","L4-01","精神|理解","最近这段时间，谈到「独处的需要」，我最希望你们明白的是？","我在认真尝试喜欢的事","我需要一点点掌控感","我希望被当成成年人看待","我想被看见真实的自己","reason_0|reason_1|reason_2|reason_3","sensitive"
"L4-L4-01-032-3aa517d4","L4","L4-01","精神|理解","谈到「亲密关系里的边界」，我最希望你们明白的是？","这对我的心理健康有帮助","想保留一点自己的节奏","我希望被当成成年人看待","我想用自己的方式爱这个家","reason_0|reason_1|reason_2|reason_3","sensitive"
"L4-L4-01-034-1b34059e","L4","L4-01","精神|理解","最近这段时间，谈到「亲密关系里的边界」，我最希望你们明白的是？","这对我的心理健康有帮助","想保留一点自己的节奏","我希望被当成成年人看待","我想用自己的方式爱这个家","reason_0|reason_1|reason_2|reason_3","sensitive"
"L4-L4-01-033-e3116ce0","L4","L4-01","精神|理解","如果只能选一个更贴近的：谈到「亲密关系里的边界」，我最希望你们明白的是？","这对我的心理健康有帮助","想保留一点自己的节奏","我希望被当成成年人看待","我想用自己的方式爱这个家","reason_0|reason_1|reason_2|reason_3","sensitive"
"L4-L4-01-006-4eab62cb","L4","L4-01","精神|理解","最近这段时间，谈到「想成为什么样的人」，我最希望你们明白的是？","想保留一点自己的节奏","我在认真尝试喜欢的事","我想先自己消化","我在学着对自己负责","reason_0|reason_1|reason_2|reason_3","sensitive"
"L4-L4-01-005-29849b6c","L4","L4-01","精神|理解","如果只能选一个更贴近的：谈到「想成为什么样的人」，我最希望你们明白的是？","想保留一点自己的节奏","我在认真尝试喜欢的事","我想先自己消化","我在学着对自己负责","reason_0|reason_1|reason_2|reason_3","sensitive"
"L4-L4-01-007-efcde230","L4","L4-01","精神|理解","在我们家沟通里，谈到「想成为什么样的人」，我最希望你们明白的是？","想保留一点自己的节奏","我在认真尝试喜欢的事","我想先自己消化","我在学着对自己负责","reason_0|reason_1|reason_2|reason_3","sensitive"
"L4-L4-01-009-60bf37e9","L4","L4-01","精神|理解","如果只能选一个更贴近的：谈到「失败后的自我消化」，我最希望你们明白的是？","这对我的心理健康有帮助","我想用自己的方式爱这个家","我在认真尝试喜欢的事","这是我表达自己的方式","reason_0|reason_1|reason_2|reason_3","sensitive"
"L4-L4-01-008-0600ee71","L4","L4-01","精神|理解","谈到「失败后的自我消化」，我最希望你们明白的是？","这对我的心理健康有帮助","我想用自己的方式爱这个家","我在认真尝试喜欢的事","这是我表达自己的方式","reason_0|reason_1|reason_2|reason_3","sensitive"
"L4-L4-01-001-f4adfcc0","L4","L4-01","精神|理解","如果只能选一个更贴近的：谈到「关于未来的节奏」，我最希望你们明白的是？","想保留一点自己的节奏","我想用自己的方式爱这个家","我想被看见真实的自己","这是我表达自己的方式","reason_0|reason_1|reason_2|reason_3","sensitive"
"L4-L4-01-000-6d5abd7f","L4","L4-01","精神|理解","谈到「关于未来的节奏」，我最希望你们明白的是？","想保留一点自己的节奏","我想用自己的方式爱这个家","我想被看见真实的自己","这是我表达自己的方式","reason_0|reason_1|reason_2|reason_3","sensitive"
"L4-L4-01-002-092d83c1","L4","L4-01","精神|理解","最近这段时间，谈到「关于未来的节奏」，我最希望你们明白的是？","想保留一点自己的节奏","我想用自己的方式爱这个家","我想被看见真实的自己","这是我表达自己的方式","reason_0|reason_1|reason_2|reason_3","sensitive"
"L4-L4-01-004-2e68c4e6","L4","L4-01","精神|理解","谈到「想成为什么样的人」，我最希望你们明白的是？","想保留一点自己的节奏","我在认真尝试喜欢的事","我想先自己消化","我在学着对自己负责","reason_0|reason_1|reason_2|reason_3","sensitive"
"L4-L4-01-003-aec65611","L4","L4-01","精神|理解","在我们家沟通里，谈到「关于未来的节奏」，我最希望你们明白的是？","想保留一点自己的节奏","我想用自己的方式爱这个家","我想被看见真实的自己","这是我表达自己的方式","reason_0|reason_1|reason_2|reason_3","sensitive"
"L4-L4-01-016-e3205dda","L4","L4-01","精神|理解","谈到「对稳定和冒险的看法」，我最希望你们明白的是？","我想被看见真实的自己","我想先自己消化","这能让我从压力里喘口气","我在学着对自己负责","reason_0|reason_1|reason_2|reason_3","sensitive"
"L4-L4-01-015-ef905428","L4","L4-01","精神|理解","在我们家沟通里，谈到「对成功的定义」，我最希望你们明白的是？","我希望被当成成年人看待","这能让我从压力里喘口气","我想用自己的方式爱这个家","我想被看见真实的自己","reason_0|reason_1|reason_2|reason_3","sensitive"
"L4-L4-01-017-b24ab79e","L4","L4-01","精神|理解","如果只能选一个更贴近的：谈到「对稳定和冒险的看法」，我最希望你们明白的是？","我想被看见真实的自己","我想先自己消化","这能让我从压力里喘口气","我在学着对自己负责","reason_0|reason_1|reason_2|reason_3","sensitive"
"L4-L4-01-019-88d7119b","L4","L4-01","精神|理解","在我们家沟通里，谈到「对稳定和冒险的看法」，我最希望你们明白的是？","我想被看见真实的自己","我想先自己消化","这能让我从压力里喘口气","我在学着对自己负责","reason_0|reason_1|reason_2|reason_3","sensitive"
"L4-L4-01-018-4cce9119","L4","L4-01","精神|理解","最近这段时间，谈到「对稳定和冒险的看法」，我最希望你们明白的是？","我想被看见真实的自己","我想先自己消化","这能让我从压力里喘口气","我在学着对自己负责","reason_0|reason_1|reason_2|reason_3","sensitive"
"L4-L4-01-011-5b4ed401","L4","L4-01","精神|理解","在我们家沟通里，谈到「失败后的自我消化」，我最希望你们明白的是？","这对我的心理健康有帮助","我想用自己的方式爱这个家","我在认真尝试喜欢的事","这是我表达自己的方式","reason_0|reason_1|reason_2|reason_3","sensitive"
"L4-L4-01-010-58a6e454","L4","L4-01","精神|理解","最近这段时间，谈到「失败后的自我消化」，我最希望你们明白的是？","这对我的心理健康有帮助","我想用自己的方式爱这个家","我在认真尝试喜欢的事","这是我表达自己的方式","reason_0|reason_1|reason_2|reason_3","sensitive"
"L4-L4-01-012-c6813c48","L4","L4-01","精神|理解","谈到「对成功的定义」，我最希望你们明白的是？","我希望被当成成年人看待","这能让我从压力里喘口气","我想用自己的方式爱这个家","我想被看见真实的自己","reason_0|reason_1|reason_2|reason_3","sensitive"
"L4-L4-01-014-839e5254","L4","L4-01","精神|理解","最近这段时间，谈到「对成功的定义」，我最希望你们明白的是？","我希望被当成成年人看待","这能让我从压力里喘口气","我想用自己的方式爱这个家","我想被看见真实的自己","reason_0|reason_1|reason_2|reason_3","sensitive"
"L4-L4-01-013-0e1866e5","L4","L4-01","精神|理解","如果只能选一个更贴近的：谈到「对成功的定义」，我最希望你们明白的是？","我希望被当成成年人看待","这能让我从压力里喘口气","我想用自己的方式爱这个家","我想被看见真实的自己","reason_0|reason_1|reason_2|reason_3","sensitive"
"L4-L4-03-002-6545912e","L4","L4-03","边界","最近这段时间，关于「失败后的自我消化」，我的边界底线更接近？","可以关心，不能替我决定","可以担心，不能否定人格","可以建议，不能反复施压","可以提问，不能翻旧账","agency|dignity|pressure|history","sensitive"
"L4-L4-03-001-b46e14d6","L4","L4-03","边界","如果只能选一个更贴近的：关于「失败后的自我消化」，我的边界底线更接近？","可以关心，不能替我决定","可以担心，不能否定人格","可以建议，不能反复施压","可以提问，不能翻旧账","agency|dignity|pressure|history","sensitive"
"L4-L4-03-003-7be01855","L4","L4-03","边界","在我们家沟通里，关于「失败后的自我消化」，我的边界底线更接近？","可以关心，不能替我决定","可以担心，不能否定人格","可以建议，不能反复施压","可以提问，不能翻旧账","agency|dignity|pressure|history","sensitive"
"L4-L4-03-005-a9366a2d","L4","L4-03","边界","如果只能选一个更贴近的：关于「花钱方式背后的价值」，我的边界底线更接近？","可以关心，不能替我决定","可以担心，不能否定人格","可以建议，不能反复施压","可以提问，不能翻旧账","agency|dignity|pressure|history","sensitive"
"L4-L4-03-004-bdb59816","L4","L4-03","边界","关于「花钱方式背后的价值」，我的边界底线更接近？","可以关心，不能替我决定","可以担心，不能否定人格","可以建议，不能反复施压","可以提问，不能翻旧账","agency|dignity|pressure|history","sensitive"
"L4-L4-02-001-cb96a434","L4","L4-02","被理解","如果只能选一个更贴近的：什么时刻我会觉得「被真正理解」？","你们复述出我的感受，而不急着纠正","即使不同意，也尊重我的选择权","记得我说过的小事和偏好","冲突后仍对我温柔","reflect|respect|remember|gentle","sensitive"
"L4-L4-02-000-d9928f60","L4","L4-02","被理解","什么时刻我会觉得「被真正理解」？","你们复述出我的感受，而不急着纠正","即使不同意，也尊重我的选择权","记得我说过的小事和偏好","冲突后仍对我温柔","reflect|respect|remember|gentle","sensitive"
"L4-L4-02-002-878799c0","L4","L4-02","被理解","最近这段时间，什么时刻我会觉得「被真正理解」？","你们复述出我的感受，而不急着纠正","即使不同意，也尊重我的选择权","记得我说过的小事和偏好","冲突后仍对我温柔","reflect|respect|remember|gentle","sensitive"
"L4-L4-03-000-2f18cf74","L4","L4-03","边界","关于「失败后的自我消化」，我的边界底线更接近？","可以关心，不能替我决定","可以担心，不能否定人格","可以建议，不能反复施压","可以提问，不能翻旧账","agency|dignity|pressure|history","sensitive"
"L4-L4-02-003-5eda05e5","L4","L4-02","被理解","在我们家沟通里，什么时刻我会觉得「被真正理解」？","你们复述出我的感受，而不急着纠正","即使不同意，也尊重我的选择权","记得我说过的小事和偏好","冲突后仍对我温柔","reflect|respect|remember|gentle","sensitive"
"L4-L4-03-012-916ef031","L4","L4-03","边界","关于「对「乖」和「真」的取舍」，我的边界底线更接近？","可以关心，不能替我决定","可以担心，不能否定人格","可以建议，不能反复施压","可以提问，不能翻旧账","agency|dignity|pressure|history","sensitive"
"L4-L4-03-011-d2069b19","L4","L4-03","边界","在我们家沟通里，关于「对成功的定义」，我的边界底线更接近？","可以关心，不能替我决定","可以担心，不能否定人格","可以建议，不能反复施压","可以提问，不能翻旧账","agency|dignity|pressure|history","sensitive"
"L4-L4-03-013-e6398707","L4","L4-03","边界","如果只能选一个更贴近的：关于「对「乖」和「真」的取舍」，我的边界底线更接近？","可以关心，不能替我决定","可以担心，不能否定人格","可以建议，不能反复施压","可以提问，不能翻旧账","agency|dignity|pressure|history","sensitive"
"L4-L4-03-015-da172767","L4","L4-03","边界","在我们家沟通里，关于「对「乖」和「真」的取舍」，我的边界底线更接近？","可以关心，不能替我决定","可以担心，不能否定人格","可以建议，不能反复施压","可以提问，不能翻旧账","agency|dignity|pressure|history","sensitive"
"L4-L4-03-014-8be2699b","L4","L4-03","边界","最近这段时间，关于「对「乖」和「真」的取舍」，我的边界底线更接近？","可以关心，不能替我决定","可以担心，不能否定人格","可以建议，不能反复施压","可以提问，不能翻旧账","agency|dignity|pressure|history","sensitive"
"L4-L4-03-007-16b0deaf","L4","L4-03","边界","在我们家沟通里，关于「花钱方式背后的价值」，我的边界底线更接近？","可以关心，不能替我决定","可以担心，不能否定人格","可以建议，不能反复施压","可以提问，不能翻旧账","agency|dignity|pressure|history","sensitive"
"L4-L4-03-006-d07e4c51","L4","L4-03","边界","最近这段时间，关于「花钱方式背后的价值」，我的边界底线更接近？","可以关心，不能替我决定","可以担心，不能否定人格","可以建议，不能反复施压","可以提问，不能翻旧账","agency|dignity|pressure|history","sensitive"
"L4-L4-03-008-ece51fdd","L4","L4-03","边界","关于「对成功的定义」，我的边界底线更接近？","可以关心，不能替我决定","可以担心，不能否定人格","可以建议，不能反复施压","可以提问，不能翻旧账","agency|dignity|pressure|history","sensitive"
"L4-L4-03-010-92f3ed64","L4","L4-03","边界","最近这段时间，关于「对成功的定义」，我的边界底线更接近？","可以关心，不能替我决定","可以担心，不能否定人格","可以建议，不能反复施压","可以提问，不能翻旧账","agency|dignity|pressure|history","sensitive"
"L4-L4-03-009-95f08050","L4","L4-03","边界","如果只能选一个更贴近的：关于「对成功的定义」，我的边界底线更接近？","可以关心，不能替我决定","可以担心，不能否定人格","可以建议，不能反复施压","可以提问，不能翻旧账","agency|dignity|pressure|history","sensitive"
"L4-L4-01-046-b1d20cad","L4","L4-01","精神|理解","最近这段时间，谈到「面对否定时的自我保护」，我最希望你们明白的是？","我想用自己的方式爱这个家","这是我表达自己的方式","我想先自己消化","想保留一点自己的节奏","reason_0|reason_1|reason_2|reason_3","sensitive"
"L4-L4-01-045-b9a2d6ca","L4","L4-01","精神|理解","如果只能选一个更贴近的：谈到「面对否定时的自我保护」，我最希望你们明白的是？","我想用自己的方式爱这个家","这是我表达自己的方式","我想先自己消化","想保留一点自己的节奏","reason_0|reason_1|reason_2|reason_3","sensitive"
"L4-L4-01-047-73c725b8","L4","L4-01","精神|理解","在我们家沟通里，谈到「面对否定时的自我保护」，我最希望你们明白的是？","我想用自己的方式爱这个家","这是我表达自己的方式","我想先自己消化","想保留一点自己的节奏","reason_0|reason_1|reason_2|reason_3","sensitive"
"L4-L4-01-049-a1cfc8d7","L4","L4-01","精神|理解","如果只能选一个更贴近的：谈到「不想被定义的部分」，我最希望你们明白的是？","我希望被当成成年人看待","我想被看见真实的自己","想保留一点自己的节奏","我在认真尝试喜欢的事","reason_0|reason_1|reason_2|reason_3","sensitive"
"L4-L4-01-048-fa908f72","L4","L4-01","精神|理解","谈到「不想被定义的部分」，我最希望你们明白的是？","我希望被当成成年人看待","我想被看见真实的自己","想保留一点自己的节奏","我在认真尝试喜欢的事","reason_0|reason_1|reason_2|reason_3","sensitive"
"L4-L4-01-041-4cc44294","L4","L4-01","精神|理解","如果只能选一个更贴近的：谈到「对「乖」和「真」的取舍」，我最希望你们明白的是？","我在认真尝试喜欢的事","我希望被当成成年人看待","我想被看见真实的自己","我想用自己的方式爱这个家","reason_0|reason_1|reason_2|reason_3","sensitive"
"L4-L4-01-040-40e7adf0","L4","L4-01","精神|理解","谈到「对「乖」和「真」的取舍」，我最希望你们明白的是？","我在认真尝试喜欢的事","我希望被当成成年人看待","我想被看见真实的自己","我想用自己的方式爱这个家","reason_0|reason_1|reason_2|reason_3","sensitive"
"L4-L4-01-042-c98d358f","L4","L4-01","精神|理解","最近这段时间，谈到「对「乖」和「真」的取舍」，我最希望你们明白的是？","我在认真尝试喜欢的事","我希望被当成成年人看待","我想被看见真实的自己","我想用自己的方式爱这个家","reason_0|reason_1|reason_2|reason_3","sensitive"
"L4-L4-01-044-874d49b3","L4","L4-01","精神|理解","谈到「面对否定时的自我保护」，我最希望你们明白的是？","我想用自己的方式爱这个家","这是我表达自己的方式","我想先自己消化","想保留一点自己的节奏","reason_0|reason_1|reason_2|reason_3","sensitive"
"L4-L4-01-043-e0218c27","L4","L4-01","精神|理解","在我们家沟通里，谈到「对「乖」和「真」的取舍」，我最希望你们明白的是？","我在认真尝试喜欢的事","我希望被当成成年人看待","我想被看见真实的自己","我想用自己的方式爱这个家","reason_0|reason_1|reason_2|reason_3","sensitive"
"L4-L4-01-056-15a49290","L4","L4-01","精神|理解","谈到「被理解这件事」，我最希望你们明白的是？","这能让我从压力里喘口气","这对我的心理健康有帮助","我在学着对自己负责","想保留一点自己的节奏","reason_0|reason_1|reason_2|reason_3","sensitive"
"L4-L4-01-055-a2b1f249","L4","L4-01","精神|理解","在我们家沟通里，谈到「花钱方式背后的价值」，我最希望你们明白的是？","这是我表达自己的方式","这对我的心理健康有帮助","我在学着对自己负责","我想被看见真实的自己","reason_0|reason_1|reason_2|reason_3","sensitive"
"L4-L4-01-057-152b4114","L4","L4-01","精神|理解","如果只能选一个更贴近的：谈到「被理解这件事」，我最希望你们明白的是？","这能让我从压力里喘口气","这对我的心理健康有帮助","我在学着对自己负责","想保留一点自己的节奏","reason_0|reason_1|reason_2|reason_3","sensitive"
"L4-L4-01-059-94a65972","L4","L4-01","精神|理解","在我们家沟通里，谈到「被理解这件事」，我最希望你们明白的是？","这能让我从压力里喘口气","这对我的心理健康有帮助","我在学着对自己负责","想保留一点自己的节奏","reason_0|reason_1|reason_2|reason_3","sensitive"
"L4-L4-01-058-eb6bf753","L4","L4-01","精神|理解","最近这段时间，谈到「被理解这件事」，我最希望你们明白的是？","这能让我从压力里喘口气","这对我的心理健康有帮助","我在学着对自己负责","想保留一点自己的节奏","reason_0|reason_1|reason_2|reason_3","sensitive"
"L4-L4-01-051-9967e0a4","L4","L4-01","精神|理解","在我们家沟通里，谈到「不想被定义的部分」，我最希望你们明白的是？","我希望被当成成年人看待","我想被看见真实的自己","想保留一点自己的节奏","我在认真尝试喜欢的事","reason_0|reason_1|reason_2|reason_3","sensitive"
"L4-L4-01-050-c77a83de","L4","L4-01","精神|理解","最近这段时间，谈到「不想被定义的部分」，我最希望你们明白的是？","我希望被当成成年人看待","我想被看见真实的自己","想保留一点自己的节奏","我在认真尝试喜欢的事","reason_0|reason_1|reason_2|reason_3","sensitive"
"L4-L4-01-052-00dec76c","L4","L4-01","精神|理解","谈到「花钱方式背后的价值」，我最希望你们明白的是？","这是我表达自己的方式","这对我的心理健康有帮助","我在学着对自己负责","我想被看见真实的自己","reason_0|reason_1|reason_2|reason_3","sensitive"
"L4-L4-01-054-da75b546","L4","L4-01","精神|理解","最近这段时间，谈到「花钱方式背后的价值」，我最希望你们明白的是？","这是我表达自己的方式","这对我的心理健康有帮助","我在学着对自己负责","我想被看见真实的自己","reason_0|reason_1|reason_2|reason_3","sensitive"
"L4-L4-01-053-fede394d","L4","L4-01","精神|理解","如果只能选一个更贴近的：谈到「花钱方式背后的价值」，我最希望你们明白的是？","这是我表达自己的方式","这对我的心理健康有帮助","我在学着对自己负责","我想被看见真实的自己","reason_0|reason_1|reason_2|reason_3","sensitive"
"L4-L4-17-000-47d7c9e8","L4","L4-17","精神误解","提到「花钱方式背后的价值」，我最不想被误会成「做事没长远考虑」。更真实的是？","我在认真尝试喜欢的事","这是我表达自己的方式","这对我的心理健康有帮助","我希望被当成成年人看待","reason_0|reason_1|reason_2|reason_3","sensitive"
"L4-L4-16-003-e3b31213","L4","L4-16","稳定冒险","在我们家沟通里，在稳定与冒险之间，我当前更需要你们？","做安全网，不是缰绳","帮我看风险，但决策归我","承认稳定也有多种形态","别把冒险等同于不负责任","net|risk_own|forms|reframe","sensitive"
"L4-L4-17-001-7101b9ab","L4","L4-17","精神误解","如果只能选一个更贴近的：提到「花钱方式背后的价值」，我最不想被误会成「做事没长远考虑」。更真实的是？","我在认真尝试喜欢的事","这是我表达自己的方式","这对我的心理健康有帮助","我希望被当成成年人看待","reason_0|reason_1|reason_2|reason_3","sensitive"
"L4-L4-17-003-b1059f9a","L4","L4-17","精神误解","在我们家沟通里，提到「花钱方式背后的价值」，我最不想被误会成「做事没长远考虑」。更真实的是？","我在认真尝试喜欢的事","这是我表达自己的方式","这对我的心理健康有帮助","我希望被当成成年人看待","reason_0|reason_1|reason_2|reason_3","sensitive"
"L4-L4-17-002-2bc46045","L4","L4-17","精神误解","最近这段时间，提到「花钱方式背后的价值」，我最不想被误会成「做事没长远考虑」。更真实的是？","我在认真尝试喜欢的事","这是我表达自己的方式","这对我的心理健康有帮助","我希望被当成成年人看待","reason_0|reason_1|reason_2|reason_3","sensitive"
"L4-L4-15-003-db199ab6","L4","L4-15","自我","在我们家沟通里，「想成为什么样的人」这件事，我希望家里？","当见证人，不当裁判","提供支持，不预设答案","允许版本迭代","把我的向往当认真的事","witness|support|iterate|serious","sensitive"
"L4-L4-15-002-244bad68","L4","L4-15","自我","最近这段时间，「想成为什么样的人」这件事，我希望家里？","当见证人，不当裁判","提供支持，不预设答案","允许版本迭代","把我的向往当认真的事","witness|support|iterate|serious","sensitive"
"L4-L4-16-000-406125ef","L4","L4-16","稳定冒险","在稳定与冒险之间，我当前更需要你们？","做安全网，不是缰绳","帮我看风险，但决策归我","承认稳定也有多种形态","别把冒险等同于不负责任","net|risk_own|forms|reframe","sensitive"
"L4-L4-16-002-761b90bd","L4","L4-16","稳定冒险","最近这段时间，在稳定与冒险之间，我当前更需要你们？","做安全网，不是缰绳","帮我看风险，但决策归我","承认稳定也有多种形态","别把冒险等同于不负责任","net|risk_own|forms|reframe","sensitive"
"L4-L4-16-001-3621cbc3","L4","L4-16","稳定冒险","如果只能选一个更贴近的：在稳定与冒险之间，我当前更需要你们？","做安全网，不是缰绳","帮我看风险，但决策归我","承认稳定也有多种形态","别把冒险等同于不负责任","net|risk_own|forms|reframe","sensitive"
"L4-L4-17-010-4ad8048b","L4","L4-17","精神误解","最近这段时间，提到「失败后的自我消化」，我最不想被误会成「不懂事或太自我」。更真实的是？","我想用自己的方式爱这个家","我在学着对自己负责","我需要一点点掌控感","想保留一点自己的节奏","reason_0|reason_1|reason_2|reason_3","sensitive"
"L4-L4-17-009-487fa0d9","L4","L4-17","精神误解","如果只能选一个更贴近的：提到「失败后的自我消化」，我最不想被误会成「不懂事或太自我」。更真实的是？","我想用自己的方式爱这个家","我在学着对自己负责","我需要一点点掌控感","想保留一点自己的节奏","reason_0|reason_1|reason_2|reason_3","sensitive"
"L4-L4-17-011-2dfdf726","L4","L4-17","精神误解","在我们家沟通里，提到「失败后的自我消化」，我最不想被误会成「不懂事或太自我」。更真实的是？","我想用自己的方式爱这个家","我在学着对自己负责","我需要一点点掌控感","想保留一点自己的节奏","reason_0|reason_1|reason_2|reason_3","sensitive"
"L4-L4-17-013-80982252","L4","L4-17","精神误解","如果只能选一个更贴近的：提到「花钱方式背后的价值」，我最不想被误会成「只顾自己玩」。更真实的是？","这样我会更舒服自在","我需要一点点掌控感","我想用自己的方式爱这个家","这对我的心理健康有帮助","reason_0|reason_1|reason_2|reason_3","sensitive"
"L4-L4-17-012-e2141e6f","L4","L4-17","精神误解","提到「花钱方式背后的价值」，我最不想被误会成「只顾自己玩」。更真实的是？","这样我会更舒服自在","我需要一点点掌控感","我想用自己的方式爱这个家","这对我的心理健康有帮助","reason_0|reason_1|reason_2|reason_3","sensitive"
"L4-L4-17-005-eb5cb1d3","L4","L4-17","精神误解","如果只能选一个更贴近的：提到「不想被定义的部分」，我最不想被误会成「想摆脱这个家」。更真实的是？","我希望被当成成年人看待","我在学着对自己负责","这是我表达自己的方式","这能让我从压力里喘口气","reason_0|reason_1|reason_2|reason_3","sensitive"
"L4-L4-17-004-494fdc04","L4","L4-17","精神误解","提到「不想被定义的部分」，我最不想被误会成「想摆脱这个家」。更真实的是？","我希望被当成成年人看待","我在学着对自己负责","这是我表达自己的方式","这能让我从压力里喘口气","reason_0|reason_1|reason_2|reason_3","sensitive"
"L4-L4-17-006-c20c42b4","L4","L4-17","精神误解","最近这段时间，提到「不想被定义的部分」，我最不想被误会成「想摆脱这个家」。更真实的是？","我希望被当成成年人看待","我在学着对自己负责","这是我表达自己的方式","这能让我从压力里喘口气","reason_0|reason_1|reason_2|reason_3","sensitive"
"L4-L4-17-008-3d997b7d","L4","L4-17","精神误解","提到「失败后的自我消化」，我最不想被误会成「不懂事或太自我」。更真实的是？","我想用自己的方式爱这个家","我在学着对自己负责","我需要一点点掌控感","想保留一点自己的节奏","reason_0|reason_1|reason_2|reason_3","sensitive"
"L4-L4-17-007-8fc33b5d","L4","L4-17","精神误解","在我们家沟通里，提到「不想被定义的部分」，我最不想被误会成「想摆脱这个家」。更真实的是？","我希望被当成成年人看待","我在学着对自己负责","这是我表达自己的方式","这能让我从压力里喘口气","reason_0|reason_1|reason_2|reason_3","sensitive"
"L4-L4-13-052-001926cd","L4","L4-13","冲突后精神","「对象或交友被干涉」之后，我精神上最需要的是？","被看见情绪","恢复平等对话","确认关系还在","时间与空间","feel|equal|bond|space","sensitive"
"L4-L4-13-051-9095663f","L4","L4-13","冲突后精神","在我们家沟通里，「外貌相关被评价」之后，我精神上最需要的是？","被看见情绪","恢复平等对话","确认关系还在","时间与空间","feel|equal|bond|space","sensitive"
"L4-L4-13-053-35a9752e","L4","L4-13","冲突后精神","如果只能选一个更贴近的：「对象或交友被干涉」之后，我精神上最需要的是？","被看见情绪","恢复平等对话","确认关系还在","时间与空间","feel|equal|bond|space","sensitive"
"L4-L4-13-055-dc16030d","L4","L4-13","冲突后精神","在我们家沟通里，「对象或交友被干涉」之后，我精神上最需要的是？","被看见情绪","恢复平等对话","确认关系还在","时间与空间","feel|equal|bond|space","sensitive"
"L4-L4-13-054-62d6cea2","L4","L4-13","冲突后精神","最近这段时间，「对象或交友被干涉」之后，我精神上最需要的是？","被看见情绪","恢复平等对话","确认关系还在","时间与空间","feel|equal|bond|space","sensitive"
"L4-L4-13-047-61f3a544","L4","L4-13","冲突后精神","在我们家沟通里，「电话里越说越僵」之后，我精神上最需要的是？","被看见情绪","恢复平等对话","确认关系还在","时间与空间","feel|equal|bond|space","sensitive"
"L4-L4-13-046-0897b5df","L4","L4-13","冲突后精神","最近这段时间，「电话里越说越僵」之后，我精神上最需要的是？","被看见情绪","恢复平等对话","确认关系还在","时间与空间","feel|equal|bond|space","sensitive"
"L4-L4-13-048-82cb8a90","L4","L4-13","冲突后精神","「外貌相关被评价」之后，我精神上最需要的是？","被看见情绪","恢复平等对话","确认关系还在","时间与空间","feel|equal|bond|space","sensitive"
"L4-L4-13-050-97b04bff","L4","L4-13","冲突后精神","最近这段时间，「外貌相关被评价」之后，我精神上最需要的是？","被看见情绪","恢复平等对话","确认关系还在","时间与空间","feel|equal|bond|space","sensitive"
"L4-L4-13-049-d2a48122","L4","L4-13","冲突后精神","如果只能选一个更贴近的：「外貌相关被评价」之后，我精神上最需要的是？","被看见情绪","恢复平等对话","确认关系还在","时间与空间","feel|equal|bond|space","sensitive"
"L4-L4-14-002-9aed3435","L4","L4-14","担心翻译","最近这段时间，当你们用担心表达爱时，我更容易接收的版本是？","「我关心你，也相信你」","「我有点怕，但想听你的计划」","「我不同意，但我尊重」","「我需要什么信息才会安心」","care_trust|fear_listen|disagree_respect|need_info","sensitive"
"L4-L4-14-001-0cd0715c","L4","L4-14","担心翻译","如果只能选一个更贴近的：当你们用担心表达爱时，我更容易接收的版本是？","「我关心你，也相信你」","「我有点怕，但想听你的计划」","「我不同意，但我尊重」","「我需要什么信息才会安心」","care_trust|fear_listen|disagree_respect|need_info","sensitive"
"L4-L4-14-003-45a57dd0","L4","L4-14","担心翻译","在我们家沟通里，当你们用担心表达爱时，我更容易接收的版本是？","「我关心你，也相信你」","「我有点怕，但想听你的计划」","「我不同意，但我尊重」","「我需要什么信息才会安心」","care_trust|fear_listen|disagree_respect|need_info","sensitive"
"L4-L4-15-001-79cb8ea5","L4","L4-15","自我","如果只能选一个更贴近的：「想成为什么样的人」这件事，我希望家里？","当见证人，不当裁判","提供支持，不预设答案","允许版本迭代","把我的向往当认真的事","witness|support|iterate|serious","sensitive"
"L4-L4-15-000-ec64271e","L4","L4-15","自我","「想成为什么样的人」这件事，我希望家里？","当见证人，不当裁判","提供支持，不预设答案","允许版本迭代","把我的向往当认真的事","witness|support|iterate|serious","sensitive"
"L4-L4-13-057-2a9d897a","L4","L4-13","冲突后精神","如果只能选一个更贴近的：「职业选择被否定」之后，我精神上最需要的是？","被看见情绪","恢复平等对话","确认关系还在","时间与空间","feel|equal|bond|space","sensitive"
"L4-L4-13-056-a1769c19","L4","L4-13","冲突后精神","「职业选择被否定」之后，我精神上最需要的是？","被看见情绪","恢复平等对话","确认关系还在","时间与空间","feel|equal|bond|space","sensitive"
"L4-L4-13-058-843a1bdd","L4","L4-13","冲突后精神","最近这段时间，「职业选择被否定」之后，我精神上最需要的是？","被看见情绪","恢复平等对话","确认关系还在","时间与空间","feel|equal|bond|space","sensitive"
"L4-L4-14-000-96cccf6a","L4","L4-14","担心翻译","当你们用担心表达爱时，我更容易接收的版本是？","「我关心你，也相信你」","「我有点怕，但想听你的计划」","「我不同意，但我尊重」","「我需要什么信息才会安心」","care_trust|fear_listen|disagree_respect|need_info","sensitive"
"L4-L4-13-059-3b1e1166","L4","L4-13","冲突后精神","在我们家沟通里，「职业选择被否定」之后，我精神上最需要的是？","被看见情绪","恢复平等对话","确认关系还在","时间与空间","feel|equal|bond|space","sensitive"
"L4-L4-17-040-e3b9370f","L4","L4-17","精神误解","提到「想成为什么样的人」，我最不想被误会成「在赌气」。更真实的是？","这对我的心理健康有帮助","这样我会更舒服自在","我想先自己消化","这是我表达自己的方式","reason_0|reason_1|reason_2|reason_3","sensitive"
"L4-L4-17-039-a814e338","L4","L4-17","精神误解","在我们家沟通里，提到「自我价值感来源」，我最不想被误会成「只顾自己玩」。更真实的是？","这是我表达自己的方式","我在学着对自己负责","我在认真尝试喜欢的事","我想被看见真实的自己","reason_0|reason_1|reason_2|reason_3","sensitive"
"L4-L4-17-041-24d4d30c","L4","L4-17","精神误解","如果只能选一个更贴近的：提到「想成为什么样的人」，我最不想被误会成「在赌气」。更真实的是？","这对我的心理健康有帮助","这样我会更舒服自在","我想先自己消化","这是我表达自己的方式","reason_0|reason_1|reason_2|reason_3","sensitive"
"L4-L4-17-043-2c9c56d8","L4","L4-17","精神误解","在我们家沟通里，提到「想成为什么样的人」，我最不想被误会成「在赌气」。更真实的是？","这对我的心理健康有帮助","这样我会更舒服自在","我想先自己消化","这是我表达自己的方式","reason_0|reason_1|reason_2|reason_3","sensitive"
"L4-L4-17-042-685991ec","L4","L4-17","精神误解","最近这段时间，提到「想成为什么样的人」，我最不想被误会成「在赌气」。更真实的是？","这对我的心理健康有帮助","这样我会更舒服自在","我想先自己消化","这是我表达自己的方式","reason_0|reason_1|reason_2|reason_3","sensitive"
"L4-L4-17-035-75252df8","L4","L4-17","精神误解","在我们家沟通里，提到「面对否定时的自我保护」，我最不想被误会成「不接受你们的好意」。更真实的是？","我在学着对自己负责","这是我表达自己的方式","这样我会更舒服自在","想保留一点自己的节奏","reason_0|reason_1|reason_2|reason_3","sensitive"
"L4-L4-17-034-95c5f57a","L4","L4-17","精神误解","最近这段时间，提到「面对否定时的自我保护」，我最不想被误会成「不接受你们的好意」。更真实的是？","我在学着对自己负责","这是我表达自己的方式","这样我会更舒服自在","想保留一点自己的节奏","reason_0|reason_1|reason_2|reason_3","sensitive"
"L4-L4-17-036-f771950d","L4","L4-17","精神误解","提到「自我价值感来源」，我最不想被误会成「只顾自己玩」。更真实的是？","这是我表达自己的方式","我在学着对自己负责","我在认真尝试喜欢的事","我想被看见真实的自己","reason_0|reason_1|reason_2|reason_3","sensitive"
"L4-L4-17-038-772cd1f5","L4","L4-17","精神误解","最近这段时间，提到「自我价值感来源」，我最不想被误会成「只顾自己玩」。更真实的是？","这是我表达自己的方式","我在学着对自己负责","我在认真尝试喜欢的事","我想被看见真实的自己","reason_0|reason_1|reason_2|reason_3","sensitive"
"L4-L4-17-037-0a54e7f9","L4","L4-17","精神误解","如果只能选一个更贴近的：提到「自我价值感来源」，我最不想被误会成「只顾自己玩」。更真实的是？","这是我表达自己的方式","我在学着对自己负责","我在认真尝试喜欢的事","我想被看见真实的自己","reason_0|reason_1|reason_2|reason_3","sensitive"
"L4-L4-17-050-5d4d935f","L4","L4-17","精神误解","最近这段时间，提到「被理解这件事」，我最不想被误会成「叛逆或不听话」。更真实的是？","我在学着对自己负责","我想用自己的方式爱这个家","我想先自己消化","这对我的心理健康有帮助","reason_0|reason_1|reason_2|reason_3","sensitive"
"L4-L4-17-049-0ac20593","L4","L4-17","精神误解","如果只能选一个更贴近的：提到「被理解这件事」，我最不想被误会成「叛逆或不听话」。更真实的是？","我在学着对自己负责","我想用自己的方式爱这个家","我想先自己消化","这对我的心理健康有帮助","reason_0|reason_1|reason_2|reason_3","sensitive"
"L4-L4-17-051-e835d4e7","L4","L4-17","精神误解","在我们家沟通里，提到「被理解这件事」，我最不想被误会成「叛逆或不听话」。更真实的是？","我在学着对自己负责","我想用自己的方式爱这个家","我想先自己消化","这对我的心理健康有帮助","reason_0|reason_1|reason_2|reason_3","sensitive"
"L4-L4-17-053-e0ae60b9","L4","L4-17","精神误解","如果只能选一个更贴近的：提到「对家庭责任的看法」，我最不想被误会成「故意让你们担心」。更真实的是？","这对我的心理健康有帮助","想保留一点自己的节奏","我想用自己的方式爱这个家","我在学着对自己负责","reason_0|reason_1|reason_2|reason_3","sensitive"
"L4-L4-17-052-a697c3e1","L4","L4-17","精神误解","提到「对家庭责任的看法」，我最不想被误会成「故意让你们担心」。更真实的是？","这对我的心理健康有帮助","想保留一点自己的节奏","我想用自己的方式爱这个家","我在学着对自己负责","reason_0|reason_1|reason_2|reason_3","sensitive"
"L4-L4-17-045-431607e0","L4","L4-17","精神误解","如果只能选一个更贴近的：提到「被理解这件事」，我最不想被误会成「做事没长远考虑」。更真实的是？","这能让我从压力里喘口气","我想用自己的方式爱这个家","我想先自己消化","这对我的心理健康有帮助","reason_0|reason_1|reason_2|reason_3","sensitive"
"L4-L4-17-044-fbbd1e6d","L4","L4-17","精神误解","提到「被理解这件事」，我最不想被误会成「做事没长远考虑」。更真实的是？","这能让我从压力里喘口气","我想用自己的方式爱这个家","我想先自己消化","这对我的心理健康有帮助","reason_0|reason_1|reason_2|reason_3","sensitive"
"L4-L4-17-046-402aafda","L4","L4-17","精神误解","最近这段时间，提到「被理解这件事」，我最不想被误会成「做事没长远考虑」。更真实的是？","这能让我从压力里喘口气","我想用自己的方式爱这个家","我想先自己消化","这对我的心理健康有帮助","reason_0|reason_1|reason_2|reason_3","sensitive"
"L4-L4-17-048-53412e1c","L4","L4-17","精神误解","提到「被理解这件事」，我最不想被误会成「叛逆或不听话」。更真实的是？","我在学着对自己负责","我想用自己的方式爱这个家","我想先自己消化","这对我的心理健康有帮助","reason_0|reason_1|reason_2|reason_3","sensitive"
"L4-L4-17-047-b38fe337","L4","L4-17","精神误解","在我们家沟通里，提到「被理解这件事」，我最不想被误会成「做事没长远考虑」。更真实的是？","这能让我从压力里喘口气","我想用自己的方式爱这个家","我想先自己消化","这对我的心理健康有帮助","reason_0|reason_1|reason_2|reason_3","sensitive"
"L4-L4-17-020-24bd9b0f","L4","L4-17","精神误解","提到「对家庭责任的看法」，我最不想被误会成「只顾自己玩」。更真实的是？","我想被看见真实的自己","这能让我从压力里喘口气","我希望被当成成年人看待","我想先自己消化","reason_0|reason_1|reason_2|reason_3","sensitive"
"L4-L4-17-019-fa909906","L4","L4-17","精神误解","在我们家沟通里，提到「关于未来的节奏」，我最不想被误会成「不接受你们的好意」。更真实的是？","我需要一点点掌控感","这样我会更舒服自在","我想被看见真实的自己","我想先自己消化","reason_0|reason_1|reason_2|reason_3","sensitive"
"L4-L4-17-021-2cf4c25a","L4","L4-17","精神误解","如果只能选一个更贴近的：提到「对家庭责任的看法」，我最不想被误会成「只顾自己玩」。更真实的是？","我想被看见真实的自己","这能让我从压力里喘口气","我希望被当成成年人看待","我想先自己消化","reason_0|reason_1|reason_2|reason_3","sensitive"
"L4-L4-17-023-b98b0c30","L4","L4-17","精神误解","在我们家沟通里，提到「对家庭责任的看法」，我最不想被误会成「只顾自己玩」。更真实的是？","我想被看见真实的自己","这能让我从压力里喘口气","我希望被当成成年人看待","我想先自己消化","reason_0|reason_1|reason_2|reason_3","sensitive"
"L4-L4-17-022-c15b92e0","L4","L4-17","精神误解","最近这段时间，提到「对家庭责任的看法」，我最不想被误会成「只顾自己玩」。更真实的是？","我想被看见真实的自己","这能让我从压力里喘口气","我希望被当成成年人看待","我想先自己消化","reason_0|reason_1|reason_2|reason_3","sensitive"
"L4-L4-17-015-1775a405","L4","L4-17","精神误解","在我们家沟通里，提到「花钱方式背后的价值」，我最不想被误会成「只顾自己玩」。更真实的是？","这样我会更舒服自在","我需要一点点掌控感","我想用自己的方式爱这个家","这对我的心理健康有帮助","reason_0|reason_1|reason_2|reason_3","sensitive"
"L4-L4-17-014-47cd7d99","L4","L4-17","精神误解","最近这段时间，提到「花钱方式背后的价值」，我最不想被误会成「只顾自己玩」。更真实的是？","这样我会更舒服自在","我需要一点点掌控感","我想用自己的方式爱这个家","这对我的心理健康有帮助","reason_0|reason_1|reason_2|reason_3","sensitive"
"L4-L4-17-016-e2501f48","L4","L4-17","精神误解","提到「关于未来的节奏」，我最不想被误会成「不接受你们的好意」。更真实的是？","我需要一点点掌控感","这样我会更舒服自在","我想被看见真实的自己","我想先自己消化","reason_0|reason_1|reason_2|reason_3","sensitive"
"L4-L4-17-018-6aaf2aaf","L4","L4-17","精神误解","最近这段时间，提到「关于未来的节奏」，我最不想被误会成「不接受你们的好意」。更真实的是？","我需要一点点掌控感","这样我会更舒服自在","我想被看见真实的自己","我想先自己消化","reason_0|reason_1|reason_2|reason_3","sensitive"
"L4-L4-17-017-e29c5317","L4","L4-17","精神误解","如果只能选一个更贴近的：提到「关于未来的节奏」，我最不想被误会成「不接受你们的好意」。更真实的是？","我需要一点点掌控感","这样我会更舒服自在","我想被看见真实的自己","我想先自己消化","reason_0|reason_1|reason_2|reason_3","sensitive"
"L4-L4-17-030-c53e9f19","L4","L4-17","精神误解","最近这段时间，提到「自我价值感来源」，我最不想被误会成「不接受你们的好意」。更真实的是？","想保留一点自己的节奏","我想被看见真实的自己","这对我的心理健康有帮助","我想先自己消化","reason_0|reason_1|reason_2|reason_3","sensitive"
"L4-L4-17-029-a86ffe57","L4","L4-17","精神误解","如果只能选一个更贴近的：提到「自我价值感来源」，我最不想被误会成「不接受你们的好意」。更真实的是？","想保留一点自己的节奏","我想被看见真实的自己","这对我的心理健康有帮助","我想先自己消化","reason_0|reason_1|reason_2|reason_3","sensitive"
"L4-L4-17-031-e61eab81","L4","L4-17","精神误解","在我们家沟通里，提到「自我价值感来源」，我最不想被误会成「不接受你们的好意」。更真实的是？","想保留一点自己的节奏","我想被看见真实的自己","这对我的心理健康有帮助","我想先自己消化","reason_0|reason_1|reason_2|reason_3","sensitive"
"L4-L4-17-033-c3a770ae","L4","L4-17","精神误解","如果只能选一个更贴近的：提到「面对否定时的自我保护」，我最不想被误会成「不接受你们的好意」。更真实的是？","我在学着对自己负责","这是我表达自己的方式","这样我会更舒服自在","想保留一点自己的节奏","reason_0|reason_1|reason_2|reason_3","sensitive"
"L4-L4-17-032-fed97b9c","L4","L4-17","精神误解","提到「面对否定时的自我保护」，我最不想被误会成「不接受你们的好意」。更真实的是？","我在学着对自己负责","这是我表达自己的方式","这样我会更舒服自在","想保留一点自己的节奏","reason_0|reason_1|reason_2|reason_3","sensitive"
"L4-L4-17-025-bfea7fcb","L4","L4-17","精神误解","如果只能选一个更贴近的：提到「被理解这件事」，我最不想被误会成「不把家里放在心上」。更真实的是？","我想先自己消化","想保留一点自己的节奏","我在认真尝试喜欢的事","这对我的心理健康有帮助","reason_0|reason_1|reason_2|reason_3","sensitive"
"L4-L4-17-024-75b48c36","L4","L4-17","精神误解","提到「被理解这件事」，我最不想被误会成「不把家里放在心上」。更真实的是？","我想先自己消化","想保留一点自己的节奏","我在认真尝试喜欢的事","这对我的心理健康有帮助","reason_0|reason_1|reason_2|reason_3","sensitive"
"L4-L4-17-026-4698296a","L4","L4-17","精神误解","最近这段时间，提到「被理解这件事」，我最不想被误会成「不把家里放在心上」。更真实的是？","我想先自己消化","想保留一点自己的节奏","我在认真尝试喜欢的事","这对我的心理健康有帮助","reason_0|reason_1|reason_2|reason_3","sensitive"
"L4-L4-17-028-23ba8d47","L4","L4-17","精神误解","提到「自我价值感来源」，我最不想被误会成「不接受你们的好意」。更真实的是？","想保留一点自己的节奏","我想被看见真实的自己","这对我的心理健康有帮助","我想先自己消化","reason_0|reason_1|reason_2|reason_3","sensitive"
"L4-L4-17-027-77f3c998","L4","L4-17","精神误解","在我们家沟通里，提到「被理解这件事」，我最不想被误会成「不把家里放在心上」。更真实的是？","我想先自己消化","想保留一点自己的节奏","我在认真尝试喜欢的事","这对我的心理健康有帮助","reason_0|reason_1|reason_2|reason_3","sensitive"
"L4-L4-13-045-efe6482e","L4","L4-13","冲突后精神","如果只能选一个更贴近的：「电话里越说越僵」之后，我精神上最需要的是？","被看见情绪","恢复平等对话","确认关系还在","时间与空间","feel|equal|bond|space","sensitive"
"L4-L4-10-003-280abd5a","L4","L4-10","定义","在我们家沟通里，我「不想被定义」时，最反感的是？","被贴上固定标签","用过去推断现在","用别人标准衡量我","否定我正在变化","label|past|other|change","sensitive"
"L4-L4-10-002-2f0e5b58","L4","L4-10","定义","最近这段时间，我「不想被定义」时，最反感的是？","被贴上固定标签","用过去推断现在","用别人标准衡量我","否定我正在变化","label|past|other|change","sensitive"
"L4-L4-11-000-38effbc7","L4","L4-11","未来节奏","关于人生节奏，我更认同？","允许非直线前进","稳定重要，但不要窒息","探索期也是一种负责","我的时间表可以和你们不同","nonlinear|stable_soft|explore|tempo","sensitive"
"L4-L4-11-002-f4b6ec31","L4","L4-11","未来节奏","最近这段时间，关于人生节奏，我更认同？","允许非直线前进","稳定重要，但不要窒息","探索期也是一种负责","我的时间表可以和你们不同","nonlinear|stable_soft|explore|tempo","sensitive"
"L4-L4-11-001-80fe9dfe","L4","L4-11","未来节奏","如果只能选一个更贴近的：关于人生节奏，我更认同？","允许非直线前进","稳定重要，但不要窒息","探索期也是一种负责","我的时间表可以和你们不同","nonlinear|stable_soft|explore|tempo","sensitive"
"L4-L4-09-002-4a61b23e","L4","L4-09","独处","最近这段时间，我需要独处时，希望你们如何理解？","不是冷淡你们","我在给自己充电","稍后我会回来连接","请用信任代替猜测","not_cold|charge|return|trust","normal"
"L4-L4-09-001-e4591c36","L4","L4-09","独处","如果只能选一个更贴近的：我需要独处时，希望你们如何理解？","不是冷淡你们","我在给自己充电","稍后我会回来连接","请用信任代替猜测","not_cold|charge|return|trust","normal"
"L4-L4-09-003-90623ebe","L4","L4-09","独处","在我们家沟通里，我需要独处时，希望你们如何理解？","不是冷淡你们","我在给自己充电","稍后我会回来连接","请用信任代替猜测","not_cold|charge|return|trust","normal"
"L4-L4-10-001-7b8d4238","L4","L4-10","定义","如果只能选一个更贴近的：我「不想被定义」时，最反感的是？","被贴上固定标签","用过去推断现在","用别人标准衡量我","否定我正在变化","label|past|other|change","sensitive"
"L4-L4-10-000-add16014","L4","L4-10","定义","我「不想被定义」时，最反感的是？","被贴上固定标签","用过去推断现在","用别人标准衡量我","否定我正在变化","label|past|other|change","sensitive"
"L4-L4-13-001-da2e6a0b","L4","L4-13","冲突后精神","如果只能选一个更贴近的：「回不回家起争议」之后，我精神上最需要的是？","被看见情绪","恢复平等对话","确认关系还在","时间与空间","feel|equal|bond|space","sensitive"
"L4-L4-13-000-1e74a8aa","L4","L4-13","冲突后精神","「回不回家起争议」之后，我精神上最需要的是？","被看见情绪","恢复平等对话","确认关系还在","时间与空间","feel|equal|bond|space","sensitive"
"L4-L4-13-002-e7a18ae7","L4","L4-13","冲突后精神","最近这段时间，「回不回家起争议」之后，我精神上最需要的是？","被看见情绪","恢复平等对话","确认关系还在","时间与空间","feel|equal|bond|space","sensitive"
"L4-L4-13-004-e49a07dd","L4","L4-13","冲突后精神","「被翻旧账」之后，我精神上最需要的是？","被看见情绪","恢复平等对话","确认关系还在","时间与空间","feel|equal|bond|space","sensitive"
"L4-L4-13-003-eb604773","L4","L4-13","冲突后精神","在我们家沟通里，「回不回家起争议」之后，我精神上最需要的是？","被看见情绪","恢复平等对话","确认关系还在","时间与空间","feel|equal|bond|space","sensitive"
"L4-L4-12-000-e55da74f","L4","L4-12","花钱价值","我的花钱方式背后，更核心的价值是？","体验与感受","自主与尊严","长期能力投资","生活品质的底线","experience|dignity|invest|quality","normal"
"L4-L4-11-003-66df883c","L4","L4-11","未来节奏","在我们家沟通里，关于人生节奏，我更认同？","允许非直线前进","稳定重要，但不要窒息","探索期也是一种负责","我的时间表可以和你们不同","nonlinear|stable_soft|explore|tempo","sensitive"
"L4-L4-12-001-e18d2a5a","L4","L4-12","花钱价值","如果只能选一个更贴近的：我的花钱方式背后，更核心的价值是？","体验与感受","自主与尊严","长期能力投资","生活品质的底线","experience|dignity|invest|quality","normal"
"L4-L4-12-003-3c9b015c","L4","L4-12","花钱价值","在我们家沟通里，我的花钱方式背后，更核心的价值是？","体验与感受","自主与尊严","长期能力投资","生活品质的底线","experience|dignity|invest|quality","normal"
"L4-L4-12-002-6f1527de","L4","L4-12","花钱价值","最近这段时间，我的花钱方式背后，更核心的价值是？","体验与感受","自主与尊严","长期能力投资","生活品质的底线","experience|dignity|invest|quality","normal"
"L4-L4-05-003-8f2fd81d","L4","L4-05","独立","在我们家沟通里，「想被当成成年人看待」对我意味着？","信息同步，不是请示批准","信任我的判断力","允许我承担结果","冲突时仍保留尊重","inform|trust|own|respect","sensitive"
"L4-L4-05-002-82fa727a","L4","L4-05","独立","最近这段时间，「想被当成成年人看待」对我意味着？","信息同步，不是请示批准","信任我的判断力","允许我承担结果","冲突时仍保留尊重","inform|trust|own|respect","sensitive"
"L4-L4-06-000-7cc757c3","L4","L4-06","失败","我失败或受挫时，最需要的精神支持是？","陪我就好，别急着总结教训","肯定我的努力过程","相信我还能站起来","给我独处消化的权利","company|effort|belief|space","sensitive"
"L4-L4-06-002-7062f542","L4","L4-06","失败","最近这段时间，我失败或受挫时，最需要的精神支持是？","陪我就好，别急着总结教训","肯定我的努力过程","相信我还能站起来","给我独处消化的权利","company|effort|belief|space","sensitive"
"L4-L4-06-001-03937a37","L4","L4-06","失败","如果只能选一个更贴近的：我失败或受挫时，最需要的精神支持是？","陪我就好，别急着总结教训","肯定我的努力过程","相信我还能站起来","给我独处消化的权利","company|effort|belief|space","sensitive"
"L4-L4-04-038-b5998b44","L4","L4-04","未来","最近这段时间，聊到「换城市发展」时，我更需要？","先听我怎么想","一起列风险，但不恐吓","给我探索的时间窗口","把「担心」说成「关心」","listen|risk|time|tone","sensitive"
"L4-L4-04-037-74014733","L4","L4-04","未来","如果只能选一个更贴近的：聊到「换城市发展」时，我更需要？","先听我怎么想","一起列风险，但不恐吓","给我探索的时间窗口","把「担心」说成「关心」","listen|risk|time|tone","sensitive"
"L4-L4-04-039-4b8f7a09","L4","L4-04","未来","在我们家沟通里，聊到「换城市发展」时，我更需要？","先听我怎么想","一起列风险，但不恐吓","给我探索的时间窗口","把「担心」说成「关心」","listen|risk|time|tone","sensitive"
"L4-L4-05-001-47382372","L4","L4-05","独立","如果只能选一个更贴近的：「想被当成成年人看待」对我意味着？","信息同步，不是请示批准","信任我的判断力","允许我承担结果","冲突时仍保留尊重","inform|trust|own|respect","sensitive"
"L4-L4-05-000-93d2dfa2","L4","L4-05","独立","「想被当成成年人看待」对我意味着？","信息同步，不是请示批准","信任我的判断力","允许我承担结果","冲突时仍保留尊重","inform|trust|own|respect","sensitive"
"L4-L4-08-001-5d1c109b","L4","L4-08","亲密","如果只能选一个更贴近的：亲子亲密对我来说，更像是？","稳定的看见与支持","有边界的靠近","日常轻连接，而非深度审讯","互相成长，不是单向管教","see|boundary|light|mutual","sensitive"
"L4-L4-08-000-5e892c16","L4","L4-08","亲密","亲子亲密对我来说，更像是？","稳定的看见与支持","有边界的靠近","日常轻连接，而非深度审讯","互相成长，不是单向管教","see|boundary|light|mutual","sensitive"
"L4-L4-08-002-678adb80","L4","L4-08","亲密","最近这段时间，亲子亲密对我来说，更像是？","稳定的看见与支持","有边界的靠近","日常轻连接，而非深度审讯","互相成长，不是单向管教","see|boundary|light|mutual","sensitive"
"L4-L4-09-000-1d663d03","L4","L4-09","独处","我需要独处时，希望你们如何理解？","不是冷淡你们","我在给自己充电","稍后我会回来连接","请用信任代替猜测","not_cold|charge|return|trust","normal"
"L4-L4-08-003-94c11b8e","L4","L4-08","亲密","在我们家沟通里，亲子亲密对我来说，更像是？","稳定的看见与支持","有边界的靠近","日常轻连接，而非深度审讯","互相成长，不是单向管教","see|boundary|light|mutual","sensitive"
"L4-L4-07-000-57b37b6b","L4","L4-07","价值","在「乖」和「做真实的自己」之间，我目前更倾向？","真实优先，但仍顾及你们感受","关键处坚持，小事可协调","想找到两全的表达方式","阶段性更需要做自己","true_care|pick|both|phase","sensitive"
"L4-L4-06-003-1c03ec4c","L4","L4-06","失败","在我们家沟通里，我失败或受挫时，最需要的精神支持是？","陪我就好，别急着总结教训","肯定我的努力过程","相信我还能站起来","给我独处消化的权利","company|effort|belief|space","sensitive"
"L4-L4-07-001-50b3c3e4","L4","L4-07","价值","如果只能选一个更贴近的：在「乖」和「做真实的自己」之间，我目前更倾向？","真实优先，但仍顾及你们感受","关键处坚持，小事可协调","想找到两全的表达方式","阶段性更需要做自己","true_care|pick|both|phase","sensitive"
"L4-L4-07-003-30f3c86f","L4","L4-07","价值","在我们家沟通里，在「乖」和「做真实的自己」之间，我目前更倾向？","真实优先，但仍顾及你们感受","关键处坚持，小事可协调","想找到两全的表达方式","阶段性更需要做自己","true_care|pick|both|phase","sensitive"
"L4-L4-07-002-2c48c141","L4","L4-07","价值","最近这段时间，在「乖」和「做真实的自己」之间，我目前更倾向？","真实优先，但仍顾及你们感受","关键处坚持，小事可协调","想找到两全的表达方式","阶段性更需要做自己","true_care|pick|both|phase","sensitive"
"L4-L4-13-031-579b8941","L4","L4-13","冲突后精神","在我们家沟通里，「意见不合快要吵起来」之后，我精神上最需要的是？","被看见情绪","恢复平等对话","确认关系还在","时间与空间","feel|equal|bond|space","sensitive"
"L4-L4-13-030-339a7dc6","L4","L4-13","冲突后精神","最近这段时间，「意见不合快要吵起来」之后，我精神上最需要的是？","被看见情绪","恢复平等对话","确认关系还在","时间与空间","feel|equal|bond|space","sensitive"
"L4-L4-13-032-b8b3c0ba","L4","L4-13","冲突后精神","「节日安排谈不拢」之后，我精神上最需要的是？","被看见情绪","恢复平等对话","确认关系还在","时间与空间","feel|equal|bond|space","sensitive"
"L4-L4-13-034-efc6c5e5","L4","L4-13","冲突后精神","最近这段时间，「节日安排谈不拢」之后，我精神上最需要的是？","被看见情绪","恢复平等对话","确认关系还在","时间与空间","feel|equal|bond|space","sensitive"
"L4-L4-13-033-7943255a","L4","L4-13","冲突后精神","如果只能选一个更贴近的：「节日安排谈不拢」之后，我精神上最需要的是？","被看见情绪","恢复平等对话","确认关系还在","时间与空间","feel|equal|bond|space","sensitive"
"L4-L4-13-026-ef69e005","L4","L4-13","冲突后精神","最近这段时间，「钱的问题谈不拢」之后，我精神上最需要的是？","被看见情绪","恢复平等对话","确认关系还在","时间与空间","feel|equal|bond|space","sensitive"
"L4-L4-13-025-bc50a6cd","L4","L4-13","冲突后精神","如果只能选一个更贴近的：「钱的问题谈不拢」之后，我精神上最需要的是？","被看见情绪","恢复平等对话","确认关系还在","时间与空间","feel|equal|bond|space","sensitive"
"L4-L4-13-027-0364f266","L4","L4-13","冲突后精神","在我们家沟通里，「钱的问题谈不拢」之后，我精神上最需要的是？","被看见情绪","恢复平等对话","确认关系还在","时间与空间","feel|equal|bond|space","sensitive"
"L4-L4-13-029-81338a74","L4","L4-13","冲突后精神","如果只能选一个更贴近的：「意见不合快要吵起来」之后，我精神上最需要的是？","被看见情绪","恢复平等对话","确认关系还在","时间与空间","feel|equal|bond|space","sensitive"
"L4-L4-13-028-a08c3487","L4","L4-13","冲突后精神","「意见不合快要吵起来」之后，我精神上最需要的是？","被看见情绪","恢复平等对话","确认关系还在","时间与空间","feel|equal|bond|space","sensitive"
"L4-L4-13-041-d0a84beb","L4","L4-13","冲突后精神","如果只能选一个更贴近的：「被拿来和别人比较」之后，我精神上最需要的是？","被看见情绪","恢复平等对话","确认关系还在","时间与空间","feel|equal|bond|space","sensitive"
"L4-L4-13-040-bca104f7","L4","L4-13","冲突后精神","「被拿来和别人比较」之后，我精神上最需要的是？","被看见情绪","恢复平等对话","确认关系还在","时间与空间","feel|equal|bond|space","sensitive"
"L4-L4-13-042-1c57373a","L4","L4-13","冲突后精神","最近这段时间，「被拿来和别人比较」之后，我精神上最需要的是？","被看见情绪","恢复平等对话","确认关系还在","时间与空间","feel|equal|bond|space","sensitive"
"L4-L4-13-044-42b3ee7b","L4","L4-13","冲突后精神","「电话里越说越僵」之后，我精神上最需要的是？","被看见情绪","恢复平等对话","确认关系还在","时间与空间","feel|equal|bond|space","sensitive"
"L4-L4-13-043-4532ed8a","L4","L4-13","冲突后精神","在我们家沟通里，「被拿来和别人比较」之后，我精神上最需要的是？","被看见情绪","恢复平等对话","确认关系还在","时间与空间","feel|equal|bond|space","sensitive"
"L4-L4-13-036-b6e67106","L4","L4-13","冲突后精神","「在亲戚面前被数落」之后，我精神上最需要的是？","被看见情绪","恢复平等对话","确认关系还在","时间与空间","feel|equal|bond|space","sensitive"
"L4-L4-13-035-20b5f3de","L4","L4-13","冲突后精神","在我们家沟通里，「节日安排谈不拢」之后，我精神上最需要的是？","被看见情绪","恢复平等对话","确认关系还在","时间与空间","feel|equal|bond|space","sensitive"
"L4-L4-13-037-44cc7e88","L4","L4-13","冲突后精神","如果只能选一个更贴近的：「在亲戚面前被数落」之后，我精神上最需要的是？","被看见情绪","恢复平等对话","确认关系还在","时间与空间","feel|equal|bond|space","sensitive"
"L4-L4-13-039-2b8f4732","L4","L4-13","冲突后精神","在我们家沟通里，「在亲戚面前被数落」之后，我精神上最需要的是？","被看见情绪","恢复平等对话","确认关系还在","时间与空间","feel|equal|bond|space","sensitive"
"L4-L4-13-038-eb9010e2","L4","L4-13","冲突后精神","最近这段时间，「在亲戚面前被数落」之后，我精神上最需要的是？","被看见情绪","恢复平等对话","确认关系还在","时间与空间","feel|equal|bond|space","sensitive"
"L4-L4-13-011-89a6f3ef","L4","L4-13","冲突后精神","在我们家沟通里，「决定被当面否定」之后，我精神上最需要的是？","被看见情绪","恢复平等对话","确认关系还在","时间与空间","feel|equal|bond|space","sensitive"
"L4-L4-13-010-efe052f8","L4","L4-13","冲突后精神","最近这段时间，「决定被当面否定」之后，我精神上最需要的是？","被看见情绪","恢复平等对话","确认关系还在","时间与空间","feel|equal|bond|space","sensitive"
"L4-L4-13-012-d8d2c404","L4","L4-13","冲突后精神","「计划被临时更改」之后，我精神上最需要的是？","被看见情绪","恢复平等对话","确认关系还在","时间与空间","feel|equal|bond|space","sensitive"
"L4-L4-13-014-6af3812b","L4","L4-13","冲突后精神","最近这段时间，「计划被临时更改」之后，我精神上最需要的是？","被看见情绪","恢复平等对话","确认关系还在","时间与空间","feel|equal|bond|space","sensitive"
"L4-L4-13-013-996f5334","L4","L4-13","冲突后精神","如果只能选一个更贴近的：「计划被临时更改」之后，我精神上最需要的是？","被看见情绪","恢复平等对话","确认关系还在","时间与空间","feel|equal|bond|space","sensitive"
"L4-L4-13-006-23ceffba","L4","L4-13","冲突后精神","最近这段时间，「被翻旧账」之后，我精神上最需要的是？","被看见情绪","恢复平等对话","确认关系还在","时间与空间","feel|equal|bond|space","sensitive"
"L4-L4-13-005-dba6667d","L4","L4-13","冲突后精神","如果只能选一个更贴近的：「被翻旧账」之后，我精神上最需要的是？","被看见情绪","恢复平等对话","确认关系还在","时间与空间","feel|equal|bond|space","sensitive"
"L4-L4-13-007-417a0906","L4","L4-13","冲突后精神","在我们家沟通里，「被翻旧账」之后，我精神上最需要的是？","被看见情绪","恢复平等对话","确认关系还在","时间与空间","feel|equal|bond|space","sensitive"
"L4-L4-13-009-2af2f4b4","L4","L4-13","冲突后精神","如果只能选一个更贴近的：「决定被当面否定」之后，我精神上最需要的是？","被看见情绪","恢复平等对话","确认关系还在","时间与空间","feel|equal|bond|space","sensitive"
"L4-L4-13-008-4914aac5","L4","L4-13","冲突后精神","「决定被当面否定」之后，我精神上最需要的是？","被看见情绪","恢复平等对话","确认关系还在","时间与空间","feel|equal|bond|space","sensitive"
"L4-L4-13-021-034daf31","L4","L4-13","冲突后精神","如果只能选一个更贴近的：「隐私被追问」之后，我精神上最需要的是？","被看见情绪","恢复平等对话","确认关系还在","时间与空间","feel|equal|bond|space","sensitive"
"L4-L4-13-020-93ae305e","L4","L4-13","冲突后精神","「隐私被追问」之后，我精神上最需要的是？","被看见情绪","恢复平等对话","确认关系还在","时间与空间","feel|equal|bond|space","sensitive"
"L4-L4-13-022-842e9df8","L4","L4-13","冲突后精神","最近这段时间，「隐私被追问」之后，我精神上最需要的是？","被看见情绪","恢复平等对话","确认关系还在","时间与空间","feel|equal|bond|space","sensitive"
"L4-L4-13-024-c19bc283","L4","L4-13","冲突后精神","「钱的问题谈不拢」之后，我精神上最需要的是？","被看见情绪","恢复平等对话","确认关系还在","时间与空间","feel|equal|bond|space","sensitive"
"L4-L4-13-023-798faefc","L4","L4-13","冲突后精神","在我们家沟通里，「隐私被追问」之后，我精神上最需要的是？","被看见情绪","恢复平等对话","确认关系还在","时间与空间","feel|equal|bond|space","sensitive"
"L4-L4-13-016-88d4934a","L4","L4-13","冲突后精神","「被反复叮嘱同一件事」之后，我精神上最需要的是？","被看见情绪","恢复平等对话","确认关系还在","时间与空间","feel|equal|bond|space","sensitive"
"L4-L4-13-015-82ca117f","L4","L4-13","冲突后精神","在我们家沟通里，「计划被临时更改」之后，我精神上最需要的是？","被看见情绪","恢复平等对话","确认关系还在","时间与空间","feel|equal|bond|space","sensitive"
"L4-L4-13-017-c9c63afe","L4","L4-13","冲突后精神","如果只能选一个更贴近的：「被反复叮嘱同一件事」之后，我精神上最需要的是？","被看见情绪","恢复平等对话","确认关系还在","时间与空间","feel|equal|bond|space","sensitive"
"L4-L4-13-019-476e1b0f","L4","L4-13","冲突后精神","在我们家沟通里，「被反复叮嘱同一件事」之后，我精神上最需要的是？","被看见情绪","恢复平等对话","确认关系还在","时间与空间","feel|equal|bond|space","sensitive"
"L4-L4-13-018-c36944f5","L4","L4-13","冲突后精神","最近这段时间，「被反复叮嘱同一件事」之后，我精神上最需要的是？","被看见情绪","恢复平等对话","确认关系还在","时间与空间","feel|equal|bond|space","sensitive"
